stage,flight_id,unit_id,timestamp,original_x,original_y,original_z,reference_x,reference_y,reference_z,marker_x,marker_y,marker_z,target_x,target_y,target_z,nominal_heading_deg,roll_deg,pitch_deg,yaw_deg,absolute_x,absolute_y,absolute_z,centered_x,centered_y,centered_z,run_reference_roll_deg,run_reference_pitch_deg,run_reference_yaw_deg
E1_fixed_1p2,E1_fixed_1p2|QR_hover_Light_1p2_0p1_NoWind_test10,E1_fixed_1p2|QR_hover_Light_1p2_0p1_NoWind_test10,1736767633.25,1.0094508121126438,0.0031056032934032,1.2024357033889392,1.0061477422714231,0.0017628109781071,1.206523895263672,1.25,0.0,1.2,1.0,0.0,1.2,0.0,0.9044463634490968,0.45096728205680836,2.429042100906372,1.0095639564262942,-0.00712981790114983,1.2043776550116396,1.009524133799357,-0.005816258218748692,1.2041253038027309,0.1444325149059295,0.062363717705011305,0.3107174038887024
E1_fixed_1p2,E1_fixed_1p2|QR_hover_Light_1p2_0p1_NoWind_test10,E1_fixed_1p2|QR_hover_Light_1p2_0p1_NoWind_test10,1736767633.38,1.0032861719411847,0.0073581727954142,1.203540047185972,1.001862645149231,0.0067646270617842,1.2042953968048096,1.25,0.0,1.2,1.0,0.0,1.2,0.0,1.0513018369674685,-0.0391322895884513,1.918375015258789,1.003177892314439,-0.0009711056733974399,1.2035059531983756,1.0031726450440828,0.0003806222616062662,1.20324030377593,0.1444325149059295,0.062363717705011305,0.3107174038887024
E1_fixed_1p2,E1_fixed_1p2|QR_hover_Light_1p2_0p1_NoWind_test10,E1_fixed_1p2|QR_hover_Light_1p2_0p1_NoWind_test10,1736767633.46,1.0032547438268014,0.0096955828595526,1.1997304984611912,1.0053688287734983,0.0112203210592269,1.2017042636871338,1.25,0.0,1.2,1.0,0.0,1.2,0.0,0.8107592463493347,-0.0111277578398585,1.5926507711410522,1.0030805423262383,0.0028367852388327427,1.1998197955399639,1.0030999607062374,0.004178471774790678,1.199542427700701,0.1444325149059295,0.062363717705011305,0.3107174038887024
E1_fixed_1p2,E1_fixed_1p2|QR_hover_Light_1p2_0p1_NoWind_test10,E1_fixed_1p2|QR_hover_Light_1p2_0p1_NoWind_test10,1736767633.64,1.000505156168141,0.0100760381887147,1.1984154463776415,1.002709984779358,0.0112472539767622,1.2008994817733765,1.25,0.0,1.2,1.0,0.0,1.2,0.0,0.6647548079490662,-0.0745913609862327,0.8533979654312134,1.0003846157536056,0.006376666262564144,1.1982076469803657,1.000425033286919,0.007728962661954831,1.197923083829141,0.1444325149059295,0.062363717705011305,0.3107174038887024
E1_fixed_1p2,E1_fixed_1p2|QR_hover_Light_1p2_0p1_NoWind_test10,E1_fixed_1p2|QR_hover_Light_1p2_0p1_NoWind_test10,1736767633.72,0.9957768613790076,0.0100323298589762,1.1982800504666151,1.0014753341674805,0.013127552345395,1.2007145881652832,1.25,0.0,1.2,1.0,0.0,1.2,0.0,0.2371446937322616,0.14121720194816592,0.751096785068512,0.9956637373560959,0.006705911861243434,1.1989481779878162,0.9957051392691594,0.008081264147812605,1.198648314104288,0.1444325149059295,0.062363717705011305,0.3107174038887024
E1_fixed_1p2,E1_fixed_1p2|QR_hover_Light_1p2_0p1_NoWind_test10,E1_fixed_1p2|QR_hover_Light_1p2_0p1_NoWind_test10,1736767633.89,0.9914232166641376,0.0097066338160263,1.1985432348725134,0.9988287687301636,0.0125281577929854,1.200757622718811,1.25,0.0,1.2,1.0,0.0,1.2,0.0,0.23954397439956662,0.1877204030752182,0.5819827914237976,0.9913346494551099,0.007085652752000819,1.1994310205945924,0.9913776219712559,0.008485148917404196,1.1991272940910587,0.1444325149059295,0.062363717705011305,0.3107174038887024
E1_fixed_1p2,E1_fixed_1p2|QR_hover_Light_1p2_0p1_NoWind_test10,E1_fixed_1p2|QR_hover_Light_1p2_0p1_NoWind_test10,1736767634.03,0.9912115625438448,0.0097660743992577,1.198743590435428,0.9966164231300354,0.0152027821168303,1.201120138168335,1.25,0.0,1.2,1.0,0.0,1.2,0.0,0.1682855784893036,-0.4691674411296844,0.4741562306880951,0.9911583033498038,0.007627941084293732,1.1966532515441874,0.9912075020711866,0.009028657421797856,1.1963480832308078,0.1444325149059295,0.062363717705011305,0.3107174038887024
E1_fixed_1p2,E1_fixed_1p2|QR_hover_Light_1p2_0p1_NoWind_test10,E1_fixed_1p2|QR_hover_Light_1p2_0p1_NoWind_test10,1736767634.15,0.9929399518153914,0.0098523728734657,1.1969004268166838,0.9949604272842408,0.0148754101246595,1.2002098560333252,1.25,0.0,1.2,1.0,0.0,1.2,0.0,0.6540539264678955,0.0453290864825248,0.47795429825782776,0.992864137115071,0.0077424117567791205,1.1972164669139125,0.99291305451725,0.009131635887065958,1.1969241804010404,0.1444325149059295,0.062363717705011305,0.3107174038887024
E1_fixed_1p2,E1_fixed_1p2|QR_hover_Light_1p2_0p1_NoWind_test10,E1_fixed_1p2|QR_hover_Light_1p2_0p1_NoWind_test10,1736767634.29,0.990731647913712,0.0110905264303245,1.1987966942383237,0.994690239429474,0.0138027677312493,1.2049942016601562,1.25,0.0,1.2,1.0,0.0,1.2,0.0,0.4851335287094116,-0.030103867873549395,1.1299586296081543,0.9905637837064991,0.005985341989649308,1.1987544192615596,0.9906016488302039,0.007391036198028644,1.198452709106931,0.1444325149059295,0.062363717705011305,0.3107174038887024
E1_fixed_1p2,E1_fixed_1p2|QR_hover_Light_1p2_0p1_NoWind_test10,E1_fixed_1p2|QR_hover_Light_1p2_0p1_NoWind_test10,1736767634.41,0.9957219757289666,0.0134445200935238,1.2004574685014886,0.9942484498023988,0.0156566146761178,1.2064470052719116,1.25,0.0,1.2,1.0,0.0,1.2,0.0,0.3324017822742462,-0.2504279613494873,1.8432773351669312,0.9954212805101865,0.005255654297133466,1.1994240607747688,0.9954544591627559,0.0066384002839528266,1.199118350012632,0.1444325149059295,0.062363717705011305,0.3107174038887024
E1_fixed_1p2,E1_fixed_1p2|QR_hover_Light_1p2_0p1_NoWind_test10,E1_fixed_1p2|QR_hover_Light_1p2_0p1_NoWind_test10,1736767634.54,0.9937397089494406,0.0159412307641362,1.2019187986732518,0.9940596222877502,0.0149131147190928,1.207140564918518,1.25,0.0,1.2,1.0,0.0,1.2,0.0,-0.038341104984283406,-0.391136109828949,2.2743351459503174,0.9933018572769478,0.005760184858635057,1.2001587100221942,0.9933369797279528,0.007156010094607529,1.199835865001134,0.1444325149059295,0.062363717705011305,0.3107174038887024
E1_fixed_1p2,E1_fixed_1p2|QR_hover_Light_1p2_0p1_NoWind_test10,E1_fixed_1p2|QR_hover_Light_1p2_0p1_NoWind_test10,1736767634.7,0.9932770134947176,0.0175398865109097,1.2024005179974724,0.9954648613929749,0.0161898620426654,1.206663966178894,1.25,0.0,1.2,1.0,0.0,1.2,0.0,0.097347468137741,-0.6012327671051025,2.0143425464630127,0.9928079152759187,0.008500819303509842,1.199736310574313,0.9928585564603594,0.009901260099632422,1.1994126598494896,0.1444325149059295,0.062363717705011305,0.3107174038887024
E1_fixed_1p2,E1_fixed_1p2|QR_hover_Light_1p2_0p1_NoWind_test10,E1_fixed_1p2|QR_hover_Light_1p2_0p1_NoWind_test10,1736767634.82,0.989922596118032,0.0175520306565887,1.201510811063223,0.9985795617103576,0.0167217012494802,1.2047191858291626,1.25,0.0,1.2,1.0,0.0,1.2,0.0,0.46374735236167913,0.057642437517642905,1.7827235460281372,0.9895046363192185,0.009439948478563933,1.2019144748006498,0.9895577417848069,0.010858098453906066,1.2015950466948992,0.1444325149059295,0.062363717705011305,0.3107174038887024
E1_fixed_1p2,E1_fixed_1p2|QR_hover_Light_1p2_0p1_NoWind_test10,E1_fixed_1p2|QR_hover_Light_1p2_0p1_NoWind_test10,1736767634.94,0.9951043100904986,0.0162464837166287,1.2029061993663874,1.0017287731170654,0.0170272681862115,1.203936219215393,1.25,0.0,1.2,1.0,0.0,1.2,0.0,0.6567223966121674,0.4293561279773712,1.2598459720611572,0.9948397985239714,0.01060454213874102,1.2050022226152683,0.9948957133491285,0.011998340658916898,1.2046957125268831,0.1444325149059295,0.062363717705011305,0.3107174038887024
E1_fixed_1p2,E1_fixed_1p2|QR_hover_Light_1p2_0p1_NoWind_test10,E1_fixed_1p2|QR_hover_Light_1p2_0p1_NoWind_test10,1736767635.07,0.9951097737921336,0.0140901473949209,1.2035463215903155,0.997637152671814,0.0120102753862738,1.207504153251648,1.25,0.0,1.2,1.0,0.0,1.2,0.0,1.083534121513367,0.729103684425354,0.034063808619976,0.9951706295182774,0.013869066443001869,1.2070552818950335,0.9952425530137184,0.015265101026270064,1.2067643153696104,0.1444325149059295,0.062363717705011305,0.3107174038887024
E1_fixed_1p2,E1_fixed_1p2|QR_hover_Light_1p2_0p1_NoWind_test10,E1_fixed_1p2|QR_hover_Light_1p2_0p1_NoWind_test10,1736767635.23,0.9936935036881624,0.0065304282357121,1.2065114383249185,0.9944358468055724,0.0029029287397861,1.2065154314041138,1.25,0.0,1.2,1.0,0.0,1.2,0.0,0.8186677694320679,0.2624697089195251,-1.007844090461731,0.9938793098080495,0.010943400677510623,1.2077781367216949,0.993935070505245,0.012352309222396007,1.2074991808466995,0.1444325149059295,0.062363717705011305,0.3107174038887024
E1_fixed_1p2,E1_fixed_1p2|QR_hover_Light_1p2_0p1_NoWind_test10,E1_fixed_1p2|QR_hover_Light_1p2_0p1_NoWind_test10,1736767635.33,0.9878503337618184,-0.0019452010487192,1.206202792796938,0.9920893907546996,-0.005949199,1.205952525138855,1.25,0.0,1.2,1.0,0.0,1.2,0.0,-0.5558195859193802,-0.17676965519785875,-1.9324307441711426,0.9879179229493212,0.006956658034156878,1.205412555051872,0.9879539070087411,0.008390025423613128,1.2051145455124823,0.1444325149059295,0.062363717705011305,0.3107174038887024
E1_fixed_1p2,E1_fixed_1p2|QR_hover_Light_1p2_0p1_NoWind_test10,E1_fixed_1p2|QR_hover_Light_1p2_0p1_NoWind_test10,1736767635.42,0.9865074282504616,-0.0146000206739215,1.203274868827948,0.9906657934188844,-0.012132798,1.2051033973693848,1.25,0.0,1.2,1.0,0.0,1.2,0.0,-1.8082830309867859,-0.7033960223197937,-2.3029264211654663,0.9861120519855928,-0.003888787713882828,1.2004989584820165,0.9860944586884336,-0.002458933766646433,1.2001991142516482,0.1444325149059295,0.062363717705011305,0.3107174038887024
E1_fixed_1p2,E1_fixed_1p2|QR_hover_Light_1p2_0p1_NoWind_test10,E1_fixed_1p2|QR_hover_Light_1p2_0p1_NoWind_test10,1736767635.6,0.9920649940737684,-0.0229823372321747,1.197285971707558,0.9916439652442932,-0.014132196,1.200013518333435,1.25,0.0,1.2,1.0,0.0,1.2,0.0,-1.796982765197754,0.46162065863609314,-1.7709527015686035,0.9914679934297697,-0.015073659515660686,1.2000861624454113,0.9913909122677104,-0.013686758449169337,1.1998171289587085,0.1444325149059295,0.062363717705011305,0.3107174038887024
E1_fixed_1p2,E1_fixed_1p2|QR_hover_Light_1p2_0p1_NoWind_test10,E1_fixed_1p2|QR_hover_Light_1p2_0p1_NoWind_test10,1736767635.75,0.9879925660178126,-0.0234754652138742,1.1979506753321596,0.9925417304039,-0.007720994,1.1960195302963257,1.25,0.0,1.2,1.0,0.0,1.2,0.0,-2.028825044631958,0.947270333766937,-0.9500090479850767,0.9876540848758227,-0.019186235400182706,1.203114779183036,0.987551743620205,-0.01777796428588691,1.2028371410940377,0.1444325149059295,0.062363717705011305,0.3107174038887024
E1_fixed_1p2,E1_fixed_1p2|QR_hover_Light_1p2_0p1_NoWind_test10,E1_fixed_1p2|QR_hover_Light_1p2_0p1_NoWind_test10,1736767635.85,0.9981503122482238,-0.015202720421062,1.1980123298411594,0.9916791915893556,-0.000134163,1.1951804161071775,1.25,0.0,1.2,1.0,0.0,1.2,0.0,-0.855773687362671,-0.5636158585548401,-1.6347805261611938,0.9978478010919931,-0.008040477441065935,1.1957623037030554,0.9978126624899886,-0.0066822979528149236,1.1955019498435582,0.1444325149059295,0.062363717705011305,0.3107174038887024
E1_fixed_1p2,E1_fixed_1p2|QR_hover_Light_1p2_0p1_NoWind_test10,E1_fixed_1p2|QR_hover_Light_1p2_0p1_NoWind_test10,1736767635.94,0.9832895401911116,-0.0085152133364348,1.191415543675914,0.9923312664031982,0.0098309367895126,1.1956841945648191,1.25,0.0,1.2,1.0,0.0,1.2,0.0,0.0965859964489936,-1.838869690895081,-2.9919676780700684,0.9836221118221102,0.005410494100070454,1.1828472053736256,0.9836724328255502,0.00683441665035508,1.1825761992664605,0.1444325149059295,0.062363717705011305,0.3107174038887024
E1_fixed_1p2,E1_fixed_1p2|QR_hover_Light_1p2_0p1_NoWind_test10,E1_fixed_1p2|QR_hover_Light_1p2_0p1_NoWind_test10,1736767636.11,0.9847923867176872,-0.0021457439379157,1.1904221473825654,0.9948220252990724,0.030688289552927,1.1958613395690918,1.25,0.0,1.2,1.0,0.0,1.2,0.0,3.4930167198181152,0.0736335515975952,-4.559951305389404,0.9854957730000917,0.019532278017802045,1.1906500462393963,0.9856119010842339,0.02095578977343309,1.1904498352167157,0.1444325149059295,0.062363717705011305,0.3107174038887024
E1_fixed_1p2,E1_fixed_1p2|QR_hover_Light_1p2_0p1_NoWind_test10,E1_fixed_1p2|QR_hover_Light_1p2_0p1_NoWind_test10,1736767636.26,1.001667152457061,0.0057643771832661,1.1942968480956997,0.9974225759506226,0.0382595919072628,1.194934964179993,1.25,0.0,1.2,1.0,0.0,1.2,0.0,2.567981719970703,0.22858120501041412,-3.524489641189575,1.0024868787479855,0.021270255975196207,1.1955516100020143,1.002609726884549,0.022608356184764773,1.1953232326095449,0.1444325149059295,0.062363717705011305,0.3107174038887024
E1_fixed_1p2,E1_fixed_1p2|QR_hover_Light_1p2_0p1_NoWind_test10,E1_fixed_1p2|QR_hover_Light_1p2_0p1_NoWind_test10,1736767636.38,0.9903003596152752,0.0141985512590946,1.1943265699812944,0.997385025024414,0.0390682704746723,1.1980267763137815,1.25,0.0,1.2,1.0,0.0,1.2,0.0,0.9885462463077571,0.6208292050517497,-2.871478341132147,0.9912990087285358,0.0272884083668939,1.1973866179090755,0.9914528734620579,0.028680877722804792,1.197087871223221,0.1444325149059295,0.062363717705011305,0.3107174038887024
E1_fixed_1p2,E1_fixed_1p2|QR_hover_Light_1p2_0p1_NoWind_test10,E1_fixed_1p2|QR_hover_Light_1p2_0p1_NoWind_test10,1736767636.5,0.9852027866242736,0.0172136014085608,1.198132822021191,0.9961887001991272,0.0368858613073825,1.2030231952667236,1.25,0.0,1.2,1.0,0.0,1.2,0.0,1.4604846239089966,0.0085577806457877,-3.211666822433472,0.9865852149510168,0.03206372263877083,1.1986117108553018,0.9867650289554712,0.03349422586679451,1.1983131415656307,0.1444325149059295,0.062363717705011305,0.3107174038887024
E1_fixed_1p2,E1_fixed_1p2|QR_hover_Light_1p2_0p1_NoWind_test10,E1_fixed_1p2|QR_hover_Light_1p2_0p1_NoWind_test10,1736767636.65,0.9982545868826532,0.0125729318035831,1.2016269468013283,0.9799408316612244,0.0245068464428186,1.208155870437622,1.25,0.0,1.2,1.0,0.0,1.2,0.0,1.1213005781173706,-0.8860119581222534,-1.776358723640442,0.9987653863543116,0.020336315572660177,1.1979796607002013,0.9988825671658653,0.021707529131775493,1.1976985436257679,0.1444325149059295,0.062363717705011305,0.3107174038887024
E1_fixed_1p2,E1_fixed_1p2|QR_hover_Light_1p2_0p1_NoWind_test10,E1_fixed_1p2|QR_hover_Light_1p2_0p1_NoWind_test10,1736767636.77,0.9775790653636608,0.0131455912860849,1.1983888200761603,0.9848994612693788,0.0175669565796852,1.2074342966079712,1.25,0.0,1.2,1.0,0.0,1.2,0.0,0.2620653957128525,-1.1388338208198547,-1.0540964007377625,0.9779517552465884,0.018160608843338616,1.193034878883216,0.9780625383961861,0.019632623309338525,1.1927099260900738,0.1444325149059295,0.062363717705011305,0.3107174038887024
E1_fixed_1p2,E1_fixed_1p2|QR_hover_Light_1p2_0p1_NoWind_test10,E1_fixed_1p2|QR_hover_Light_1p2_0p1_NoWind_test10,1736767636.91,0.9812195609739977,0.0108515472870695,1.1987451631990145,0.9915836453437804,0.008692879229784,1.2101558446884155,1.25,0.0,1.2,1.0,0.0,1.2,0.0,0.1404546052217483,-0.3857964873313904,-1.184689998626709,0.9815157961805744,0.016409081139212467,1.1969619985933067,0.9816123280914284,0.01786168569731028,1.1966424937113023,0.1444325149059295,0.062363717705011305,0.3107174038887024
E1_fixed_1p2,E1_fixed_1p2|QR_hover_Light_1p2_0p1_NoWind_test10,E1_fixed_1p2|QR_hover_Light_1p2_0p1_NoWind_test10,1736767637.03,0.989611592133132,0.0041027813588351,1.2043433331621232,0.99717777967453,0.0002771065337583,1.211663007736206,1.25,0.0,1.2,1.0,0.0,1.2,0.0,-0.7045748233795166,0.4271322786808014,-0.709197461605072,0.9897222111072845,0.0073780377711524505,1.2062335765852752,0.9897589248370959,0.008796175290218223,1.2059186491362022,0.1444325149059295,0.062363717705011305,0.3107174038887024
E1_fixed_1p2,E1_fixed_1p2|QR_hover_Light_1p2_0p1_NoWind_test10,E1_fixed_1p2|QR_hover_Light_1p2_0p1_NoWind_test10,1736767637.18,0.9882741866078006,-0.0009098198903838,1.208513245300599,1.003162145614624,-0.004637993,1.2125475406646729,1.25,0.0,1.2,1.0,0.0,1.2,0.0,-0.5836537480354309,0.7159159183502197,0.35993748903274536,0.9884114312940904,-0.002466414394752242,1.2117916087119787,0.9883884487636816,-0.0010294234009301836,1.211490912095138,0.1444325149059295,0.062363717705011305,0.3107174038887024
E1_fixed_1p2,E1_fixed_1p2|QR_hover_Light_1p2_0p1_NoWind_test10,E1_fixed_1p2|QR_hover_Light_1p2_0p1_NoWind_test10,1736767637.3,0.9956191928468918,-0.0037117742275975,1.210382424501317,1.0053441524505615,-0.009111413,1.211545467376709,1.25,0.0,1.2,1.0,0.0,1.2,0.0,0.2077920734882354,1.142311453819275,0.22854644060134882,0.9958934373788213,-0.004763041009103198,1.215438112821963,0.995854994029961,-0.0033571622156870493,1.215172753759796,0.1444325149059295,0.062363717705011305,0.3107174038887024
E1_fixed_1p2,E1_fixed_1p2|QR_hover_Light_1p2_0p1_NoWind_test10,E1_fixed_1p2|QR_hover_Light_1p2_0p1_NoWind_test10,1736767637.38,0.9960891701036674,-0.0082353863077925,1.212099570561871,1.005628228187561,-0.012890526,1.2097163200378418,1.25,0.0,1.2,1.0,0.0,1.2,0.0,0.354925662279129,0.9087567329406739,-0.2014841735363006,0.9962845403344709,-0.007418021583557237,1.2160738675047345,0.9962315820039802,-0.006009338980955874,1.215824304309318,0.1444325149059295,0.062363717705011305,0.3107174038887024
E1_fixed_1p2,E1_fixed_1p2|QR_hover_Light_1p2_0p1_NoWind_test10,E1_fixed_1p2|QR_hover_Light_1p2_0p1_NoWind_test10,1736767637.57,0.9984732526321898,-0.0160568657482101,1.2087232839042676,1.0033527612686155,-0.023980986,1.2072254419326782,1.25,0.0,1.2,1.0,0.0,1.2,0.0,-0.6851723790168762,0.0898518860340118,-0.0798534601926803,0.9984655547189587,-0.01560085287137184,1.2093091077985672,0.9983743607297833,-0.014218040324294624,1.2090558407865957,0.1444325149059295,0.062363717705011305,0.3107174038887024
E1_fixed_1p2,E1_fixed_1p2|QR_hover_Light_1p2_0p1_NoWind_test10,E1_fixed_1p2|QR_hover_Light_1p2_0p1_NoWind_test10,1736767637.68,1.0017581305477608,-0.0216667344703469,1.204091154931439,1.0016006231307983,-0.030185316,1.20522141456604,1.25,0.0,1.2,1.0,0.0,1.2,0.0,-1.035221815109253,-0.48958730697631836,0.836564838886261,1.002070568964288,-0.025211812321905596,1.2023605986904378,1.001934771995834,-0.023861596983746926,1.2021160163162201,0.1444325149059295,0.062363717705011305,0.3107174038887024
E1_fixed_1p2,E1_fixed_1p2|QR_hover_Light_1p2_0p1_NoWind_test10,E1_fixed_1p2|QR_hover_Light_1p2_0p1_NoWind_test10,1736767637.83,0.990687252677296,-0.0267072674108909,1.1990540710941475,1.0000008344650269,-0.037855238,1.1993380784988403,1.25,0.0,1.2,1.0,0.0,1.2,0.0,-1.9498280286788938,-0.9846482276916503,2.7476305961608887,0.9923053065052828,-0.03912202920610101,1.1955071597445441,0.9921033303023812,-0.03773473386957082,1.1952385446793792,0.1444325149059295,0.062363717705011305,0.3107174038887024
E1_fixed_1p2,E1_fixed_1p2|QR_hover_Light_1p2_0p1_NoWind_test10,E1_fixed_1p2|QR_hover_Light_1p2_0p1_NoWind_test10,1736767637.96,0.9924471575661916,-0.0241641177418546,1.1952223213243691,1.0008708238601685,-0.038175322,1.19416081905365,1.25,0.0,1.2,1.0,0.0,1.2,0.0,-2.8870232105255127,-0.4407147467136383,4.236422061920166,0.9949862951170241,-0.043330889886871726,1.194464501018499,0.994765665181428,-0.04197207767287842,1.1941710660454206,0.1444325149059295,0.062363717705011305,0.3107174038887024
E1_fixed_1p2,E1_fixed_1p2|QR_hover_Light_1p2_0p1_NoWind_test10,E1_fixed_1p2|QR_hover_Light_1p2_0p1_NoWind_test10,1736767638.04,0.9942751767505208,-0.0170502305387543,1.1940320910627706,1.001974105834961,-0.034382395,1.1909945011138916,1.25,0.0,1.2,1.0,0.0,1.2,0.0,-1.8097285032272334,0.4094187617301941,4.893343448638916,0.9966448656608795,-0.03898377198946761,1.196400979304797,0.9964448261173071,-0.03763278702262711,1.196119450720316,0.1444325149059295,0.062363717705011305,0.3107174038887024
E1_fixed_1p2,E1_fixed_1p2|QR_hover_Light_1p2_0p1_NoWind_test10,E1_fixed_1p2|QR_hover_Light_1p2_0p1_NoWind_test10,1736767638.22,1.0019559742137247,-0.0041422048334963,1.1984168334923349,1.008535623550415,-0.010055518,1.2033628225326538,1.25,0.0,1.2,1.0,0.0,1.2,0.0,-0.1460955142974853,0.9568368792533877,4.103797435760498,1.0028969725235888,-0.02188591319172287,1.2025697511732294,1.0027797501207754,-0.020551009438053172,1.2023037070271214,0.1444325149059295,0.062363717705011305,0.3107174038887024
E1_fixed_1p2,E1_fixed_1p2|QR_hover_Light_1p2_0p1_NoWind_test10,E1_fixed_1p2|QR_hover_Light_1p2_0p1_NoWind_test10,1736767638.36,1.002753264196612,0.0068239966632769,1.2040197211662682,1.0092335939407349,0.0079472977668046,1.2090725898742676,1.25,0.0,1.2,1.0,0.0,1.2,0.0,2.2266242504119877,0.0247584898024797,3.3774449825286865,1.0027920573139535,-0.00791493896776985,1.2043886522092966,1.0027481603404407,-0.006554776580312729,1.2041516434205208,0.1444325149059295,0.062363717705011305,0.3107174038887024
E1_fixed_1p2,E1_fixed_1p2|QR_hover_Light_1p2_0p1_NoWind_test10,E1_fixed_1p2|QR_hover_Light_1p2_0p1_NoWind_test10,1736767638.45,1.0100970528675708,0.0176860231638009,1.203552406768996,1.010120153427124,0.0138262566179037,1.207945466041565,1.25,0.0,1.2,1.0,0.0,1.2,0.0,2.34801721572876,0.062363717705011305,2.5926597118377694,1.009554640987313,0.006655900607633454,1.204535126061029,1.009590246190802,0.007979395842844964,1.204280019557438,0.1444325149059295,0.062363717705011305,0.3107174038887024
E1_fixed_1p2,E1_fixed_1p2|QR_hover_Light_1p2_0p1_NoWind_test10,E1_fixed_1p2|QR_hover_Light_1p2_0p1_NoWind_test10,1736767638.61,1.01272352443408,0.0217847571881599,1.2020938078116743,1.0135648250579834,0.0191980917006731,1.2017583847045898,1.25,0.0,1.2,1.0,0.0,1.2,0.0,2.144582271575928,0.9736338257789612,-0.2806472182273865,1.0129162812947905,0.022852702942996433,1.2069390076374247,1.0130375793906086,0.02415404410805999,1.2066692507860877,0.1444325149059295,0.062363717705011305,0.3107174038887024
E1_fixed_1p2,E1_fixed_1p2|QR_hover_Light_1p2_0p1_NoWind_test10,E1_fixed_1p2|QR_hover_Light_1p2_0p1_NoWind_test10,1736767638.69,1.0091365644404149,0.0154699976845228,1.20136765996402,1.0124620199203491,0.015711273998022,1.1970200538635254,1.25,0.0,1.2,1.0,0.0,1.2,0.0,1.6936899423599243,1.622581958770752,-1.9107830524444582,1.0099328937250067,0.023440473597090974,1.2086437604084044,1.010055303716934,0.02475425899124223,1.2083758760213121,0.1444325149059295,0.062363717705011305,0.3107174038887024
E1_fixed_1p2,E1_fixed_1p2|QR_hover_Light_1p2_0p1_NoWind_test10,E1_fixed_1p2|QR_hover_Light_1p2_0p1_NoWind_test10,1736767638.82,1.0060674483441776,0.0046425297855339,1.2011668037263656,1.007624268531799,0.0132928285747766,1.197441816329956,1.25,0.0,1.2,1.0,0.0,1.2,0.0,0.1764386445283889,1.0392122268676758,-4.359202861785889,1.0071870797209608,0.023161901662267118,1.2056050270310088,1.0073104138486275,0.02448223905922585,1.2053281343252893,0.1444325149059295,0.062363717705011305,0.3107174038887024
E1_fixed_1p2,E1_fixed_1p2|QR_hover_Light_1p2_0p1_NoWind_test10,E1_fixed_1p2|QR_hover_Light_1p2_0p1_NoWind_test10,1736767638.97,0.9945587741601384,-0.0116207854397265,1.1993631725752358,0.995635986328125,0.0088267177343368,1.1984577178955078,1.25,0.0,1.2,1.0,0.0,1.2,0.0,-0.0370500013232231,0.11591102182865139,-8.250030517578125,0.9955339516435665,0.025153242913119725,1.1998874531603347,0.9956740807401616,0.026530382173632957,1.1996343822549966,0.1444325149059295,0.062363717705011305,0.3107174038887024
E1_fixed_1p2,E1_fixed_1p2|QR_hover_Light_1p2_0p1_NoWind_test10,E1_fixed_1p2|QR_hover_Light_1p2_0p1_NoWind_test10,1736767639.14,0.9916966572731888,-0.027936012423109,1.196378506726529,0.982119619846344,0.0029079772066324,1.193616509437561,1.25,0.0,1.2,1.0,0.0,1.2,0.0,0.326297402381897,-1.322946310043335,-9.206986427307127,0.9907121323373551,0.013748653716388603,1.190256844893771,0.9907979459883766,0.015145558302037294,1.1900471045743743,0.1444325149059295,0.062363717705011305,0.3107174038887024
E1_fixed_1p2,E1_fixed_1p2|QR_hover_Light_1p2_0p1_NoWind_test10,E1_fixed_1p2|QR_hover_Light_1p2_0p1_NoWind_test10,1736767639.29,0.9826938080605064,-0.0335047853882328,1.1895827550629336,0.973988711833954,0.000245475268457,1.1925783157348633,1.25,0.0,1.2,1.0,0.0,1.2,0.0,0.0647817701101303,-2.0380005836486816,-7.861272335052491,0.9811607180113575,0.0033086020740985566,1.1800454642416771,0.981198158748301,0.004740379777869509,1.179830993469143,0.1444325149059295,0.062363717705011305,0.3107174038887024
E1_fixed_1p2,E1_fixed_1p2|QR_hover_Light_1p2_0p1_NoWind_test10,E1_fixed_1p2|QR_hover_Light_1p2_0p1_NoWind_test10,1736767639.34,0.9822003495101336,-0.0327728426232934,1.1845207112818472,0.9729578495025636,-0.001702356,1.191383957862854,1.25,0.0,1.2,1.0,0.0,1.2,0.0,1.1436909437179565,-1.0425716638565063,-7.075167655944824,0.9805769741651831,0.00073344192817904,1.1789996283776856,0.9805992837368576,0.002158616625710771,1.1788123893160487,0.1444325149059295,0.062363717705011305,0.3107174038887024
E1_fixed_1p2,E1_fixed_1p2|QR_hover_Light_1p2_0p1_NoWind_test10,E1_fixed_1p2|QR_hover_Light_1p2_0p1_NoWind_test10,1736767639.52,0.9788020730404452,-0.0296841736204711,1.183661873350397,0.9737786650657654,-0.014320894,1.1834529638290403,1.25,0.0,1.2,1.0,0.0,1.2,0.0,-1.4229696989059448,-1.2921243906021118,-1.5642277002334597,0.978502495137969,-0.022677982360429297,1.1782925334766974,0.978408240755913,-0.021251578983097538,1.1780298649404275,0.1444325149059295,0.062363717705011305,0.3107174038887024
E1_fixed_1p2,E1_fixed_1p2|QR_hover_Light_1p2_0p1_NoWind_test10,E1_fixed_1p2|QR_hover_Light_1p2_0p1_NoWind_test10,1736767639.62,0.9649209016671172,-0.0218471325954901,1.1765117458620191,0.9782360792160034,-0.019018661,1.182708740234375,1.25,0.0,1.2,1.0,0.0,1.2,0.0,-0.6170353293418884,-0.3723173141479492,0.7420326471328735,0.9653880981788225,-0.025786856270720387,1.1748963951435187,0.9652821324909566,-0.024304599452122322,1.1746206785362665,0.1444325149059295,0.062363717705011305,0.3107174038887024
E1_fixed_1p2,E1_fixed_1p2|QR_hover_Light_1p2_0p1_NoWind_test10,E1_fixed_1p2|QR_hover_Light_1p2_0p1_NoWind_test10,1736767639.79,0.9696917947408747,-0.0167328345981015,1.1794336355912785,0.9861652255058287,-0.028855056,1.1886165142059326,1.25,0.0,1.2,1.0,0.0,1.2,0.0,-1.818477749824524,-0.4590092301368713,3.7360527515411377,0.9715888517608227,-0.035594018417018196,1.1777300331535179,0.9714323826711171,-0.03414253735116431,1.1774163166599192,0.1444325149059295,0.062363717705011305,0.3107174038887024
E1_fixed_1p2,E1_fixed_1p2|QR_hover_Light_1p2_0p1_NoWind_test10,E1_fixed_1p2|QR_hover_Light_1p2_0p1_NoWind_test10,1736767639.89,0.9792214307435834,-0.0106196198460758,1.1849983841986005,0.9940821528434752,-0.028284173,1.19304358959198,1.25,0.0,1.2,1.0,0.0,1.2,0.0,-1.528763771057129,0.1077317744493484,5.469483852386475,0.9814771977624939,-0.036777918539020835,1.1857962062344503,0.9813040995718985,-0.035365682315051175,1.1854865586988257,0.1444325149059295,0.062363717705011305,0.3107174038887024
E1_fixed_1p2,E1_fixed_1p2|QR_hover_Light_1p2_0p1_NoWind_test10,E1_fixed_1p2|QR_hover_Light_1p2_0p1_NoWind_test10,1736767640.01,0.9817674200783496,-0.0053077144404983,1.193435147713558,1.0008597373962402,-0.030175004,1.1986000537872314,1.25,0.0,1.2,1.0,0.0,1.2,0.0,-1.700987458229065,0.5742846131324768,6.765584945678711,0.9842328768722188,-0.037067730909657114,1.1962844059504227,0.9840439530309377,-0.035651703663678126,1.1959598074282893,0.1444325149059295,0.062363717705011305,0.3107174038887024
E1_fixed_1p2,E1_fixed_1p2|QR_hover_Light_1p2_0p1_NoWind_test10,E1_fixed_1p2|QR_hover_Light_1p2_0p1_NoWind_test10,1736767640.19,0.9943708193275568,0.000804843763227,1.199238792567476,1.006176233291626,-0.025899289,1.201027274131775,1.25,0.0,1.2,1.0,0.0,1.2,0.0,-1.777217149734497,1.1864978075027466,6.575205326080322,0.9960011142710694,-0.028491271001337037,1.204507632049446,0.9958460860385479,-0.02712586552339595,1.2041809878240168,0.1444325149059295,0.062363717705011305,0.3107174038887024
E1_fixed_1p2,E1_fixed_1p2|QR_hover_Light_1p2_0p1_NoWind_test10,E1_fixed_1p2|QR_hover_Light_1p2_0p1_NoWind_test10,1736767640.34,1.0033918511314044,0.0023746192578906,1.2024703502336604,1.0073407888412476,-0.015979443,1.203554630279541,1.25,0.0,1.2,1.0,0.0,1.2,0.0,-0.5128965377807617,0.7010746598243713,4.578204154968262,1.0040356729164792,-0.017291340803713477,1.205466248334361,1.0039390698207715,-0.015954462635198275,1.2051763207635566,0.1444325149059295,0.062363717705011305,0.3107174038887024
E1_fixed_1p2,E1_fixed_1p2|QR_hover_Light_1p2_0p1_NoWind_test10,E1_fixed_1p2|QR_hover_Light_1p2_0p1_NoWind_test10,1736767640.4,0.9995679016199372,0.0016059708281758,1.202268694025858,1.0069018602371216,-0.012140883,1.2040367126464844,1.25,0.0,1.2,1.0,0.0,1.2,0.0,-0.2748962342739105,0.4949504435062408,3.8432085514068604,1.0000515115275013,-0.015170414120382641,1.2044242128853127,0.9999678168833205,-0.013811230759622001,1.2041375505721434,0.1444325149059295,0.062363717705011305,0.3107174038887024
E1_fixed_1p2,E1_fixed_1p2|QR_hover_Light_1p2_0p1_NoWind_test10,E1_fixed_1p2|QR_hover_Light_1p2_0p1_NoWind_test10,1736767640.58,1.0023944392808584,0.0016971144680671,1.2019943808378903,1.0054206848144531,-0.0050141,1.2065635919570925,1.25,0.0,1.2,1.0,0.0,1.2,0.0,0.3233181834220887,0.0487801991403102,1.7829363346099854,1.0024636558686217,-0.006018700481549141,1.2022147302477135,1.0024322816717397,-0.00467039908994718,1.2019451646625947,0.1444325149059295,0.062363717705011305,0.3107174038887024
E1_fixed_1p2,E1_fixed_1p2|QR_hover_Light_1p2_0p1_NoWind_test10,E1_fixed_1p2|QR_hover_Light_1p2_0p1_NoWind_test10,1736767640.71,1.0017910168073478,0.0017339282303339,1.2024186247452653,1.00556218624115,0.0001485812244936,1.208572506904602,1.25,0.0,1.2,1.0,0.0,1.2,0.0,1.4328925609588623,-0.29797396063804626,1.0195691585540771,1.0017911049376005,-0.0027441329408099072,1.2011703574678398,1.0017787762870414,-0.0013861884672874381,1.2009263748005687,0.1444325149059295,0.062363717705011305,0.3107174038887024
E1_fixed_1p2,E1_fixed_1p2|QR_hover_Light_1p2_0p1_NoWind_test10,E1_fixed_1p2|QR_hover_Light_1p2_0p1_NoWind_test10,1736767640.84,1.0015735251936302,0.0019353616219297,1.202545620933024,1.0064876079559326,-0.000359777,1.2101713418960571,1.25,0.0,1.2,1.0,0.0,1.2,0.0,1.3297100067138672,0.0115792248398065,1.4391518831253054,1.0016053063979473,-0.0043641158381499245,1.2026400527562369,1.0015826455268615,-0.0030052368438127594,1.2023928525532894,0.1444325149059295,0.062363717705011305,0.3107174038887024
E1_fixed_1p2,E1_fixed_1p2|QR_hover_Light_1p2_0p1_NoWind_test10,E1_fixed_1p2|QR_hover_Light_1p2_0p1_NoWind_test10,1736767640.93,1.0022764431478743,0.0028932025625646,1.2046594094493748,1.0072174072265625,-0.003059563,1.21028733253479,1.25,0.0,1.2,1.0,0.0,1.2,0.0,0.953109622001648,0.0252155922353267,1.63969624042511,1.00229941563079,-0.004274205194579991,1.2048159121731765,1.0022748204553573,-0.002915458792804729,1.204558163726244,0.1444325149059295,0.062363717705011305,0.3107174038887024
E1_fixed_1p2,E1_fixed_1p2|QR_hover_Light_1p2_0p1_NoWind_test10,E1_fixed_1p2|QR_hover_Light_1p2_0p1_NoWind_test10,1736767641.06,1.0003199718176423,2.8120028747880844e-05,1.2064297371456956,1.0082495212554932,-0.008776928,1.2101433277130127,1.25,0.0,1.2,1.0,0.0,1.2,0.0,0.0027031435165554,0.0011214513797312,1.6825507879257202,1.0004269308286986,-0.007303254295218555,1.2064346254559057,1.000383687650232,-0.005934383902761323,1.2061594220702343,0.1444325149059295,0.062363717705011305,0.3107174038887024
E1_fixed_1p2,E1_fixed_1p2|QR_hover_Light_1p2_0p1_NoWind_test10,E1_fixed_1p2|QR_hover_Light_1p2_0p1_NoWind_test10,1736767641.19,1.0058784757038757,-0.0062371875704486,1.2049418775546308,1.008821725845337,-0.014561341,1.209646701812744,1.25,0.0,1.2,1.0,0.0,1.2,0.0,-0.5525531768798828,-0.1473130732774734,1.6283075809478762,1.0061408744579934,-0.013123918649346943,1.2043741212134922,1.006068218795466,-0.011792181350173007,1.2041077809830985,0.1444325149059295,0.062363717705011305,0.3107174038887024
E1_fixed_1p2,E1_fixed_1p2|QR_hover_Light_1p2_0p1_NoWind_test10,E1_fixed_1p2|QR_hover_Light_1p2_0p1_NoWind_test10,1736767641.35,1.00159118794539,-0.0126297433644496,1.200830790488261,1.0101449489593506,-0.020336295,1.2088152170181274,1.25,0.0,1.2,1.0,0.0,1.2,0.0,-0.7500410676002502,0.2597824037075043,0.4238657355308532,1.001698398345784,-0.01445506337856541,1.202122332523992,1.0016216744432531,-0.013110118922107268,1.2018629847408617,0.1444325149059295,0.062363717705011305,0.3107174038887024
E1_fixed_1p2,E1_fixed_1p2|QR_hover_Light_1p2_0p1_NoWind_test10,E1_fixed_1p2|QR_hover_Light_1p2_0p1_NoWind_test10,1736767641.44,1.010762088881759,-0.0210593019910602,1.1994978199322903,1.0168042182922363,-0.022226959,1.1972399950027466,1.25,0.0,1.2,1.0,0.0,1.2,0.0,-0.3119632303714753,0.4237208962440491,-0.603398323059082,1.0105572285811326,-0.018541158214920393,1.2013817267066127,1.0104592631450109,-0.017245380453219397,1.2011647924205795,0.1444325149059295,0.062363717705011305,0.3107174038887024
E1_fixed_1p2,E1_fixed_1p2|QR_hover_Light_1p2_0p1_NoWind_test10,E1_fixed_1p2|QR_hover_Light_1p2_0p1_NoWind_test10,1736767641.65,1.0096631502176674,-0.031304070815576,1.1977224261645931,1.0160164833068848,-0.034292486,1.1876426935195925,1.25,0.0,1.2,1.0,0.0,1.2,0.0,-1.409819483757019,1.4707833528518677,-2.231159448623657,1.0086653098950535,-0.02197182988287706,1.204662574293802,1.0085466093667421,-0.020673692324249593,1.2044488372507292,0.1444325149059295,0.062363717705011305,0.3107174038887024
E1_fixed_1p2,E1_fixed_1p2|QR_hover_Light_1p2_0p1_NoWind_test10,E1_fixed_1p2|QR_hover_Light_1p2_0p1_NoWind_test10,1736767641.74,1.0185186926971443,-0.0367005685755689,1.1910161732761269,1.012088656425476,-0.036780432,1.1863110065460205,1.25,0.0,1.2,1.0,0.0,1.2,0.0,-1.483360767364502,0.7864701747894287,-2.9705309867858887,1.0168281013225435,-0.02487073959520462,1.1951473217548274,1.0167036335001618,-0.02363455874690622,1.1949552484872041,0.1444325149059295,0.062363717705011305,0.3107174038887024
E1_fixed_1p2,E1_fixed_1p2|QR_hover_Light_1p2_0p1_NoWind_test10,E1_fixed_1p2|QR_hover_Light_1p2_0p1_NoWind_test10,1736767641.84,1.0146916426544397,-0.0433444273185376,1.186696110096216,1.007888674736023,-0.036243007,1.187496542930603,1.25,0.0,1.2,1.0,0.0,1.2,0.0,-1.3981744050979614,1.0540950298309326,-3.8522722721099862,1.012105323523319,-0.02773604744333956,1.1920885855192587,1.0119687756537277,-0.02648541585962328,1.1919120530561005,0.1444325149059295,0.062363717705011305,0.3107174038887024
E1_fixed_1p2,E1_fixed_1p2|QR_hover_Light_1p2_0p1_NoWind_test10,E1_fixed_1p2|QR_hover_Light_1p2_0p1_NoWind_test10,1736767642.03,1.0150193923355864,-0.044884896844386,1.189430070383699,1.0016313791275024,-0.023567183,1.1884995698928833,1.25,0.0,1.2,1.0,0.0,1.2,0.0,-1.816978096961975,-0.9440653920173644,-2.2771499156951904,1.013591477333881,-0.03583247425923908,1.1869881763597154,1.013415802034139,-0.034581953163309066,1.186798896128624,0.1444325149059295,0.062363717705011305,0.3107174038887024
E1_fixed_1p2,E1_fixed_1p2|QR_hover_Light_1p2_0p1_NoWind_test10,E1_fixed_1p2|QR_hover_Light_1p2_0p1_NoWind_test10,1736767642.11,1.000920455082158,-0.0359098487705905,1.18532216362151,0.9975769519805908,-0.016464153,1.1890584230422974,1.25,0.0,1.2,1.0,0.0,1.2,0.0,-1.372856616973877,-1.5833429098129272,-1.6406341791152954,1.0004612508855133,-0.0291187048812878,1.1793096753922647,1.0003298653831887,-0.027805478018565817,1.1790893546598364,0.1444325149059295,0.062363717705011305,0.3107174038887024
E1_fixed_1p2,E1_fixed_1p2|QR_hover_Light_1p2_0p1_NoWind_test10,E1_fixed_1p2|QR_hover_Light_1p2_0p1_NoWind_test10,1736767642.28,0.9949535866370208,-0.0204698622757764,1.1807072691106149,1.001850724220276,0.0057390644215047,1.1915972232818604,1.25,0.0,1.2,1.0,0.0,1.2,0.0,0.9791120290756226,-0.0728740841150283,-1.3200725317001345,0.9945825429225336,-0.014256786542815295,1.180035923421497,0.9945275424519545,-0.012917287837486573,1.1798291099511022,0.1444325149059295,0.062363717705011305,0.3107174038887024
E1_fixed_1p2,E1_fixed_1p2|QR_hover_Light_1p2_0p1_NoWind_test10,E1_fixed_1p2|QR_hover_Light_1p2_0p1_NoWind_test10,1736767642.41,0.9974992939187836,-0.0035012841521822,1.1904090403243646,1.010079264640808,0.0227584671229124,1.195261001586914,1.25,0.0,1.2,1.0,0.0,1.2,0.0,2.0688838958740234,0.2300331592559814,-0.639449417591095,0.9974428823749879,-0.000334174878978249,1.1913027168711785,0.9974524146718171,0.0010191571568946888,1.1910820106907132,0.1444325149059295,0.062363717705011305,0.3107174038887024
E1_fixed_1p2,E1_fixed_1p2|QR_hover_Light_1p2_0p1_NoWind_test10,E1_fixed_1p2|QR_hover_Light_1p2_0p1_NoWind_test10,1736767642.5,1.0017040723998023,0.0141275761107046,1.193972741408283,1.0130423307418823,0.0301509276032447,1.1952950954437256,1.25,0.0,1.2,1.0,0.0,1.2,0.0,2.579691648483277,1.295467495918274,-0.8883322477340698,1.00189864798163,0.018233220045996167,1.200229628284356,1.0020007806242264,0.019574745305313442,1.1999787637848573,0.1444325149059295,0.062363717705011305,0.3107174038887024
E1_fixed_1p2,E1_fixed_1p2|QR_hover_Light_1p2_0p1_NoWind_test10,E1_fixed_1p2|QR_hover_Light_1p2_0p1_NoWind_test10,1736767642.68,1.0079111198853172,0.02450240248988,1.1969241830439703,1.0109257102012634,0.0410879813134669,1.195466160774231,1.25,0.0,1.2,1.0,0.0,1.2,0.0,1.9142103195190432,1.7568703889846802,-0.9439028501510621,1.00839371761166,0.028575441721151583,1.2051674649327393,1.0085464842924652,0.029887337464860834,1.204878633480501,0.1444325149059295,0.062363717705011305,0.3107174038887024
E1_fixed_1p2,E1_fixed_1p2|QR_hover_Light_1p2_0p1_NoWind_test10,E1_fixed_1p2|QR_hover_Light_1p2_0p1_NoWind_test10,1736767642.84,1.0073717136736011,0.0311510289998585,1.198134993282234,1.007348656654358,0.0457126982510089,1.1947026252746582,1.25,0.0,1.2,1.0,0.0,1.2,0.0,1.408590316772461,-0.5294479727745056,0.24655039608478538,1.0072602681708687,0.030143206384279073,1.1966593587608805,1.0074321579091607,0.03146191038988154,1.19634755403804,0.1444325149059295,0.062363717705011305,0.3107174038887024
E1_fixed_1p2,E1_fixed_1p2|QR_hover_Light_1p2_0p1_NoWind_test10,E1_fixed_1p2|QR_hover_Light_1p2_0p1_NoWind_test10,1736767642.94,1.005520178199636,0.0358719489784203,1.1912182711091457,1.0045467615127563,0.0454850196838378,1.1943131685256958,1.25,0.0,1.2,1.0,0.0,1.2,0.0,0.3643368482589721,-0.6228094100952148,1.2318226099014282,1.0049117221445383,0.03066531683933154,1.1887895961558899,1.0050952657672578,0.031974190243273075,1.1884405423121336,0.1444325149059295,0.062363717705011305,0.3107174038887024
E1_fixed_1p2,E1_fixed_1p2|QR_hover_Light_1p2_0p1_NoWind_test10,E1_fixed_1p2|QR_hover_Light_1p2_0p1_NoWind_test10,1736767643.07,1.0000909021447468,0.0432555900451038,1.1895490669039674,1.0070515871047974,0.0486582331359386,1.1948165893554688,1.25,0.0,1.2,1.0,0.0,1.2,0.0,0.23740746080875394,-0.056556858122348695,1.2578723430633545,0.9992108835731416,0.037802246556873205,1.1894817063815775,0.9994317954590516,0.03913645108137855,1.1891032879530268,0.1444325149059295,0.062363717705011305,0.3107174038887024
E1_fixed_1p2,E1_fixed_1p2|QR_hover_Light_1p2_0p1_NoWind_test10,E1_fixed_1p2|QR_hover_Light_1p2_0p1_NoWind_test10,1736767643.19,1.002999019615464,0.0444485283833643,1.191772114518467,1.004999756813049,0.0533374920487403,1.194965958595276,1.25,0.0,1.2,1.0,0.0,1.2,0.0,1.0500192642211914,0.6015090346336365,1.0778170824050903,1.002139744513862,0.039936571190669595,1.1951814817895037,1.0023647817845458,0.0412651274026177,1.1948190690319107,0.1444325149059295,0.062363717705011305,0.3107174038887024
E1_fixed_1p2,E1_fixed_1p2|QR_hover_Light_1p2_0p1_NoWind_test10,E1_fixed_1p2|QR_hover_Light_1p2_0p1_NoWind_test10,1736767643.31,1.0002078446241511,0.0466021907603631,1.194125756327472,1.0007888078689575,0.0545080117881298,1.194283127784729,1.25,0.0,1.2,1.0,0.0,1.2,0.0,2.344812393188477,0.351472795009613,1.032301664352417,0.9993855652583642,0.04229527824898232,1.1975697023488345,0.999622007482545,0.04365299162361687,1.1972307049742936,0.1444325149059295,0.062363717705011305,0.3107174038887024
E1_fixed_1p2,E1_fixed_1p2|QR_hover_Light_1p2_0p1_NoWind_test10,E1_fixed_1p2|QR_hover_Light_1p2_0p1_NoWind_test10,1736767643.41,1.0006425598725883,0.0467172145180196,1.19161747722572,0.9980679154396056,0.0503933131694793,1.196035623550415,1.25,0.0,1.2,1.0,0.0,1.2,0.0,2.367633581161499,-0.3034017384052276,1.0108932256698608,0.9998893766984351,0.042617682118950936,1.1922342386213303,1.0001336786264183,0.043966887673221045,1.1918986421604758,0.1444325149059295,0.062363717705011305,0.3107174038887024
E1_fixed_1p2,E1_fixed_1p2|QR_hover_Light_1p2_0p1_NoWind_test10,E1_fixed_1p2|QR_hover_Light_1p2_0p1_NoWind_test10,1736767643.58,0.9931784105542796,0.0439197517291166,1.1896710574466904,0.9943789839744568,0.0404218174517154,1.1959354877471924,1.25,0.0,1.2,1.0,0.0,1.2,0.0,0.9647095203399658,-0.8645088672637941,0.7136098742485046,0.9928231260382089,0.04088758698129728,1.1865381583083576,0.9930649312379289,0.04226235232777518,1.1861716064708956,0.1444325149059295,0.062363717705011305,0.3107174038887024
E1_fixed_1p2,E1_fixed_1p2|QR_hover_Light_1p2_0p1_NoWind_test10,E1_fixed_1p2|QR_hover_Light_1p2_0p1_NoWind_test10,1736767643.72,0.986244905403774,0.034172211364131,1.1896041357978469,0.9937883615493774,0.0250867381691932,1.1970525979995728,1.25,0.0,1.2,1.0,0.0,1.2,0.0,-0.1341694742441177,-0.7583026885986328,0.5042853951454163,0.9861163115389859,0.03182647982429366,1.1860343960498327,0.9863096410133948,0.03323015306237037,1.1856572160144792,0.1444325149059295,0.062363717705011305,0.3107174038887024
E1_fixed_1p2,E1_fixed_1p2|QR_hover_Light_1p2_0p1_NoWind_test10,E1_fixed_1p2|QR_hover_Light_1p2_0p1_NoWind_test10,1736767643.82,0.9820639567387048,0.0231058354637076,1.1921568068932529,0.9960436522960664,0.0166870541870593,1.1995809078216553,1.25,0.0,1.2,1.0,0.0,1.2,0.0,-0.9327604770660402,-0.6313600540161133,0.5741313695907593,0.9819540103666062,0.020290207544847907,1.1888297937196386,0.9820817933281084,0.021717714675123262,1.1884546982667497,0.1444325149059295,0.062363717705011305,0.3107174038887024
E1_fixed_1p2,E1_fixed_1p2|QR_hover_Light_1p2_0p1_NoWind_test10,E1_fixed_1p2|QR_hover_Light_1p2_0p1_NoWind_test10,1736767643.98,0.994537133536976,0.0113209568944302,1.196340441192522,1.0010215044021606,0.0042608939111232,1.2021698951721191,1.25,0.0,1.2,1.0,0.0,1.2,0.0,-1.176305055618286,0.0114009333774447,0.3107174038887024,0.9944791474458903,0.009857895688058371,1.196159638063932,0.9945409419952983,0.011226843376421873,1.1958214538021597,0.1444325149059295,0.062363717705011305,0.3107174038887024
E1_fixed_1p2,E1_fixed_1p2|QR_hover_Light_1p2_0p1_NoWind_test10,E1_fixed_1p2|QR_hover_Light_1p2_0p1_NoWind_test10,1736767644.12,0.9958083782325744,0.0022579795964587,1.2000318174157056,1.0055932998657229,-0.001987918,1.2039737701416016,1.25,0.0,1.2,1.0,0.0,1.2,0.0,-1.0251952409744265,0.6993809938430787,0.1270765364170074,0.9958228269932131,0.0016944514982899664,1.2030941262672699,0.9958320913341838,0.003066963942065039,1.2027835225135337,0.1444325149059295,0.062363717705011305,0.3107174038887024
E1_fixed_1p2,E1_fixed_1p2|QR_hover_Light_1p2_0p1_NoWind_test10,E1_fixed_1p2|QR_hover_Light_1p2_0p1_NoWind_test10,1736767644.25,0.9999683879330296,-0.0045097316423457,1.2042167557262808,1.008489191532135,-0.0051254709999999,1.2061766982078552,1.25,0.0,1.2,1.0,0.0,1.2,0.0,-0.8286550045013429,0.8055418133735658,-0.0341424159705638,1.0000506861544167,-0.00429933278741054,1.2077962803216888,1.000022286732312,-0.002937334770310186,1.2075127009160331,0.1444325149059295,0.062363717705011305,0.3107174038887024
E1_fixed_1p2,E1_fixed_1p2|QR_hover_Light_1p2_0p1_NoWind_test10,E1_fixed_1p2|QR_hover_Light_1p2_0p1_NoWind_test10,1736767644.39,1.000870906875888,-0.0083847977799716,1.2060877511573127,1.0070196390151978,-0.007180492,1.2052226066589355,1.25,0.0,1.2,1.0,0.0,1.2,0.0,-0.4159263372421264,0.853605329990387,-0.3900679349899292,1.000939141997462,-0.006644952823019597,1.2098592191286242,1.0008962239569636,-0.005280666303352264,1.2095965573671068,0.1444325149059295,0.062363717705011305,0.3107174038887024
E1_fixed_1p2,E1_fixed_1p2|QR_hover_Light_1p2_0p1_NoWind_test10,E1_fixed_1p2|QR_hover_Light_1p2_0p1_NoWind_test10,1736767644.52,1.0026676184215688,-0.0100204208704051,1.2063645410866726,1.0046677589416504,-0.00655991,1.2050939798355105,1.25,0.0,1.2,1.0,0.0,1.2,0.0,-0.3554986119270324,0.5143449902534485,-0.8168507218360901,1.0026181155183942,-0.006454656239002925,1.2086466084731744,1.0025776635113453,-0.005098675668656751,1.208391311449557,0.1444325149059295,0.062363717705011305,0.3107174038887024
E1_fixed_1p2,E1_fixed_1p2|QR_hover_Light_1p2_0p1_NoWind_test10,E1_fixed_1p2|QR_hover_Light_1p2_0p1_NoWind_test10,1736767644.59,1.0015502760871988,-0.0107964828110611,1.203743026037652,1.0091336965560913,-0.00520512,1.202812910079956,1.25,0.0,1.2,1.0,0.0,1.2,0.0,-0.2765853404998779,-0.2594483494758606,-1.187579393386841,1.0013656210225848,-0.00562637864916195,1.2026700283081964,1.0013360426578797,-0.004270391905974497,1.2024165407674445,0.1444325149059295,0.062363717705011305,0.3107174038887024
E1_fixed_1p2,E1_fixed_1p2|QR_hover_Light_1p2_0p1_NoWind_test10,E1_fixed_1p2|QR_hover_Light_1p2_0p1_NoWind_test10,1736767644.77,1.0032767341582427,-0.0104088991275145,1.1995883198735149,1.008594274520874,0.0011717815650627,1.201141357421875,1.25,0.0,1.2,1.0,0.0,1.2,0.0,0.529467761516571,0.2896385192871094,-1.461028814315796,1.0030922418596337,-0.004110579706832442,1.2007393739027081,1.0030729867205002,-0.0027709885003352895,1.200506265535535,0.1444325149059295,0.062363717705011305,0.3107174038887024
E1_fixed_1p2,E1_fixed_1p2|QR_hover_Light_1p2_0p1_NoWind_test10,E1_fixed_1p2|QR_hover_Light_1p2_0p1_NoWind_test10,1736767644.89,1.0010972609412263,-0.008534096483734,1.200401746750699,1.0078368186950684,0.0007119920919649,1.1993865966796875,1.25,0.0,1.2,1.0,0.0,1.2,0.0,1.36153244972229,0.6316055059432983,-2.068734645843506,1.000968464750804,0.0004486960908573373,1.2029425902623079,1.0009720998236955,0.00180535728177365,1.2027223763646846,0.1444325149059295,0.062363717705011305,0.3107174038887024
E1_fixed_1p2,E1_fixed_1p2|QR_hover_Light_1p2_0p1_NoWind_test10,E1_fixed_1p2|QR_hover_Light_1p2_0p1_NoWind_test10,1736767644.98,1.0020795208999054,-0.008235930510337,1.2017868855522869,1.00653874874115,8.890018216334283e-05,1.1985836029052734,1.25,0.0,1.2,1.0,0.0,1.2,0.0,-0.1391966938972473,0.1645043641328811,-2.607843160629273,1.0019679487838888,0.003056993687017103,1.2025186956335376,1.0019857693006282,0.004405405437320024,1.2022630161511088,0.1444325149059295,0.062363717705011305,0.3107174038887024
E1_fixed_1p2,E1_fixed_1p2|QR_hover_Light_1p2_0p1_NoWind_test10,E1_fixed_1p2|QR_hover_Light_1p2_0p1_NoWind_test10,1736767645.11,1.001036779753712,-0.0111983584093589,1.1982690784457644,1.0048333406448364,0.0042923903092741,1.2017228603363037,1.25,0.0,1.2,1.0,0.0,1.2,0.0,-0.8455262780189514,-0.3295082151889801,-2.698716878890991,1.0007975934188322,0.0005113516633159541,1.1970027630184066,1.000807310576717,0.0018538839946220043,1.1967364117878088,0.1444325149059295,0.062363717705011305,0.3107174038887024
E1_fixed_1p2,E1_fixed_1p2|QR_hover_Light_1p2_0p1_NoWind_test10,E1_fixed_1p2|QR_hover_Light_1p2_0p1_NoWind_test10,1736767645.29,0.9984812211929244,-0.0098846162027304,1.1985780343718908,1.004176378250122,0.0078484686091542,1.2046865224838257,1.25,0.0,1.2,1.0,0.0,1.2,0.0,0.3113267421722412,-0.1452221423387527,-2.398728609085083,0.9982927802254733,0.0006586572243011097,1.1978868506052736,0.9983022063327516,0.0020206950127458594,1.1976417864748636,0.1444325149059295,0.062363717705011305,0.3107174038887024
E1_fixed_1p2,E1_fixed_1p2|QR_hover_Light_1p2_0p1_NoWind_test10,E1_fixed_1p2|QR_hover_Light_1p2_0p1_NoWind_test10,1736767645.38,0.9965786998276778,-0.0051258198561128,1.2026978982873042,1.0041171907732016,0.0091985611517081,1.2043482064419218,1.25,0.0,1.2,1.0,0.0,1.2,0.0,1.1942381858825684,0.0949177294969558,-2.183849573135376,0.9965699707651566,0.0044795572626301705,1.2030103013393092,0.9965955453745228,0.00586534230702244,1.2027727605345753,0.1444325149059295,0.062363717705011305,0.3107174038887024
E1_fixed_1p2,E1_fixed_1p2|QR_hover_Light_1p2_0p1_NoWind_test10,E1_fixed_1p2|QR_hover_Light_1p2_0p1_NoWind_test10,1736767645.53,1.0010476538501696,-0.0011647700844331,1.2044914165090723,1.0078274011611938,0.0081478990614414,1.206552505493164,1.25,0.0,1.2,1.0,0.0,1.2,0.0,1.1634732484817505,0.0455908216536045,-1.481903314590454,1.0011020749540713,0.005182806207049512,1.2046649322357272,1.0011298118539156,0.0065485049602729195,1.2044211650082757,0.1444325149059295,0.062363717705011305,0.3107174038887024
E1_fixed_1p2,E1_fixed_1p2|QR_hover_Light_1p2_0p1_NoWind_test10,E1_fixed_1p2|QR_hover_Light_1p2_0p1_NoWind_test10,1736767645.68,1.006566971626348,0.0016031691229325,1.2062911736830064,1.0092151165008545,0.0021594937425106,1.2071728706359863,1.25,0.0,1.2,1.0,0.0,1.2,0.0,0.5455046892166138,0.8463360071182252,-0.5152053236961365,1.006710388785242,0.0037309886770850197,1.2099011675663598,1.0067241531528244,0.005068750532138924,1.2096414951924628,0.1444325149059295,0.062363717705011305,0.3107174038887024
E1_fixed_1p2,E1_fixed_1p2|QR_hover_Light_1p2_0p1_NoWind_test10,E1_fixed_1p2|QR_hover_Light_1p2_0p1_NoWind_test10,1736767645.77,1.0001357375105628,0.0016662943737138,1.20983421259323,1.0074329376220703,-0.000773746,1.2087539434432983,1.25,0.0,1.2,1.0,0.0,1.2,0.0,0.1988661736249923,1.1783572435379028,0.1561804115772247,1.0003874123862102,0.0009517459459094143,1.2149762554753043,1.0003801530480878,0.002331781752985704,1.2147014538471341,0.1444325149059295,0.062363717705011305,0.3107174038887024
E1_fixed_1p2,E1_fixed_1p2|QR_hover_Light_1p2_0p1_NoWind_test10,E1_fixed_1p2|QR_hover_Light_1p2_0p1_NoWind_test10,1736767645.94,1.0001788121405717,-0.0025305977288389,1.2090297718822964,1.0036712884902954,-0.011269691,1.2079185247421265,1.25,0.0,1.2,1.0,0.0,1.2,0.0,-0.196810781955719,0.1407365649938583,0.674418568611145,1.0002484930931914,-0.005439655748785546,1.2096520231931085,1.0002118958643564,-0.004064021381359922,1.2093783458637433,0.1444325149059295,0.062363717705011305,0.3107174038887024
E1_fixed_1p2,E1_fixed_1p2|QR_hover_Light_1p2_0p1_NoWind_test10,E1_fixed_1p2|QR_hover_Light_1p2_0p1_NoWind_test10,1736767646.05,0.9993657822319866,-0.0102307594618623,1.205061559283367,1.0005075931549072,-0.01890428,1.2058346271514893,1.25,0.0,1.2,1.0,0.0,1.2,0.0,-0.712939441204071,0.0773732289671897,0.7929568886756897,0.9995377228626523,-0.01363450737947121,1.205526922961565,0.9994612751038521,-0.012267214464730548,1.2052594405042827,0.1444325149059295,0.062363717705011305,0.3107174038887024
E1_fixed_1p2,E1_fixed_1p2|QR_hover_Light_1p2_0p1_NoWind_test10,E1_fixed_1p2|QR_hover_Light_1p2_0p1_NoWind_test10,1736767646.18,0.9982284197598152,-0.0180590805786182,1.2022093691599107,1.002686858177185,-0.02334187,1.2020035982131958,1.25,0.0,1.2,1.0,0.0,1.2,0.0,-1.5560530424118042,-0.4654787480831146,0.8884660005569458,0.9985240642739308,-0.021894452924428078,1.200653453829662,0.9984086313864082,-0.02053232828133161,1.2003834769314894,0.1444325149059295,0.062363717705011305,0.3107174038887024
E1_fixed_1p2,E1_fixed_1p2|QR_hover_Light_1p2_0p1_NoWind_test10,E1_fixed_1p2|QR_hover_Light_1p2_0p1_NoWind_test10,1736767646.34,1.0023909190958746,-0.0229603519109048,1.1985202524148484,1.002519607543945,-0.026183924,1.2029284238815308,1.25,0.0,1.2,1.0,0.0,1.2,0.0,-1.1592917442321775,-0.0888608992099762,0.6165757179260254,1.0026544773896475,-0.025648777805024756,1.198601071590768,1.0025213871071144,-0.02431597543081104,1.1983587022100022,0.1444325149059295,0.062363717705011305,0.3107174038887024
E1_fixed_1p2,E1_fixed_1p2|QR_hover_Light_1p2_0p1_NoWind_test10,E1_fixed_1p2|QR_hover_Light_1p2_0p1_NoWind_test10,1736767646.47,0.9956748446069308,-0.0266174599796222,1.2008387278616204,1.002957820892334,-0.024929209,1.206175684928894,1.25,0.0,1.2,1.0,0.0,1.2,0.0,-1.1015633344650269,0.0433107241988182,0.873963475227356,0.996111198022948,-0.030472514268038615,1.2015425338709198,0.9959486645639348,-0.029098093603055184,1.2013027730889145,0.1444325149059295,0.062363717705011305,0.3107174038887024
E1_fixed_1p2,E1_fixed_1p2|QR_hover_Light_1p2_0p1_NoWind_test10,E1_fixed_1p2|QR_hover_Light_1p2_0p1_NoWind_test10,1736767646.62,1.000813378545508,-0.0244800812935266,1.2037232916258345,1.0032095909118652,-0.020264147,1.2090940475463867,1.25,0.0,1.2,1.0,0.0,1.2,0.0,-0.721024751663208,0.4112619757652282,1.4414728879928589,1.0015421661057289,-0.030691155860890947,1.205819563648781,1.0013734096079738,-0.02933728375904539,1.205590342051236,0.1444325149059295,0.062363717705011305,0.3107174038887024
E1_fixed_1p2,E1_fixed_1p2|QR_hover_Light_1p2_0p1_NoWind_test10,E1_fixed_1p2|QR_hover_Light_1p2_0p1_NoWind_test10,1736767646.68,0.9978532248788924,-0.020143402914135,1.2081836449670678,1.00314462184906,-0.01813256,1.2104835510253906,1.25,0.0,1.2,1.0,0.0,1.2,0.0,-0.3287703096866607,-0.0333216041326522,1.7585105895996094,0.9985838824094466,-0.02782441858889101,1.2081524521320761,0.9984272413930981,-0.02644221238001543,1.2079171624491505,0.1444325149059295,0.062363717705011305,0.3107174038887024
E1_fixed_1p2,E1_fixed_1p2|QR_hover_Light_1p2_0p1_NoWind_test10,E1_fixed_1p2|QR_hover_Light_1p2_0p1_NoWind_test10,1736767646.82,0.9976909297898676,-0.0143621473197051,1.2071000142814756,1.0034605264663696,-0.012380749,1.2106434106826782,1.25,0.0,1.2,1.0,0.0,1.2,0.0,0.0843133330345153,-0.031058635562658303,1.944091558456421,0.9983199389719193,-0.022923841535890367,1.2069421004653136,0.9981913394245375,-0.021541320081362104,1.206702117357629,0.1444325149059295,0.062363717705011305,0.3107174038887024
E1_fixed_1p2,E1_fixed_1p2|QR_hover_Light_1p2_0p1_NoWind_test10,E1_fixed_1p2|QR_hover_Light_1p2_0p1_NoWind_test10,1736767646.96,0.9921576971567516,-0.0096626257746875,1.208883606296478,1.003540277481079,-0.008204857,1.2085676193237305,1.25,0.0,1.2,1.0,0.0,1.2,0.0,0.53293776512146,0.4175963103771209,1.871853590011597,0.9926844932448545,-0.018159532253116006,1.2106723617298427,0.9925781385561895,-0.016739755189083626,1.2104261105027263,0.1444325149059295,0.062363717705011305,0.3107174038887024
E1_fixed_1p2,E1_fixed_1p2|QR_hover_Light_1p2_0p1_NoWind_test10,E1_fixed_1p2|QR_hover_Light_1p2_0p1_NoWind_test10,1736767647.08,0.9990877614319208,-0.0054694526208474,1.2061218437523171,1.0029083490371704,-0.005412003,1.202944040298462,1.25,0.0,1.2,1.0,0.0,1.2,0.0,0.2584806680679321,0.6626462340354919,2.021324157714844,0.9995250142947032,-0.014340552227811372,1.208998524538885,0.9994410264612188,-0.01296594981454469,1.2087423263919421,0.1444325149059295,0.062363717705011305,0.3107174038887024
E1_fixed_1p2,E1_fixed_1p2|QR_hover_Light_1p2_0p1_NoWind_test10,E1_fixed_1p2|QR_hover_Light_1p2_0p1_NoWind_test10,1736767647.26,0.9950814249402136,-0.0025631708567731,1.2040328334489174,0.9980428814888,-0.001684446,1.1963753700256348,1.25,0.0,1.2,1.0,0.0,1.2,0.0,-0.2458347231149673,1.1874639987945557,2.7785003185272217,0.9956429028753313,-0.014893306249006212,1.2093257746201005,0.9955553105543042,-0.013505175737359008,1.209045647691913,0.1444325149059295,0.062363717705011305,0.3107174038887024
E1_fixed_1p2,E1_fixed_1p2|QR_hover_Light_1p2_0p1_NoWind_test10,E1_fixed_1p2|QR_hover_Light_1p2_0p1_NoWind_test10,1736767647.4,0.9949459067948068,0.0031012574832959,1.2021409186099568,0.9909524321556092,0.0028882478363811,1.1931238174438477,1.25,0.0,1.2,1.0,0.0,1.2,0.0,0.5989170074462891,-0.6508313417434692,3.924119710922241,0.9953249625437444,-0.014383769657868278,1.1992759431792208,0.9952512411219889,-0.012994814956047285,1.1990017888166167,0.1444325149059295,0.062363717705011305,0.3107174038887024
E1_fixed_1p2,E1_fixed_1p2|QR_hover_Light_1p2_0p1_NoWind_test10,E1_fixed_1p2|QR_hover_Light_1p2_0p1_NoWind_test10,1736767647.48,0.983286185147634,0.0099777082057145,1.1902305614005084,0.9875016808509828,0.0045787706039845,1.192251443862915,1.25,0.0,1.2,1.0,0.0,1.2,0.0,0.6256577968597412,-0.5514516234397888,4.277977466583252,0.9833821087853154,-0.00983208019376362,1.187773557018175,0.9833474066095758,-0.008406446763693337,1.1874707655596972,0.1444325149059295,0.062363717705011305,0.3107174038887024
E1_fixed_1p2,E1_fixed_1p2|QR_hover_Light_1p2_0p1_NoWind_test10,E1_fixed_1p2|QR_hover_Light_1p2_0p1_NoWind_test10,1736767647.6,0.9798892330743192,0.0141602460846325,1.189602291277064,0.9820262789726256,0.0046269576996564,1.1900712251663208,1.25,0.0,1.2,1.0,0.0,1.2,0.0,0.9202012419700623,-2.1579089164733887,4.123325347900391,0.9801313045349798,-0.005092279286008601,1.179667581926262,0.9801311480241779,-0.003645774390767022,1.1793611437480835,0.1444325149059295,0.062363717705011305,0.3107174038887024
E1_fixed_1p2,E1_fixed_1p2|QR_hover_Light_1p2_0p1_NoWind_test10,E1_fixed_1p2|QR_hover_Light_1p2_0p1_NoWind_test10,1736767647.74,0.9822435380231342,0.012247459856726,1.1824442586353436,0.9842290878295898,-0.000753353,1.192107319831848,1.25,0.0,1.2,1.0,0.0,1.2,0.0,0.3554784953594208,-2.629319429397583,3.6255884170532235,0.9830796453463124,-0.004531964370543154,1.1702558774096912,0.9830944227282521,-0.0031193738656008474,1.169943227284102,0.1444325149059295,0.062363717705011305,0.3107174038887024
E1_fixed_1p2,E1_fixed_1p2|QR_hover_Light_1p2_0p1_NoWind_test10,E1_fixed_1p2|QR_hover_Light_1p2_0p1_NoWind_test10,1736767647.94,0.980152390848678,0.0096187363125369,1.184842086329028,0.9995740056037904,-0.003381056,1.2001880407333374,1.25,0.0,1.2,1.0,0.0,1.2,0.0,-0.273699939250946,-0.0171357821673154,1.6877870559692385,0.979992851936183,0.0015943402608953425,1.1847156068694937,0.9800238042697887,0.0030185780202496475,1.1843872960199169,0.1444325149059295,0.062363717705011305,0.3107174038887024
E1_fixed_1p2,E1_fixed_1p2|QR_hover_Light_1p2_0p1_NoWind_test10,E1_fixed_1p2|QR_hover_Light_1p2_0p1_NoWind_test10,1736767647.99,0.9870644294860818,0.0004505936760557,1.1995398576874197,1.0041837692260742,-0.006422875,1.202708721160889,1.25,0.0,1.2,1.0,0.0,1.2,0.0,0.0987556204199791,0.4580956399440765,0.9934491515159608,0.9871008572700746,-0.004107400256664709,1.2016428700770916,0.9870808183462594,-0.002683024642274447,1.201354364937776,0.1444325149059295,0.062363717705011305,0.3107174038887024
E1_fixed_1p2,E1_fixed_1p2|QR_hover_Light_1p2_0p1_NoWind_test10,E1_fixed_1p2|QR_hover_Light_1p2_0p1_NoWind_test10,1736767648.14,1.0001181631207454,-0.0116648774246897,1.2109223709357508,1.0131691694259644,-0.011029817,1.207025170326233,1.25,0.0,1.2,1.0,0.0,1.2,0.0,-1.38523268699646,2.209521532058716,-0.1463842988014221,1.0007074873698754,-0.010760546742276632,1.220826755261153,1.0006289573292082,-0.009384530114870766,1.2205502707073856,0.1444325149059295,0.062363717705011305,0.3107174038887024
E1_fixed_1p2,E1_fixed_1p2|QR_hover_Light_1p2_0p1_NoWind_test10,E1_fixed_1p2|QR_hover_Light_1p2_0p1_NoWind_test10,1736767648.25,1.008688586590582,-0.0174531581150336,1.2145206536912376,1.015092372894287,-0.011945611,1.2081255912780762,1.25,0.0,1.2,1.0,0.0,1.2,0.0,-1.1641981601715088,2.309241771697998,0.055870172567665556,1.009500643055132,-0.01738905274743004,1.2245833379977666,1.0093826119716933,-0.01604907266129802,1.2243384510314015,0.1444325149059295,0.062363717705011305,0.3107174038887024
E1_fixed_1p2,E1_fixed_1p2|QR_hover_Light_1p2_0p1_NoWind_test10,E1_fixed_1p2|QR_hover_Light_1p2_0p1_NoWind_test10,1736767648.38,1.0118366579135467,-0.0147900000155987,1.2135205922864196,1.0114041566848757,-0.008150044,1.2088007926940918,1.25,0.0,1.2,1.0,0.0,1.2,0.0,-0.9934186339378357,1.535397291183472,0.5616286396980286,1.012445335434147,-0.016882711431316144,1.2201515117983224,1.0123344906787342,-0.015562587434549337,1.2199057675418772,0.1444325149059295,0.062363717705011305,0.3107174038887024
E1_fixed_1p2,E1_fixed_1p2|QR_hover_Light_1p2_0p1_NoWind_test10,E1_fixed_1p2|QR_hover_Light_1p2_0p1_NoWind_test10,1736767648.56,1.0011414502571432,-0.0090089406525879,1.209962257734758,1.0022997856140137,0.0013471464626491,1.2077919244766235,1.25,0.0,1.2,1.0,0.0,1.2,0.0,0.11158511741086835,-0.347723126411438,0.9427309334278108,1.0012679163065548,-0.013122494628993613,1.2084342188258599,1.0011909264950698,-0.011748937328986886,1.2081849119867798,0.1444325149059295,0.062363717705011305,0.3107174038887024
E1_fixed_1p2,E1_fixed_1p2|QR_hover_Light_1p2_0p1_NoWind_test10,E1_fixed_1p2|QR_hover_Light_1p2_0p1_NoWind_test10,1736767648.7,0.9941723424796484,-0.0017353816480689,1.2041354108407123,0.9949296712875366,0.0101083908230066,1.205643892288208,1.25,0.0,1.2,1.0,0.0,1.2,0.0,1.038473129272461,-0.6771907210350037,0.4526886343955993,0.9941640013411304,-0.003831480932358698,1.2010793834907474,0.9941459083617621,-0.0024296718880940913,1.2008270496506166,0.1444325149059295,0.062363717705011305,0.3107174038887024
E1_fixed_1p2,E1_fixed_1p2|QR_hover_Light_1p2_0p1_NoWind_test10,E1_fixed_1p2|QR_hover_Light_1p2_0p1_NoWind_test10,1736767648.81,0.9956641838616967,0.0046208903871338,1.201411509613218,0.9920321702957152,0.0142215732485055,1.202150583267212,1.25,0.0,1.2,1.0,0.0,1.2,0.0,1.6137396097183228,-0.9388071894645691,0.1070591434836387,0.9956649622873712,0.004104081324717589,1.1973736972202857,0.9956939187510031,0.005493851253009402,1.1971212856544449,0.1444325149059295,0.062363717705011305,0.3107174038887024
E1_fixed_1p2,E1_fixed_1p2|QR_hover_Light_1p2_0p1_NoWind_test10,E1_fixed_1p2|QR_hover_Light_1p2_0p1_NoWind_test10,1736767648.92,0.987656214642748,0.0101119940364093,1.1972556849385254,0.9900690913200378,0.0177023410797119,1.200966238975525,1.25,0.0,1.2,1.0,0.0,1.2,0.0,1.8057171106338503,-0.7316356301307678,0.3076164424419403,0.9876576122331233,0.00878508550686239,1.19422598428026,0.9877152433471996,0.010209495887765855,1.193956985402973,0.1444325149059295,0.062363717705011305,0.3107174038887024
E1_fixed_1p2,E1_fixed_1p2|QR_hover_Light_1p2_0p1_NoWind_test10,E1_fixed_1p2|QR_hover_Light_1p2_0p1_NoWind_test10,1736767649.05,0.987236695404356,0.0132310236758292,1.1964072965234245,0.9905986189842224,0.0172280445694923,1.1988303661346436,1.25,0.0,1.2,1.0,0.0,1.2,0.0,0.6543808579444885,-0.9015390574932098,0.6321745216846466,0.9871929334861305,0.010372193834375062,1.1924247024321912,0.9872617744427564,0.011791585695157867,1.1921193220070294,0.1444325149059295,0.062363717705011305,0.3107174038887024
E1_fixed_1p2,E1_fixed_1p2|QR_hover_Light_1p2_0p1_NoWind_test10,E1_fixed_1p2|QR_hover_Light_1p2_0p1_NoWind_test10,1736767649.18,0.9868433706257632,0.0115247776981963,1.194841350836665,0.9931299090385436,0.0149935139343142,1.1961562633514404,1.25,0.0,1.2,1.0,0.0,1.2,0.0,-0.12334486842155448,0.388610303401947,1.1097204685211182,0.9866406443269582,0.006414350896023952,1.1966015256576636,0.9866832293241498,0.007827916669813719,1.1962790125981408,0.1444325149059295,0.062363717705011305,0.3107174038887024
E1_fixed_1p2,E1_fixed_1p2|QR_hover_Light_1p2_0p1_NoWind_test10,E1_fixed_1p2|QR_hover_Light_1p2_0p1_NoWind_test10,1736767649.37,0.9895818958950132,0.0107720793319034,1.1975361782512577,0.9939469695091248,0.0112878084182739,1.193947196006775,1.25,0.0,1.2,1.0,0.0,1.2,0.0,0.2020850926637649,0.5620397925376892,1.8195912837982176,0.9893596337100399,0.0025059772612599437,1.2001288199501365,0.9893769981375342,0.003913466404249078,1.1998190655419962,0.1444325149059295,0.062363717705011305,0.3107174038887024
E1_fixed_1p2,E1_fixed_1p2|QR_hover_Light_1p2_0p1_NoWind_test10,E1_fixed_1p2|QR_hover_Light_1p2_0p1_NoWind_test10,1736767649.44,0.9912663432519266,0.0107862075534653,1.1965928380097304,0.9935173392295836,0.0096624670550227,1.1943495273590088,1.25,0.0,1.2,1.0,0.0,1.2,0.0,0.0005530788912437,0.6186482906341553,2.1837823390960693,0.9910215523179695,0.0009185429587744409,1.1993867500649247,0.9910311875524683,0.0023135468847587303,1.1990738030601324,0.1444325149059295,0.062363717705011305,0.3107174038887024
E1_fixed_1p2,E1_fixed_1p2|QR_hover_Light_1p2_0p1_NoWind_test10,E1_fixed_1p2|QR_hover_Light_1p2_0p1_NoWind_test10,1736767649.62,0.989379619115325,0.0120272247211838,1.195603642594647,0.990384876728058,0.0072923265397548,1.1925753355026243,1.25,0.0,1.2,1.0,0.0,1.2,0.0,0.1444325149059295,-0.2905484735965729,2.2674779891967773,0.9891328628453548,0.001718503467652357,1.1943124237171068,0.9891529157181744,0.0031225233878227326,1.1939988755416027,0.1444325149059295,0.062363717705011305,0.3107174038887024
E1_fixed_1p2,E1_fixed_1p2|QR_hover_Light_1p2_0p1_NoWind_test10,E1_fixed_1p2|QR_hover_Light_1p2_0p1_NoWind_test10,1736767649.71,0.987324641948382,0.0118600244414691,1.1928184722840212,0.989026665687561,0.0062220394611358,1.1937605142593384,1.25,0.0,1.2,1.0,0.0,1.2,0.0,-0.0968109145760536,-0.1386427134275436,2.2876944541931152,0.9870792432996793,0.001353893760756451,1.1921628502981834,0.9871000319964942,0.0027607553335565133,1.191841366451591,0.1444325149059295,0.062363717705011305,0.3107174038887024
E1_fixed_1p2,E1_fixed_1p2|QR_hover_Light_1p2_0p1_NoWind_test10,E1_fixed_1p2|QR_hover_Light_1p2_0p1_NoWind_test10,1736767649.88,0.9836550908159396,0.011775942809568,1.1938829076463722,0.984996259212494,0.0085683278739452,1.194169282913208,1.25,0.0,1.2,1.0,0.0,1.2,0.0,0.098997950553894,-0.4961548447608948,1.7594774961471558,0.983481525709889,0.003605051242047419,1.1915970978944146,0.9835149937295666,0.005035335994127207,1.191277092190342,0.1444325149059295,0.062363717705011305,0.3107174038887024
E1_fixed_1p2,E1_fixed_1p2|QR_hover_Light_1p2_0p1_NoWind_test10,E1_fixed_1p2|QR_hover_Light_1p2_0p1_NoWind_test10,1736767649.96,0.9797950743111724,0.0097531125574832,1.1908887549273175,0.9833709597587584,0.0089038480073213,1.1931172609329224,1.25,0.0,1.2,1.0,0.0,1.2,0.0,0.6704614758491516,-0.25417801737785345,1.0165928602218628,0.9797052484266524,0.005064297997151299,1.1898049023772892,0.9797478944766158,0.006510392113233612,1.1894998041662117,0.1444325149059295,0.062363717705011305,0.3107174038887024
E1_fixed_1p2,E1_fixed_1p2|QR_hover_Light_1p2_0p1_NoWind_test10,E1_fixed_1p2|QR_hover_Light_1p2_0p1_NoWind_test10,1736767650.14,0.9761925773304212,0.005176321172946,1.1906905020594338,0.977489411830902,0.005286764819175,1.1916722059249878,1.25,0.0,1.2,1.0,0.0,1.2,0.0,0.585215151309967,0.0210068970918655,-0.817981779575348,0.9762923560296392,0.009179519217983595,1.1908442465700995,0.9763555299663275,0.01064245077558501,1.190544418408789,0.1444325149059295,0.062363717705011305,0.3107174038887024
E1_fixed_1p2,E1_fixed_1p2|QR_hover_Light_1p2_0p1_NoWind_test10,E1_fixed_1p2|QR_hover_Light_1p2_0p1_NoWind_test10,1736767650.27,0.9709950157617842,-0.0012534456495623,1.192243099577199,0.9735270738601683,0.0028218415100127,1.191513180732727,1.25,0.0,1.2,1.0,0.0,1.2,0.0,0.0729891136288642,-1.200809121131897,-1.8304617404937744,0.9713214143573483,0.007661939790486773,1.1863962342422798,0.9713813516352694,0.009153919630229691,1.1860940157217634,0.1444325149059295,0.062363717705011305,0.3107174038887024
E1_fixed_1p2,E1_fixed_1p2|QR_hover_Light_1p2_0p1_NoWind_test10,E1_fixed_1p2|QR_hover_Light_1p2_0p1_NoWind_test10,1736767650.4,0.9680331195222556,-0.0079825739076701,1.1877494131830748,0.9761244058609008,0.0012676888145506,1.1938011646270752,1.25,0.0,1.2,1.0,0.0,1.2,0.0,-0.0255106855183839,-1.526364803314209,-3.7377295494079594,0.9685375203139108,0.010382434400658327,1.1802465791627146,0.9686173034565593,0.011877878055957585,1.17995469758944,0.1444325149059295,0.062363717705011305,0.3107174038887024
E1_fixed_1p2,E1_fixed_1p2|QR_hover_Light_1p2_0p1_NoWind_test10,E1_fixed_1p2|QR_hover_Light_1p2_0p1_NoWind_test10,1736767650.48,0.968937565739494,-0.0174626562135072,1.187162730154515,0.9799240827560424,-0.000514875,1.194835901260376,1.25,0.0,1.2,1.0,0.0,1.2,0.0,-0.3517799973487854,-1.834529161453247,-5.219780445098877,0.9690565799490882,0.00805146274424687,1.178279031114308,0.9691248027371417,0.009541155164596943,1.1780017788847872,0.1444325149059295,0.062363717705011305,0.3107174038887024
E1_fixed_1p2,E1_fixed_1p2|QR_hover_Light_1p2_0p1_NoWind_test10,E1_fixed_1p2|QR_hover_Light_1p2_0p1_NoWind_test10,1736767650.65,0.9760735303645458,-0.030105261505347,1.1886528897349515,0.9935819506645204,-0.004599892,1.196801781654358,1.25,0.0,1.2,1.0,0.0,1.2,0.0,0.736570417881012,1.8029826879501345,-7.236316204071045,0.9742502209099989,0.004815457447374422,1.1968911175634935,0.9742821061767337,0.006282598504687763,1.1966884398983404,0.1444325149059295,0.062363717705011305,0.3107174038887024
E1_fixed_1p2,E1_fixed_1p2|QR_hover_Light_1p2_0p1_NoWind_test10,E1_fixed_1p2|QR_hover_Light_1p2_0p1_NoWind_test10,1736767650.75,0.9947685504722126,-0.0373104553745828,1.204729598350355,0.9949948787689208,-0.010929501,1.1977174282073977,1.25,0.0,1.2,1.0,0.0,1.2,0.0,0.5233844518661499,1.3981702327728271,-7.381404876708984,0.9922664674784067,-0.004275541165859206,1.210614988014586,0.9922399710879554,-0.0028627665673080535,1.210445289450892,0.1444325149059295,0.062363717705011305,0.3107174038887024
E1_fixed_1p2,E1_fixed_1p2|QR_hover_Light_1p2_0p1_NoWind_test10,E1_fixed_1p2|QR_hover_Light_1p2_0p1_NoWind_test10,1736767650.92,1.0009493431661296,-0.0381871947055654,1.2041424406675152,1.0034217834472656,-0.017142642,1.2036490440368652,1.25,0.0,1.2,1.0,0.0,1.2,0.0,-1.1113216876983643,0.0976127721369266,-2.7395063638687134,0.9994216573904584,-0.02615311838353313,1.205306593768044,0.9992786315003784,-0.02478739635564141,1.205102125354421,0.1444325149059295,0.062363717705011305,0.3107174038887024
E1_fixed_1p2,E1_fixed_1p2|QR_hover_Light_1p2_0p1_NoWind_test10,E1_fixed_1p2|QR_hover_Light_1p2_0p1_NoWind_test10,1736767651.01,0.9982319207815992,-0.0312483548599194,1.2020737928219547,1.0051833391189575,-0.020914268,1.2050954103469849,1.25,0.0,1.2,1.0,0.0,1.2,0.0,-1.07983136177063,0.4335865974426269,-0.3017961382865906,0.9980984091947385,-0.029877293957042198,1.20456747928576,0.9979360473900087,-0.02850997850286907,1.2043440685810416,0.1444325149059295,0.062363717705011305,0.3107174038887024
E1_fixed_1p2,E1_fixed_1p2|QR_hover_Light_1p2_0p1_NoWind_test10,E1_fixed_1p2|QR_hover_Light_1p2_0p1_NoWind_test10,1736767651.18,1.0035676613812663,-0.0211449974766843,1.2041905424604822,1.0086671113967896,-0.026938761,1.207369089126587,1.25,0.0,1.2,1.0,0.0,1.2,0.0,-1.58132803440094,-0.172031745314598,2.9040486812591557,1.0049359462387368,-0.03348010447551679,1.2040325227718591,1.0047535046076463,-0.03214750965381327,1.2037766655036615,0.1444325149059295,0.062363717705011305,0.3107174038887024
E1_fixed_1p2,E1_fixed_1p2|QR_hover_Light_1p2_0p1_NoWind_test10,E1_fixed_1p2|QR_hover_Light_1p2_0p1_NoWind_test10,1736767651.26,1.0145735672885092,-0.0127253436033152,1.2029459437891863,1.0108155012130735,-0.026210686,1.2076436281204224,1.25,0.0,1.2,1.0,0.0,1.2,0.0,-1.6462756395339966,0.2613492906093597,3.6059961318969727,1.0158518965953138,-0.027416474318522836,1.2043841512085878,1.0157019197966848,-0.026146733477225372,1.204120208174523,0.1444325149059295,0.062363717705011305,0.3107174038887024
E1_fixed_1p2,E1_fixed_1p2|QR_hover_Light_1p2_0p1_NoWind_test10,E1_fixed_1p2|QR_hover_Light_1p2_0p1_NoWind_test10,1736767651.41,0.997215778449844,-0.0086015488575303,1.2057578596610017,1.0144447088241575,-0.020150159,1.2072964906692505,1.25,0.0,1.2,1.0,0.0,1.2,0.0,-0.7904881834983826,0.650025486946106,4.243497371673584,0.9986220021521404,-0.027196643667478294,1.2087433990283147,0.998467771510239,-0.025823144945891902,1.2084679083261882,0.1444325149059295,0.062363717705011305,0.3107174038887024
E1_fixed_1p2,E1_fixed_1p2|QR_hover_Light_1p2_0p1_NoWind_test10,E1_fixed_1p2|QR_hover_Light_1p2_0p1_NoWind_test10,1736767651.57,1.0077011781192524,0.0015699302805725,1.206971977801264,1.0148801803588867,-0.005548499,1.2084338665008545,1.25,0.0,1.2,1.0,0.0,1.2,0.0,0.5327800512313843,0.43240015208721155,4.014455199241638,1.0082497904349599,-0.015457377763930103,1.2088146405637323,1.0081591194670863,-0.014127130848661604,1.208555987225044,0.1444325149059295,0.062363717705011305,0.3107174038887024
E1_fixed_1p2,E1_fixed_1p2|QR_hover_Light_1p2_0p1_NoWind_test10,E1_fixed_1p2|QR_hover_Light_1p2_0p1_NoWind_test10,1736767651.7,1.0079837547060506,0.0084304939326442,1.2064874799684733,1.0134625434875488,0.0031506810337305,1.2069531679153442,1.25,0.0,1.2,1.0,0.0,1.2,0.0,1.341219186782837,1.037542462348938,1.9022681713104248,1.0080030028984497,0.0002434405542641065,1.2110642551036919,1.0079963907852822,0.0015783255717416408,1.2108067398372742,0.1444325149059295,0.062363717705011305,0.3107174038887024
E1_fixed_1p2,E1_fixed_1p2|QR_hover_Light_1p2_0p1_NoWind_test10,E1_fixed_1p2|QR_hover_Light_1p2_0p1_NoWind_test10,1736767651.84,1.005755442447571,0.0084342990080539,1.2075531383892983,1.014703392982483,0.0085131339728832,1.2077332735061646,1.25,0.0,1.2,1.0,0.0,1.2,0.0,1.526545166969299,0.47145953774452204,-0.1743270754814148,1.0058538592404034,0.008972964227856768,1.2097846337911964,1.0058971249498447,0.010322856137218842,1.2095297548072066,0.1444325149059295,0.062363717705011305,0.3107174038887024
E1_fixed_1p2,E1_fixed_1p2|QR_hover_Light_1p2_0p1_NoWind_test10,E1_fixed_1p2|QR_hover_Light_1p2_0p1_NoWind_test10,1736767651.97,1.0073876756102813,0.0041364884038874,1.2065989965655877,1.0114493370056152,0.0065075941383838,1.2075802087783811,1.25,0.0,1.2,1.0,0.0,1.2,0.0,0.9249925017356873,0.5751807689666748,-0.9295533895492554,1.0075640944769324,0.00796351787426912,1.2091000732989756,1.0076021517167038,0.009298968965239452,1.2088436169965613,0.1444325149059295,0.062363717705011305,0.3107174038887024
E1_fixed_1p2,E1_fixed_1p2|QR_hover_Light_1p2_0p1_NoWind_test10,E1_fixed_1p2|QR_hover_Light_1p2_0p1_NoWind_test10,1736767652.05,1.008079182800938,0.0022078869837812,1.2087558780513594,1.010974645614624,0.0068819667212665,1.2094773054122925,1.25,0.0,1.2,1.0,0.0,1.2,0.0,0.3193691074848175,0.3445674479007721,-0.2099598050117492,1.0081458224827027,0.003045337954120964,1.2102227537299066,1.0081552651254633,0.004380113741280071,1.2099579504278715,0.1444325149059295,0.062363717705011305,0.3107174038887024
E1_fixed_1p2,E1_fixed_1p2|QR_hover_Light_1p2_0p1_NoWind_test10,E1_fixed_1p2|QR_hover_Light_1p2_0p1_NoWind_test10,1736767652.19,1.001448646257968,0.003948549225222,1.206663461784148,1.0072624683380127,0.0049120164476335,1.2085360288619995,1.25,0.0,1.2,1.0,0.0,1.2,0.0,0.374303936958313,-0.3893560469150543,0.4603354632854461,1.0013855794111257,0.0019075569126542442,1.2049999312808146,1.0013944362307667,0.0032734359517947007,1.2047250916372818,0.1444325149059295,0.062363717705011305,0.3107174038887024
E1_fixed_1p2,E1_fixed_1p2|QR_hover_Light_1p2_0p1_NoWind_test10,E1_fixed_1p2|QR_hover_Light_1p2_0p1_NoWind_test10,1736767652.38,1.000708097400913,0.0021225541565058,1.2023368869503128,1.0059822797775269,0.0003077986184507,1.20254647731781,1.25,0.0,1.2,1.0,0.0,1.2,0.0,-0.3852189481258392,-0.1377688497304916,-0.5357282161712646,1.0007341234502383,0.004469070244421396,1.201723130078616,1.0007602696067508,0.005824049615012964,1.2014339518195452,0.1444325149059295,0.062363717705011305,0.3107174038887024
E1_fixed_1p2,E1_fixed_1p2|QR_hover_Light_1p2_0p1_NoWind_test10,E1_fixed_1p2|QR_hover_Light_1p2_0p1_NoWind_test10,1736767652.49,0.9993438192568568,-0.003176498224884,1.200937976872654,1.0066726207733154,0.0005508641479536,1.204338550567627,1.25,0.0,1.2,1.0,0.0,1.2,0.0,-0.7771880626678467,0.3009291589260101,-0.9669018983840942,0.9993347352503309,0.0010666000584847921,1.2022974548132939,0.9993417228862946,0.002423952888894621,1.20201083393321,0.1444325149059295,0.062363717705011305,0.3107174038887024
E1_fixed_1p2,E1_fixed_1p2|QR_hover_Light_1p2_0p1_NoWind_test10,E1_fixed_1p2|QR_hover_Light_1p2_0p1_NoWind_test10,1736767652.58,1.0013305660133731,-0.0059892817916532,1.203450073181157,1.0063399076461792,0.0006518038571812,1.2050961256027222,1.25,0.0,1.2,1.0,0.0,1.2,0.0,-0.8827797770500183,0.197761595249176,-1.5094565153121948,1.0012742079941213,0.0006167172667320408,1.2044002217473426,1.0012764500347267,0.001969631698534254,1.2041204543692254,0.1444325149059295,0.062363717705011305,0.3107174038887024
E1_fixed_1p2,E1_fixed_1p2|QR_hover_Light_1p2_0p1_NoWind_test10,E1_fixed_1p2|QR_hover_Light_1p2_0p1_NoWind_test10,1736767652.71,1.0057936517701749,-0.0060664849244979,1.2049949231325403,1.007813572883606,0.0057616587728261,1.2086105346679688,1.25,0.0,1.2,1.0,0.0,1.2,0.0,-0.5897634029388428,0.2135855555534362,-1.6637881994247437,1.0057425112427067,0.0010775985142286578,1.2059674097905755,1.00574565166211,0.0024117457115871966,1.2056998958622993,0.1444325149059295,0.062363717705011305,0.3107174038887024
E1_fixed_1p2,E1_fixed_1p2|QR_hover_Light_1p2_0p1_NoWind_test10,E1_fixed_1p2|QR_hover_Light_1p2_0p1_NoWind_test10,1736767652.85,0.99773227290985,-0.0024205742940924,1.2067270641044563,1.009708285331726,0.0129759795963764,1.2082546949386597,1.25,0.0,1.2,1.0,0.0,1.2,0.0,0.4231201708316803,0.5087567567825317,-1.729760766029358,0.9978421486518889,0.005143652128814754,1.2089487177232698,0.9978650908371225,0.006529918103888074,1.2086871430052157,0.1444325149059295,0.062363717705011305,0.3107174038887024
E1_fixed_1p2,E1_fixed_1p2|QR_hover_Light_1p2_0p1_NoWind_test10,E1_fixed_1p2|QR_hover_Light_1p2_0p1_NoWind_test10,1736767652.97,1.007589258947551,0.0025261847787337,1.2066181915601288,1.010763168334961,0.0185473002493381,1.204182744026184,1.25,0.0,1.2,1.0,0.0,1.2,0.0,1.106127381324768,0.6111006736755371,-1.2927144765853882,1.0077899138918036,0.007864265954160109,1.2092507813249822,1.0078276039300094,0.009199353977544105,1.2090028836922273,0.1444325149059295,0.062363717705011305,0.3107174038887024
E1_fixed_1p2,E1_fixed_1p2|QR_hover_Light_1p2_0p1_NoWind_test10,E1_fixed_1p2|QR_hover_Light_1p2_0p1_NoWind_test10,1736767653.14,1.0025150239526497,0.0088725234457513,1.2038260223947486,1.0093885660171509,0.0204064380377531,1.1995989084243774,1.25,0.0,1.2,1.0,0.0,1.2,0.0,1.3479055166244511,0.6198877096176147,-0.9540759921073914,1.0027536475055967,0.012898754707369784,1.2067109458372471,1.0028211313438857,0.014255304221687718,1.2064472226771426,0.1444325149059295,0.062363717705011305,0.3107174038887024
E1_fixed_1p2,E1_fixed_1p2|QR_hover_Light_1p2_0p1_NoWind_test10,E1_fixed_1p2|QR_hover_Light_1p2_0p1_NoWind_test10,1736767653.23,1.0015168691458791,0.0132033788936273,1.2018844481105726,1.0079312324523926,0.0210611391812562,1.200337290763855,1.25,0.0,1.2,1.0,0.0,1.2,0.0,1.0946755409240727,0.6461617946624756,-0.8329529762268066,1.0017743991116965,0.0167752604072782,1.2049384592602335,1.0018642946130956,0.0181310727378155,1.2046564569659464,0.1444325149059295,0.062363717705011305,0.3107174038887024
E1_fixed_1p2,E1_fixed_1p2|QR_hover_Light_1p2_0p1_NoWind_test10,E1_fixed_1p2|QR_hover_Light_1p2_0p1_NoWind_test10,1736767653.41,0.9977666830325892,0.0149050303525916,1.2018463348640072,1.002729058265686,0.0218449644744396,1.2020119428634644,1.25,0.0,1.2,1.0,0.0,1.2,0.0,0.8923511505126953,-0.0988107770681381,-0.5007040500640869,0.9979030908536899,0.017078150550506037,1.2016432416971812,0.9979983009155824,0.01845367457487061,1.2013493049601518,0.1444325149059295,0.062363717705011305,0.3107174038887024
E1_fixed_1p2,E1_fixed_1p2|QR_hover_Light_1p2_0p1_NoWind_test10,E1_fixed_1p2|QR_hover_Light_1p2_0p1_NoWind_test10,1736767653.5,0.9947484422150952,0.0144472935998691,1.1996015484131843,1.0002217292785645,0.0198606625199317,1.20203697681427,1.25,0.0,1.2,1.0,0.0,1.2,0.0,0.8790408968925476,-0.5257513523101807,-0.1747494488954544,0.9948060743692537,0.015230105358290525,1.197481067767283,0.9948957065954263,0.01661681469776391,1.1971854372450021,0.1444325149059295,0.062363717705011305,0.3107174038887024
E1_fixed_1p2,E1_fixed_1p2|QR_hover_Light_1p2_0p1_NoWind_test10,E1_fixed_1p2|QR_hover_Light_1p2_0p1_NoWind_test10,1736767653.66,0.997593586298306,0.012031011412912,1.199358349248604,0.9961456656455994,0.0106091806665062,1.1992896795272827,1.25,0.0,1.2,1.0,0.0,1.2,0.0,0.2723214328289032,-0.2995170652866363,-0.11807443201541902,0.9976254256831727,0.01255404189919317,1.198096083129808,0.9976996253292588,0.013921616879106565,1.197794517392931,0.1444325149059295,0.062363717705011305,0.3107174038887024
E1_fixed_1p2,E1_fixed_1p2|QR_hover_Light_1p2_0p1_NoWind_test10,E1_fixed_1p2|QR_hover_Light_1p2_0p1_NoWind_test10,1736767653.8,0.996243565601171,0.0082223479934032,1.2016051167419195,0.9907435178756714,0.0078514255583286,1.2064177989959717,1.25,0.0,1.2,1.0,0.0,1.2,0.0,-0.8147267699241638,0.068374402821064,0.0474273636937141,0.9962387846239127,0.008034288651448316,1.2017908606319951,0.9962839891910723,0.009409240035851876,1.2014708726113466,0.1444325149059295,0.062363717705011305,0.3107174038887024
E1_fixed_1p2,E1_fixed_1p2|QR_hover_Light_1p2_0p1_NoWind_test10,E1_fixed_1p2|QR_hover_Light_1p2_0p1_NoWind_test10,1736767653.94,0.9884278514071508,0.0045197532626346,1.2048646658250046,0.9907872080802916,0.0058942693285644,1.2082765102386477,1.25,0.0,1.2,1.0,0.0,1.2,0.0,-0.5128305554389954,-0.3688896000385284,0.4554531574249267,0.9883742068187091,0.002483509039556683,1.203139838807083,0.9883880890277073,0.003910894791131055,1.202827543453507,0.1444325149059295,0.062363717705011305,0.3107174038887024
E1_fixed_1p5,E1_fixed_1p5|QR_hover_Light_1p5_0p15_NoWind_test1,E1_fixed_1p5|QR_hover_Light_1p5_0p15_NoWind_test1,1731933248.0,0.0302932057593325,0.0119033284291815,1.5006165316233957,0.0188560262322425,0.0032507583964616,1.5175368785858154,0.25,0.0,1.5,0.0,0.0,1.5,0.0,0.2240159213542938,0.2264805734157562,0.7120278477668762,0.030166617448323163,0.009169685228053021,1.5015315231480868,0.03022699737125606,0.010505377202415364,1.501615283203554,0.02235830738446217,-0.021916008750486732,0.3481745645403862
E1_fixed_1p5,E1_fixed_1p5|QR_hover_Light_1p5_0p15_NoWind_test1,E1_fixed_1p5|QR_hover_Light_1p5_0p15_NoWind_test1,1731933248.125,0.0276289061662912,0.0113248341673588,1.5143681391894297,0.0180532513186335,0.0030804314883425,1.534868597984314,0.25,0.0,1.5,0.0,0.0,1.5,0.0,0.4128580540418625,0.025262925773859003,0.7438959181308746,0.027508357394866623,0.008333086242065506,1.5145474159230097,0.02756922008744339,0.009690103159087547,1.5146372372305419,0.02235830738446217,-0.021916008750486732,0.3481745645403862
E1_fixed_1p5,E1_fixed_1p5|QR_hover_Light_1p5_0p15_NoWind_test1,E1_fixed_1p5|QR_hover_Light_1p5_0p15_NoWind_test1,1731933248.25,0.0272569084963361,0.0120892449403644,1.5244994477731546,0.0156631655991077,0.0040802233852446,1.546286702156067,0.25,0.0,1.5,0.0,0.0,1.5,0.0,0.50517338514328,0.12052481621503831,1.069740653038025,0.027126314313226346,0.00771319140491458,1.5250735817898362,0.027188024984204667,0.009076748074053459,1.5251653339136997,0.02235830738446217,-0.021916008750486732,0.3481745645403862
E1_fixed_1p5,E1_fixed_1p5|QR_hover_Light_1p5_0p15_NoWind_test1,E1_fixed_1p5|QR_hover_Light_1p5_0p15_NoWind_test1,1731933248.375,0.0266139886409983,0.0123560581030383,1.533250037443198,0.0131658418104051,0.0040615908801555,1.5559377074241638,0.25,0.0,1.5,0.0,0.0,1.5,0.0,0.25010811373184105,-0.09034652953477249,1.1688881331070933,0.0263591528813642,0.0076502209108196524,1.532951371030329,0.026422997057012176,0.009021687429660235,1.5330375565630465,0.02235830738446217,-0.021916008750486732,0.3481745645403862
E1_fixed_1p5,E1_fixed_1p5|QR_hover_Light_1p5_0p15_NoWind_test1,E1_fixed_1p5|QR_hover_Light_1p5_0p15_NoWind_test1,1731933248.5,0.0240906889223113,0.0123673857571281,1.54076730597126,0.0118239028379321,0.0051519572734832,1.565102458000183,0.25,0.0,1.5,0.0,0.0,1.5,0.0,0.1324824690818786,-0.22578299045562739,1.1263246536254885,0.02373411093326508,0.007826935592213766,1.5399052480545006,0.023801405099294598,0.009216844237073616,1.5399898455294836,0.02235830738446217,-0.021916008750486732,0.3481745645403862
E1_fixed_1p5,E1_fixed_1p5|QR_hover_Light_1p5_0p15_NoWind_test1,E1_fixed_1p5|QR_hover_Light_1p5_0p15_NoWind_test1,1731933248.625,0.0204872593214647,0.0129649606230186,1.5459177237494213,0.0104487296193838,0.0064366876613347,1.5701425075531006,0.25,0.0,1.5,0.0,0.0,1.5,0.0,-0.08671631422784444,-0.2184482766035901,1.0361642663642303,0.020115785032112837,0.00887878396633239,1.545022667579061,0.02019052256524148,0.01029289421512601,1.5451030608927667,0.02235830738446217,-0.021916008750486732,0.3481745645403862
E1_fixed_1p5,E1_fixed_1p5|QR_hover_Light_1p5_0p15_NoWind_test1,E1_fixed_1p5|QR_hover_Light_1p5_0p15_NoWind_test1,1731933248.75,0.01907175101502,0.0139291279665305,1.5496132221500742,0.0071911439299583,0.0052797514945268,1.5758475065231323,0.25,0.0,1.5,0.0,0.0,1.5,0.0,-0.2108983546495437,-0.016657942906022,0.5784763693809509,0.018926648667171003,0.0117793031705678,1.5494944736098923,0.01902015867052695,0.01320304404805754,1.5495715757724728,0.02235830738446217,-0.021916008750486732,0.3481745645403862
E1_fixed_1p5,E1_fixed_1p5|QR_hover_Light_1p5_0p15_NoWind_test1,E1_fixed_1p5|QR_hover_Light_1p5_0p15_NoWind_test1,1731933248.875,0.0187620544058728,0.0129978526429452,1.5528356732904731,0.0044956954661756,0.0048277773894368,1.5778191685676577,0.25,0.0,1.5,0.0,0.0,1.5,0.0,-0.15532891160087203,-0.07469343581169315,0.17777505200711288,0.018653758046998314,0.01242329135260998,1.552498744691366,0.018752711804275568,0.013849412096021963,1.5525778043921195,0.02235830738446217,-0.021916008750486732,0.3481745645403862
E1_fixed_1p5,E1_fixed_1p5|QR_hover_Light_1p5_0p15_NoWind_test1,E1_fixed_1p5|QR_hover_Light_1p5_0p15_NoWind_test1,1731933249.0,0.0144052266121789,0.011454349088745,1.5537698449323434,0.0027270726859569,0.0019600342493504,1.579344630241394,0.25,0.0,1.5,0.0,0.0,1.5,0.0,0.1937266439199447,-0.014729797840118401,-0.3224765062332153,0.014458577215208934,0.012598363959584812,1.5537476972791577,0.01456126546603334,0.014049969944302685,1.5538376839245747,0.02235830738446217,-0.021916008750486732,0.3481745645403862
E1_fixed_1p5,E1_fixed_1p5|QR_hover_Light_1p5_0p15_NoWind_test1,E1_fixed_1p5|QR_hover_Light_1p5_0p15_NoWind_test1,1731933249.125,0.0116382928547924,0.0102793292863241,1.554329074898107,0.0012310771442718,-0.0002259178495316,1.5798995577115988,0.25,0.0,1.5,0.0,0.0,1.5,0.0,0.3175557106733322,-0.19422434270381922,-0.43293289840221405,0.011537509117496042,0.01178022653023106,1.5535768898691091,0.011635949603949453,0.01324853350974635,1.5536718945228196,0.02235830738446217,-0.021916008750486732,0.3481745645403862
E1_fixed_1p5,E1_fixed_1p5|QR_hover_Light_1p5_0p15_NoWind_test1,E1_fixed_1p5|QR_hover_Light_1p5_0p15_NoWind_test1,1731933249.25,0.0114753558525929,0.0083906371230432,1.554621605955176,-3.547102977539149e-05,0.0009715385710123,1.5799118882014331,0.25,0.0,1.5,0.0,0.0,1.5,0.0,0.2581294178962707,-0.0483721010386943,-0.4410006701946258,0.011499048391712813,0.009980469843074432,1.5544574586053483,0.011586585414007922,0.011450081631697709,1.554551515745904,0.02235830738446217,-0.021916008750486732,0.3481745645403862
E1_fixed_1p5,E1_fixed_1p5|QR_hover_Light_1p5_0p15_NoWind_test1,E1_fixed_1p5|QR_hover_Light_1p5_0p15_NoWind_test1,1731933249.375,0.0095866248755313,0.0069765963587278,1.5534778663501505,0.0003620524857866,0.0016732978738556,1.5763812207217869,0.25,0.0,1.5,0.0,0.0,1.5,0.0,-0.27853215086463945,0.026024038511743883,-0.3103906303725536,0.00965365360901796,0.008538641449307377,1.5535525107120283,0.009729025908670641,0.010020376366264246,1.5536339173614777,0.02235830738446217,-0.021916008750486732,0.3481745645403862
E1_fixed_1p5,E1_fixed_1p5|QR_hover_Light_1p5_0p15_NoWind_test1,E1_fixed_1p5|QR_hover_Light_1p5_0p15_NoWind_test1,1731933249.5,0.0111387136061102,0.0059903697879198,1.551031416508961,-0.0012642455,0.0025047631934285,1.5747397541999817,0.25,0.0,1.5,0.0,0.0,1.5,0.0,0.0036667378153651003,0.2854067087173462,0.042197298258543,0.011391535354005472,0.005811374738853181,1.552220998283992,0.01145124156470062,0.007282753257637084,1.5523092295184746,0.02235830738446217,-0.021916008750486732,0.3481745645403862
E1_fixed_1p5,E1_fixed_1p5|QR_hover_Light_1p5_0p15_NoWind_test1,E1_fixed_1p5|QR_hover_Light_1p5_0p15_NoWind_test1,1731933249.625,0.0116796216911861,0.0054764546721472,1.5492728877885733,-0.0021561001358368,0.0022511388514803,1.569931344220965,0.25,0.0,1.5,0.0,0.0,1.5,0.0,-0.00347474106820295,0.37737084925174713,0.3847921937704086,0.011977883481390728,0.0038810118657675963,1.5508411402208582,0.012025152112327964,0.005348743842610491,1.5509291120696513,0.02235830738446217,-0.021916008750486732,0.3481745645403862
E1_fixed_1p5,E1_fixed_1p5|QR_hover_Light_1p5_0p15_NoWind_test1,E1_fixed_1p5|QR_hover_Light_1p5_0p15_NoWind_test1,1731933249.75,0.0090086083021217,0.0053272348831308,1.545954861017819,-0.0013915846958245,-0.0005143290845941,1.569871334975916,0.25,0.0,1.5,0.0,0.0,1.5,0.0,-0.1158908307552337,0.3495927155017853,0.6990790963172913,0.00924520734599682,0.0024829283701057743,1.5474135469669186,0.009282059834686579,0.003965981957142078,1.547499724471112,0.02235830738446217,-0.021916008750486732,0.3481745645403862
E1_fixed_1p5,E1_fixed_1p5|QR_hover_Light_1p5_0p15_NoWind_test1,E1_fixed_1p5|QR_hover_Light_1p5_0p15_NoWind_test1,1731933249.875,0.0099458118976719,0.0045239130086445,1.5452746192409692,0.0002014747778168,4.209695740555544e-05,1.566120328819237,0.25,0.0,1.5,0.0,0.0,1.5,0.0,-0.07976507768034931,-0.0462839771062135,0.7506149113178253,0.009869834660672455,0.0014412782857608167,1.545074344951454,0.009899675654453738,0.0029182887795553133,1.5451617980327959,0.02235830738446217,-0.021916008750486732,0.3481745645403862
E1_fixed_1p5,E1_fixed_1p5|QR_hover_Light_1p5_0p15_NoWind_test1,E1_fixed_1p5|QR_hover_Light_1p5_0p15_NoWind_test1,1731933250.0,0.0087921929258563,0.0041481827883064,1.544145207895771,0.0021423425059765,-0.000716138,1.5628541707992554,0.25,0.0,1.5,0.0,0.0,1.5,0.0,0.20891122519969937,-0.18974173814058298,0.5367442220449448,0.008620513653222778,0.0017260707188162519,1.5433610106543079,0.008652870975029647,0.003209047061765697,1.5434566257604414,0.02235830738446217,-0.021916008750486732,0.3481745645403862
E1_fixed_1p5,E1_fixed_1p5|QR_hover_Light_1p5_0p15_NoWind_test1,E1_fixed_1p5|QR_hover_Light_1p5_0p15_NoWind_test1,1731933250.1111112,0.0101270925428762,0.0048455090653207,1.5426431764830923,0.0019986904873356,-0.0010666241162829,1.5612797308659374,0.25,0.0,1.5,0.0,0.0,1.5,0.0,0.20038689220863679,-0.3876317500680159,0.41397832989340255,0.009816307715787481,0.0029610358046932342,1.5410360502276983,0.009855219802924586,0.004435269441270813,1.5411308171531495,0.02235830738446217,-0.021916008750486732,0.3481745645403862
E1_fixed_1p5,E1_fixed_1p5|QR_hover_Light_1p5_0p15_NoWind_test1,E1_fixed_1p5|QR_hover_Light_1p5_0p15_NoWind_test1,1731933250.2222223,0.0101661940687952,0.0047982044728026,1.5412561010666277,0.0026777649658174,-0.0031383169821566,1.5594109822114155,0.25,0.0,1.5,0.0,0.0,1.5,0.0,0.12183902552434617,-0.39972535572750495,0.5998425124609184,0.009847983058223236,0.0021964232705820536,1.5395920142508872,0.009881294819300834,0.0036701168323718587,1.5396847675262264,0.02235830738446217,-0.021916008750486732,0.3481745645403862
E1_fixed_1p5,E1_fixed_1p5|QR_hover_Light_1p5_0p15_NoWind_test1,E1_fixed_1p5|QR_hover_Light_1p5_0p15_NoWind_test1,1731933250.3333333,0.0085617901640394,0.004602972589518,1.5395518146264606,5.409240475273691e-05,-0.001783973,1.5592548847198486,0.25,0.0,1.5,0.0,0.0,1.5,0.0,0.08534592638413106,-0.17786293228467298,0.6741872827212017,0.008403407088265147,0.0017014199408091526,1.5388089426463227,0.008433250106528345,0.003184283701383721,1.5389012628190024,0.02235830738446217,-0.021916008750486732,0.3481745645403862
E1_fixed_1p5,E1_fixed_1p5|QR_hover_Light_1p5_0p15_NoWind_test1,E1_fixed_1p5|QR_hover_Light_1p5_0p15_NoWind_test1,1731933250.4444444,0.0080506751337494,0.0050259271549682,1.5370873008431862,-0.0016514012243841,-0.0010126047872709,1.55660781542973,0.25,0.0,1.5,0.0,0.0,1.5,0.0,0.41559112948091,0.05910719182248407,1.1025280488610874,0.00804235869494116,0.00010116400540331635,1.5373723589136545,0.00806311162776302,0.0015858284254743628,1.5374730679795396,0.02235830738446217,-0.021916008750486732,0.3481745645403862
E1_fixed_1p5,E1_fixed_1p5|QR_hover_Light_1p5_0p15_NoWind_test1,E1_fixed_1p5|QR_hover_Light_1p5_0p15_NoWind_test1,1731933250.5555556,0.0067613776902521,0.0054596657524898,1.5354172284266216,-0.0040553334919931,-0.0012343322142702,1.5577363331616965,0.25,0.0,1.5,0.0,0.0,1.5,0.0,-0.0808091638647736,0.4064926188648297,1.317097190242524,0.006956269378477459,-7.692813150305013e-05,1.5371342764886027,0.0069738192164338075,0.0014158527929995744,1.5372221200003247,0.02235830738446217,-0.021916008750486732,0.3481745645403862
E1_fixed_1p5,E1_fixed_1p5|QR_hover_Light_1p5_0p15_NoWind_test1,E1_fixed_1p5|QR_hover_Light_1p5_0p15_NoWind_test1,1731933250.6666667,0.0052727332749718,0.0057984442290416,1.5337708461476849,-0.0036394144757031,-0.0006462711243979,1.5553373480045227,0.25,0.0,1.5,0.0,0.0,1.5,0.0,-0.20837839941183722,0.2762985626856486,1.7456055879592898,0.005371451404877131,-0.001531322832124692,1.5349292906646903,0.0053788169023236965,-2.9826710555303475e-05,1.535014325267974,0.02235830738446217,-0.021916008750486732,0.3481745645403862
E1_fixed_1p5,E1_fixed_1p5|QR_hover_Light_1p5_0p15_NoWind_test1,E1_fixed_1p5|QR_hover_Light_1p5_0p15_NoWind_test1,1731933250.7777777,0.0075322572040767,0.0061031494174735,1.5320835478076702,-0.0034661003886052,-0.000896247026753,1.5531209324267852,0.25,0.0,1.5,0.0,0.0,1.5,0.0,-0.13425806518485553,0.3070038902760404,1.8057713534867645,0.007633207978061829,-0.0014597389251777798,1.5333678896029397,0.007640668573456633,2.7300771596670386e-05,1.533453886088702,0.02235830738446217,-0.021916008750486732,0.3481745645403862
E1_fixed_1p5,E1_fixed_1p5|QR_hover_Light_1p5_0p15_NoWind_test1,E1_fixed_1p5|QR_hover_Light_1p5_0p15_NoWind_test1,1731933250.8888888,0.0098827938565214,0.0062835139288361,1.5309684722521062,-0.0042204429425929,-0.0015370305144962,1.5516603550707024,0.25,0.0,1.5,0.0,0.0,1.5,0.0,-0.18193610867208426,-0.12732397935185152,1.6845496099877362,0.00973081067603676,-0.0006815973334493975,1.5304146937146126,0.009741825478149113,0.000790774755111104,1.530498946830795,0.02235830738446217,-0.021916008750486732,0.3481745645403862
E1_fixed_1p5,E1_fixed_1p5|QR_hover_Light_1p5_0p15_NoWind_test1,E1_fixed_1p5|QR_hover_Light_1p5_0p15_NoWind_test1,1731933251.0,0.0097015978244231,0.0063603695174147,1.5308345716138654,-0.003354594,-0.006751085,1.5501103401184082,0.25,0.0,1.5,0.0,0.0,1.5,0.0,-0.3766140639781952,-0.6035084128379822,1.2018165588378906,0.00930587269868935,0.0015148973421492808,1.5282593234853061,0.009329033757591781,0.00298844427683746,1.5283390614504746,0.02235830738446217,-0.021916008750486732,0.3481745645403862
E1_fixed_1p5,E1_fixed_1p5|QR_hover_Light_1p5_0p15_NoWind_test1,E1_fixed_1p5|QR_hover_Light_1p5_0p15_NoWind_test1,1731933251.125,0.0068963440776118,0.0046804619261507,1.5301055198974114,-0.00206363,-0.005950731,1.5476099252700806,0.25,0.0,1.5,0.0,0.0,1.5,0.0,-0.28901714115806626,-0.4947400451337437,1.6315321984758269,0.0066067344402384875,-0.002098422459958653,1.5279812701338136,0.006608055500842203,-0.0006083641238216281,1.5280647077479568,0.02235830738446217,-0.021916008750486732,0.3481745645403862
E1_fixed_1p5,E1_fixed_1p5|QR_hover_Light_1p5_0p15_NoWind_test1,E1_fixed_1p5|QR_hover_Light_1p5_0p15_NoWind_test1,1731933251.25,0.0048300127836559,0.002919850248237,1.5292794218847168,-0.000785676,-0.006903758,1.5467710494995115,0.25,0.0,1.5,0.0,0.0,1.5,0.0,-0.3788621723651886,-0.24564093351364127,1.3515113592147827,0.004701629464790497,-0.0026729922293313086,1.5282081057207089,0.004699333165060382,-0.0011708067648464253,1.5282903652307818,0.02235830738446217,-0.021916008750486732,0.3481745645403862
E1_fixed_1p5,E1_fixed_1p5|QR_hover_Light_1p5_0p15_NoWind_test1,E1_fixed_1p5|QR_hover_Light_1p5_0p15_NoWind_test1,1731933251.375,0.0021481633964241,0.0012549670718268,1.5263062231616116,-0.0067814425,-0.0096915059999999,1.5465800762176514,0.25,0.0,1.5,0.0,0.0,1.5,0.0,-0.2846105545759201,-0.12453884258866305,1.2177482843399048,0.002118126748310023,-0.003883267244691473,1.5257608690824858,0.002107980679399435,-0.002366279524855594,1.5258471024587053,0.02235830738446217,-0.021916008750486732,0.3481745645403862
E1_fixed_1p5,E1_fixed_1p5|QR_hover_Light_1p5_0p15_NoWind_test1,E1_fixed_1p5|QR_hover_Light_1p5_0p15_NoWind_test1,1731933251.5,0.0011330789586146,7.976412638166558e-05,1.5235770859997235,-0.008237884,-0.010598799,1.5446600914001465,0.25,0.0,1.5,0.0,0.0,1.5,0.0,-0.0274345520883798,0.08416593819856641,1.013953447341919,0.0012053335207082017,-0.004312268002972841,1.5239425982571206,0.0011926596022757696,-0.0027906696316496527,1.5240364153398827,0.02235830738446217,-0.021916008750486732,0.3481745645403862
E1_fixed_1p5,E1_fixed_1p5|QR_hover_Light_1p5_0p15_NoWind_test1,E1_fixed_1p5|QR_hover_Light_1p5_0p15_NoWind_test1,1731933251.625,0.0004822810875878,0.0004517243187668,1.521233547325801,-0.007607442,-0.0100595399999999,1.5415021777153015,0.25,0.0,1.5,0.0,0.0,1.5,0.0,0.05288271699100725,0.3352666646242142,1.0578341484069824,0.0006453285624885563,-0.004172081171815564,1.522693638076281,0.000633235504037849,-0.0026475599180606963,1.5227896210904512,0.02235830738446217,-0.021916008750486732,0.3481745645403862
E1_fixed_1p5,E1_fixed_1p5|QR_hover_Light_1p5_0p15_NoWind_test1,E1_fixed_1p5|QR_hover_Light_1p5_0p15_NoWind_test1,1731933251.75,0.0018359058181054,0.0003687491484171,1.519628367868097,-0.006353572,-0.009634365,1.538934588432312,0.25,0.0,1.5,0.0,0.0,1.5,0.0,0.3290969729423523,0.4299133419990539,1.0985151529312134,0.002030857330330177,-0.004498773350728412,1.5214916673207957,0.002016927255169748,-0.0029836059079835857,1.5215944476668917,0.02235830738446217,-0.021916008750486732,0.3481745645403862
E1_fixed_1p5,E1_fixed_1p5|QR_hover_Light_1p5_0p15_NoWind_test1,E1_fixed_1p5|QR_hover_Light_1p5_0p15_NoWind_test1,1731933251.875,0.0043997150872218,0.0009993812743163,1.5182158285869205,-0.0048306445,-0.0077288625,1.5359907150268557,0.25,0.0,1.5,0.0,0.0,1.5,0.0,0.46829170339600945,0.16675892520050625,0.6753052015178204,0.004460825703108795,-0.0020436057620859963,1.5189381277946736,0.004461059398385536,-0.0005447297027584228,1.519043293860704,0.02235830738446217,-0.021916008750486732,0.3481745645403862
E1_fixed_1p5,E1_fixed_1p5|QR_hover_Light_1p5_0p15_NoWind_test1,E1_fixed_1p5|QR_hover_Light_1p5_0p15_NoWind_test1,1731933252.0,0.0086706549404073,0.002519870612557,1.517246337705413,-0.002921382,-0.007741969,1.535444974899292,0.25,0.0,1.5,0.0,0.0,1.5,0.0,0.3949950337409973,0.0587384030222892,0.9396562576293944,0.008681557455444189,-0.0015567614098223408,1.5175106961834173,0.00868389125682284,-8.396717611720765e-05,1.5176115674943926,0.02235830738446217,-0.021916008750486732,0.3481745645403862
E1_fixed_1p5,E1_fixed_1p5|QR_hover_Light_1p5_0p15_NoWind_test1,E1_fixed_1p5|QR_hover_Light_1p5_0p15_NoWind_test1,1731933252.125,0.0077742183138961,0.0046692066872394,1.5174084578541926,-4.014374368579998e-05,-0.0038128025,1.5340516567230225,0.25,0.0,1.5,0.0,0.0,1.5,0.0,-0.05171158537268635,-0.0062033943831920554,0.8436601758003235,0.007729612980905104,0.0011178205241371823,1.517378010826537,0.007747348049177177,0.0025970123199466474,1.5174669218580998,0.02235830738446217,-0.021916008750486732,0.3481745645403862
E1_fixed_1p5,E1_fixed_1p5|QR_hover_Light_1p5_0p15_NoWind_test1,E1_fixed_1p5|QR_hover_Light_1p5_0p15_NoWind_test1,1731933252.25,0.0124650821798882,0.0063666410136704,1.5167197661711285,0.0005007339059375,-0.001677793,1.5333572626113892,0.25,0.0,1.5,0.0,0.0,1.5,0.0,-0.24215118587017062,-0.2303710281848907,0.7668256163597107,0.012335013624526103,0.0032568132527477926,1.5157375125418207,0.012364758630230399,0.004707582675630537,1.5158193744157242,0.02235830738446217,-0.021916008750486732,0.3481745645403862
E1_fixed_1p5,E1_fixed_1p5|QR_hover_Light_1p5_0p15_NoWind_test1,E1_fixed_1p5|QR_hover_Light_1p5_0p15_NoWind_test1,1731933252.375,0.0136132492986159,0.0065196849500198,1.5150171826241734,0.0015220220957416,-0.00086228,1.5317115783691406,0.25,0.0,1.5,0.0,0.0,1.5,0.0,-0.3893613219261169,-0.23108116537332535,0.36445631086826324,0.013517450004392723,0.005117441963245508,1.5140190337863035,0.0135577030854441,0.0065605259172616,1.5140967266566228,0.02235830738446217,-0.021916008750486732,0.3481745645403862
E1_fixed_1p5,E1_fixed_1p5|QR_hover_Light_1p5_0p15_NoWind_test1,E1_fixed_1p5|QR_hover_Light_1p5_0p15_NoWind_test1,1731933252.5,0.0153349400820931,0.0064042622271792,1.514200738528595,0.0017014882760122,-0.001955535,1.5309146642684937,0.25,0.0,1.5,0.0,0.0,1.5,0.0,-0.08161169290542601,0.2628071308135986,0.1180706992745399,0.015389762227175946,0.00594102952468521,1.5152678222439422,0.015435898729561803,0.007372709444145994,1.5153522456452022,0.02235830738446217,-0.021916008750486732,0.3481745645403862
E1_fixed_1p5,E1_fixed_1p5|QR_hover_Light_1p5_0p15_NoWind_test1,E1_fixed_1p5|QR_hover_Light_1p5_0p15_NoWind_test1,1731933252.625,0.0102539622911689,0.004336530126305,1.5144277522101437,-0.000196479,-0.0036336479999999,1.5317368507385254,0.25,0.0,1.5,0.0,0.0,1.5,0.0,0.0319487182423472,0.4117881953716278,0.4091748148202896,0.010339063099566143,0.0026170396165844842,1.5161528496590977,0.010365581016082787,0.004079679513407591,1.5162428315809222,0.02235830738446217,-0.021916008750486732,0.3481745645403862
E1_fixed_1p5,E1_fixed_1p5|QR_hover_Light_1p5_0p15_NoWind_test1,E1_fixed_1p5|QR_hover_Light_1p5_0p15_NoWind_test1,1731933252.75,0.0109401156905852,0.0021862184791828,1.513493050964044,0.0004895569290965,-0.005999085,1.530841827392578,0.25,0.0,1.5,0.0,0.0,1.5,0.0,0.1844528615474701,0.5674988627433777,-0.1024918183684349,0.011089768952519785,0.0025701401236200216,1.5158671403274935,0.011116191025786565,0.004027766610764172,1.5159616154473317,0.02235830738446217,-0.021916008750486732,0.3481745645403862
E1_fixed_1p5,E1_fixed_1p5|QR_hover_Light_1p5_0p15_NoWind_test1,E1_fixed_1p5|QR_hover_Light_1p5_0p15_NoWind_test1,1731933252.875,0.0090541476974675,0.0007174512421587,1.514300259297888,0.0015161654155235,-0.0048735925,1.53126859664917,0.25,0.0,1.5,0.0,0.0,1.5,0.0,-0.029307118352001876,-0.2987380701542861,0.003416966836017457,0.008982821240570371,0.0007103921945039528,1.513043419024192,0.008996557326110016,0.002180211354093765,1.5131340470476546,0.02235830738446217,-0.021916008750486732,0.3481745645403862
E1_fixed_1p5,E1_fixed_1p5|QR_hover_Light_1p5_0p15_NoWind_test1,E1_fixed_1p5|QR_hover_Light_1p5_0p15_NoWind_test1,1731933253.0,0.011142459331337,0.0006724904475128,1.515605050843142,0.0015758990775793,-0.00544401,1.531916856765747,0.25,0.0,1.5,0.0,0.0,1.5,0.0,-0.0093464143574237,-0.2563387453556061,0.0014860852388665,0.011075016845997848,0.0006688390071875115,1.5145361504100396,0.011089058179905437,0.0021264454746164133,1.5146265066840967,0.02235830738446217,-0.021916008750486732,0.3481745645403862
E1_fixed_1p5,E1_fixed_1p5|QR_hover_Light_1p5_0p15_NoWind_test1,E1_fixed_1p5|QR_hover_Light_1p5_0p15_NoWind_test1,1731933253.125,0.0112575463572342,0.001221903244582,1.5160943702090035,0.0036042146384715,-0.003669511,1.5293163061141968,0.25,0.0,1.5,0.0,0.0,1.5,0.0,0.01414083596318955,-0.32246653735637665,-0.042305812239646905,0.01117170990437688,0.0013942764239342944,1.514750756407259,0.011190282320067635,0.002851313524364468,1.5148414865882274,0.02235830738446217,-0.021916008750486732,0.3481745645403862
E1_fixed_1p5,E1_fixed_1p5|QR_hover_Light_1p5_0p15_NoWind_test1,E1_fixed_1p5|QR_hover_Light_1p5_0p15_NoWind_test1,1731933253.25,0.0111943971239166,0.0010853094316608,1.5161973573994565,-1.96e-05,-0.00415139,1.5299888849258425,0.25,0.0,1.5,0.0,0.0,1.5,0.0,0.00022468276438299999,-0.3279691040515899,0.4172044694423675,0.011104024972365817,-0.000654298995245536,1.514830146887966,0.011110111679389412,0.0008032828253062569,1.5149205979493656,0.02235830738446217,-0.021916008750486732,0.3481745645403862
E1_fixed_1p5,E1_fixed_1p5|QR_hover_Light_1p5_0p15_NoWind_test1,E1_fixed_1p5|QR_hover_Light_1p5_0p15_NoWind_test1,1731933253.375,0.0079406943924676,0.0012757063918817,1.5133901098645357,-0.0009158275,-0.004765003,1.528922259807587,0.25,0.0,1.5,0.0,0.0,1.5,0.0,-0.1923381835222244,0.31534913182258606,0.6014157831668854,0.00801750244001287,-0.0012193858853377145,1.5147178080187516,0.008019840770760622,0.0002571915413250893,1.5148042660097152,0.02235830738446217,-0.021916008750486732,0.3481745645403862
E1_fixed_1p5,E1_fixed_1p5|QR_hover_Light_1p5_0p15_NoWind_test1,E1_fixed_1p5|QR_hover_Light_1p5_0p15_NoWind_test1,1731933253.5,0.0055677458867415,0.0009512797654923,1.51168875584534,-0.003948009,-0.005103815,1.5282491445541382,0.25,0.0,1.5,0.0,0.0,1.5,0.0,-0.1574806272983551,0.2053761184215545,0.7377720475196838,0.005618802527928957,-0.0021634761121505923,1.5125621849421806,0.005614713024973045,-0.0006732215575191052,1.5126505762778217,0.02235830738446217,-0.021916008750486732,0.3481745645403862
E1_fixed_1p5,E1_fixed_1p5|QR_hover_Light_1p5_0p15_NoWind_test1,E1_fixed_1p5|QR_hover_Light_1p5_0p15_NoWind_test1,1731933253.625,0.0063758798920861,0.0007814493390744,1.5111616919712771,-0.0051327809999999,-0.0053349875,1.5286470651626587,0.25,0.0,1.5,0.0,0.0,1.5,0.0,-0.00597385177388785,0.08573181927204125,0.7796737849712372,0.00640475892459591,-0.0025323325683896834,1.5115261331879044,0.006398224856496881,-0.0010474529212525258,1.5116182579760642,0.02235830738446217,-0.021916008750486732,0.3481745645403862
E1_fixed_1p5,E1_fixed_1p5|QR_hover_Light_1p5_0p15_NoWind_test1,E1_fixed_1p5|QR_hover_Light_1p5_0p15_NoWind_test1,1731933253.75,0.004953111920536,0.0014944971595845,1.5104687588991237,-0.003407773,-0.006723633,1.5264486074447632,0.25,0.0,1.5,0.0,0.0,1.5,0.0,0.2426129430532455,0.11977525800466532,0.71200031042099,0.0049764433759143245,-0.0015947361354085908,1.5109872338656845,0.004975727210629333,-0.00010185122414290722,1.5110860796698187,0.02235830738446217,-0.021916008750486732,0.3481745645403862
E1_fixed_1p5,E1_fixed_1p5|QR_hover_Light_1p5_0p15_NoWind_test1,E1_fixed_1p5|QR_hover_Light_1p5_0p15_NoWind_test1,1731933253.875,0.0047930284351331,0.0019184782236337,1.5111158048755966,-0.0037342495,-0.0058924849999999,1.5259847044944763,0.25,0.0,1.5,0.0,0.0,1.5,0.0,0.1335233598947525,-0.18722001463174814,0.8213838934898376,0.004756070563894849,-0.0016232588688852747,1.5103189479174763,0.004754790603753972,-0.00012894187063555883,1.5104149518926286,0.02235830738446217,-0.021916008750486732,0.3481745645403862
E1_fixed_1p5,E1_fixed_1p5|QR_hover_Light_1p5_0p15_NoWind_test1,E1_fixed_1p5|QR_hover_Light_1p5_0p15_NoWind_test1,1731933254.0,0.0056155421612753,0.0024422502649561,1.5113369924716546,-0.002954128,-0.005346407,1.5249375104904177,0.25,0.0,1.5,0.0,0.0,1.5,0.0,-0.1658742278814315,-0.45486417412757874,2.216958999633789,0.005620534443527642,-0.006983638533204197,1.5093893996057741,0.005585899918446574,-0.0054941239351453406,1.5094772095732911,0.02235830738446217,-0.021916008750486732,0.3481745645403862
E1_fixed_1p5,E1_fixed_1p5|QR_hover_Light_1p5_0p15_NoWind_test1,E1_fixed_1p5|QR_hover_Light_1p5_0p15_NoWind_test1,1731933254.125,0.005134025185515,0.0029273289174069,1.5111226294390003,-0.0033006765,-0.0043377095,1.524718940258026,0.25,0.0,1.5,0.0,0.0,1.5,0.0,0.2477517798542976,-0.23386012762784958,1.0073175132274628,0.005077847340653446,-0.0014267702964619897,1.510135641336831,0.005077795904761401,6.536100186973278e-05,1.5102341306980962,0.02235830738446217,-0.021916008750486732,0.3481745645403862
E1_fixed_1p5,E1_fixed_1p5|QR_hover_Light_1p5_0p15_NoWind_test1,E1_fixed_1p5|QR_hover_Light_1p5_0p15_NoWind_test1,1731933254.25,0.0049951020737381,0.0031621249561037,1.5110328527422143,-0.004897076,-0.003444735,1.525707483291626,0.25,0.0,1.5,0.0,0.0,1.5,0.0,-0.0829469189047813,-0.2374414801597595,0.3544974327087402,0.004936530523148991,0.00166189154020129,1.5100128380694255,0.004954896215521004,0.0031552831228391673,1.5101026818912628,0.02235830738446217,-0.021916008750486732,0.3481745645403862
E1_fixed_1p5,E1_fixed_1p5|QR_hover_Light_1p5_0p15_NoWind_test1,E1_fixed_1p5|QR_hover_Light_1p5_0p15_NoWind_test1,1731933254.375,0.0032361693939657,0.0036581975399124,1.5094684043677256,-0.0064277315,-0.003791763,1.5240617394447329,0.25,0.0,1.5,0.0,0.0,1.5,0.0,-0.09287811070680616,0.11623910069465634,0.8439441919326782,0.003228532838066872,3.883073086769496e-05,1.509963065431717,0.0032369950760624544,0.001542453315487888,1.5100529311423925,0.02235830738446217,-0.021916008750486732,0.3481745645403862
E1_fixed_1p5,E1_fixed_1p5|QR_hover_Light_1p5_0p15_NoWind_test1,E1_fixed_1p5|QR_hover_Light_1p5_0p15_NoWind_test1,1731933254.5,0.0039124011790617,0.0034231873667347,1.5068407886179491,-0.005198178,0.0008613904356025,1.519019365310669,0.25,0.0,1.5,0.0,0.0,1.5,0.0,-0.1959655284881591,0.5944745540618896,1.1833418607711792,0.003977788246020186,-0.001634571727436191,1.5093819184107564,0.003975720401526994,-0.00013593155331070996,1.5094686992128536,0.02235830738446217,-0.021916008750486732,0.3481745645403862
E1_fixed_1p5,E1_fixed_1p5|QR_hover_Light_1p5_0p15_NoWind_test1,E1_fixed_1p5|QR_hover_Light_1p5_0p15_NoWind_test1,1731933254.625,0.0007842873465282,0.0012089909621526,1.5050079724079466,-0.0054531944999999,-0.0036758285,1.5188549757003784,0.25,0.0,1.5,0.0,0.0,1.5,0.0,-0.0678641945123672,0.3383714854717254,1.157913327217102,0.0008445327238874867,-0.003820798153476907,1.506478233405456,0.000828312056496916,-0.002304313922097226,1.5065706122163074,0.02235830738446217,-0.021916008750486732,0.3481745645403862
E1_fixed_1p5,E1_fixed_1p5|QR_hover_Light_1p5_0p15_NoWind_test1,E1_fixed_1p5|QR_hover_Light_1p5_0p15_NoWind_test1,1731933254.75,0.0034286421835309,-0.0005264588682182,1.5041860583263793,-0.005224052,-0.00447708,1.519432783126831,0.25,0.0,1.5,0.0,0.0,1.5,0.0,0.0257166754454374,0.3649636805057525,1.2471667528152466,0.003530210799314426,-0.005894259215103016,1.505756340711233,0.0035011372171523947,-0.004394545330982554,1.5058509278585388,0.02235830738446217,-0.021916008750486732,0.3481745645403862
E1_fixed_1p5,E1_fixed_1p5|QR_hover_Light_1p5_0p15_NoWind_test1,E1_fixed_1p5|QR_hover_Light_1p5_0p15_NoWind_test1,1731933254.875,0.0047803099047046,-0.0003623655743794,1.5043773934480598,-0.0032699295,-0.00507819,1.5178570747375488,0.25,0.0,1.5,0.0,0.0,1.5,0.0,0.06756395846605295,0.12045851722359655,1.5175946354866028,0.0048857975328085446,-0.0068615203930092175,1.5048925023669208,0.004850505780334996,-0.00537015168033417,1.504987609388673,0.02235830738446217,-0.021916008750486732,0.3481745645403862
E1_fixed_1p5,E1_fixed_1p5|QR_hover_Light_1p5_0p15_NoWind_test1,E1_fixed_1p5|QR_hover_Light_1p5_0p15_NoWind_test1,1731933255.0,0.0056115279623654,0.0006649734221816,1.505058500172416,0.0007645352743566,-0.004914941,1.5169897079467771,0.25,0.0,1.5,0.0,0.0,1.5,0.0,0.045644111931324005,-0.23507380485534662,1.0022472143173218,0.005618659589837455,-0.0036142355010309593,1.5040563086188796,0.005602768728700386,-0.0021272733442397234,1.50415017271665,0.02235830738446217,-0.021916008750486732,0.3481745645403862
E1_fixed_1p5,E1_fixed_1p5|QR_hover_Light_1p5_0p15_NoWind_test1,E1_fixed_1p5|QR_hover_Light_1p5_0p15_NoWind_test1,1731933255.125,0.0090976242091305,0.0018186988428402,1.5062138222358123,6.170245978864841e-05,-0.004865307,1.5168391466140747,0.25,0.0,1.5,0.0,0.0,1.5,0.0,0.1434883996844291,-0.4913431257009506,0.8234643936157227,0.009052127382566222,-0.001659863177552581,1.5041522824216615,0.009048138190612315,-0.00019366955627087045,1.5042469632253235,0.02235830738446217,-0.021916008750486732,0.3481745645403862
E1_fixed_1p5,E1_fixed_1p5|QR_hover_Light_1p5_0p15_NoWind_test1,E1_fixed_1p5|QR_hover_Light_1p5_0p15_NoWind_test1,1731933255.25,0.0103695276996171,0.0029460122578117,1.5045383531220062,-0.000566466,-0.004368423,1.515791654586792,0.25,0.0,1.5,0.0,0.0,1.5,0.0,0.1048967987298965,-0.46645766496658325,0.8502855896949768,0.010323273195147448,-0.0006191095677870121,1.502592725138334,0.010324963281509253,0.0008388366812925959,1.502685520284787,0.02235830738446217,-0.021916008750486732,0.3481745645403862
E1_fixed_1p5,E1_fixed_1p5|QR_hover_Light_1p5_0p15_NoWind_test1,E1_fixed_1p5|QR_hover_Light_1p5_0p15_NoWind_test1,1731933255.375,0.0067401006788726,0.0035721245814715,1.504786991935613,-0.0031680385,-0.004141314,1.5173927545547483,0.25,0.0,1.5,0.0,0.0,1.5,0.0,-0.030566367320716298,-0.30850739777088165,1.0039173364639282,0.006692574815956059,-0.0006883603688029303,1.5034751969520779,0.006694198538443719,0.000792012505434887,1.5035656240524224,0.02235830738446217,-0.021916008750486732,0.3481745645403862
E1_fixed_1p5,E1_fixed_1p5|QR_hover_Light_1p5_0p15_NoWind_test1,E1_fixed_1p5|QR_hover_Light_1p5_0p15_NoWind_test1,1731933255.5,0.0064950464013695,0.0032088004826871,1.5040539029770117,-0.007520232,-0.00435077,1.5199593305587769,0.25,0.0,1.5,0.0,0.0,1.5,0.0,0.0189567077904939,0.018785536289215,1.502893090248108,0.006496030371010431,-0.0031801169907014416,1.5041348020273646,0.0064827658718374925,-0.0016987069188410422,1.5042265866049889,0.02235830738446217,-0.021916008750486732,0.3481745645403862
E1_fixed_1p5,E1_fixed_1p5|QR_hover_Light_1p5_0p15_NoWind_test1,E1_fixed_1p5|QR_hover_Light_1p5_0p15_NoWind_test1,1731933255.625,0.003766086577129,0.0028529856121927,1.5037354364901336,-0.008465341,-0.0038470299999999,1.5179224014282229,0.25,0.0,1.5,0.0,0.0,1.5,0.0,0.130383975803852,0.25617847591638565,1.6594692468643188,0.0038061683175007466,-0.004286885010664749,1.5048428287819928,0.003786549752081231,-0.0027892947776413197,1.504938611533231,0.02235830738446217,-0.021916008750486732,0.3481745645403862
E1_fixed_1p5,E1_fixed_1p5|QR_hover_Light_1p5_0p15_NoWind_test1,E1_fixed_1p5|QR_hover_Light_1p5_0p15_NoWind_test1,1731933255.75,0.0004900984290704,0.0032891451917572,1.502540828163232,-0.00964793,-0.006505083,1.5186883211135864,0.25,0.0,1.5,0.0,0.0,1.5,0.0,-0.1528129279613495,-0.1477333754301071,1.6180111169815063,0.0004908210157580639,-0.0037506936057982968,1.5018886942228544,0.0004733186235519604,-0.0022331604083439703,1.5019782673301785,0.02235830738446217,-0.021916008750486732,0.3481745645403862
E1_fixed_1p5,E1_fixed_1p5|QR_hover_Light_1p5_0p15_NoWind_test1,E1_fixed_1p5|QR_hover_Light_1p5_0p15_NoWind_test1,1731933255.875,0.0010860446929536,0.0035210316812173,1.5025640007479877,-0.008807107,-0.0047800015,1.5171847343444824,0.25,0.0,1.5,0.0,0.0,1.5,0.0,-0.44569712573946196,-0.4610613811079604,1.7469511894068643,0.001081445253197949,-0.004049375420359548,1.5005334529055439,0.0010616057660775002,-0.0025350354653310226,1.500615127596377,0.02235830738446217,-0.021916008750486732,0.3481745645403862
E1_fixed_1p5,E1_fixed_1p5|QR_hover_Light_1p5_0p15_NoWind_test1,E1_fixed_1p5|QR_hover_Light_1p5_0p15_NoWind_test1,1731933256.0,-0.0010626885193693,0.0044934192110027,1.5031133531011729,-0.007619081,-0.005010777,1.5171525478363037,0.25,0.0,1.5,0.0,0.0,1.5,0.0,-0.4064876735210418,-0.585932731628418,1.3282229900360107,-0.0011182752831939147,-0.0013058254943698556,1.5005137984863162,-0.001121388401700063,0.00022195440453584472,1.500596970482556,0.02235830738446217,-0.021916008750486732,0.3481745645403862
E1_fixed_1p5,E1_fixed_1p5|QR_hover_Light_1p5_0p15_NoWind_test1,E1_fixed_1p5|QR_hover_Light_1p5_0p15_NoWind_test1,1731933256.1111112,-0.000540341283375,0.0045387561577509,1.5042225199250998,-0.0082480163752473,-0.0058685220021457,1.5180434250107984,0.25,0.0,1.5,0.0,0.0,1.5,0.0,-0.15367996804994383,-0.37287394028235415,1.4116662820828274,-0.0005984829931515723,-0.0016241044148412739,1.502579767188763,-0.0006027878212728766,-9.942936711328666e-05,1.5026693524260497,0.02235830738446217,-0.021916008750486732,0.3481745645403862
E1_fixed_1p5,E1_fixed_1p5|QR_hover_Light_1p5_0p15_NoWind_test1,E1_fixed_1p5|QR_hover_Light_1p5_0p15_NoWind_test1,1731933256.2222223,-0.0006768296740587,0.003710797564044,1.50527258157302,-0.0109675511670123,-0.0066186433425362,1.5183471291202153,0.25,0.0,1.5,0.0,0.0,1.5,0.0,0.16628863723286053,-0.09388155931593961,1.0622160533630542,-0.0007105782041669229,-0.000952383392132278,1.5048725776391112,-0.0007098026051018391,0.0005729420629160801,1.5049708837791542,0.02235830738446217,-0.021916008750486732,0.3481745645403862
E1_fixed_1p5,E1_fixed_1p5|QR_hover_Light_1p5_0p15_NoWind_test1,E1_fixed_1p5|QR_hover_Light_1p5_0p15_NoWind_test1,1731933256.3333333,-0.0003434598657192,0.0022749953188499,1.5032576472420598,-0.0104799703333333,-0.0082879983333333,1.5174737771352131,0.25,0.0,1.5,0.0,0.0,1.5,0.0,0.23246645927429196,0.41899656256039935,1.1626228094100952,-0.00030723641783686473,-0.002817605457497806,1.5050974761543778,-0.0003176800636949806,-0.0012953567972024422,1.5051977750135033,0.02235830738446217,-0.021916008750486732,0.3481745645403862
E1_fixed_1p5,E1_fixed_1p5|QR_hover_Light_1p5_0p15_NoWind_test1,E1_fixed_1p5|QR_hover_Light_1p5_0p15_NoWind_test1,1731933256.4444444,-0.001581734581876,0.0015345056137111,1.5010783459056485,-0.0112495476971365,-0.0063018072852442,1.515878996984802,0.25,0.0,1.5,0.0,0.0,1.5,0.0,0.6070878475665012,0.5478324143426646,0.9107531233298614,-0.0015521969631150379,-0.002475733835143792,1.5034999510859326,-0.0015610249782436192,-0.0009475434562297528,1.5036110366780615,0.02235830738446217,-0.021916008750486732,0.3481745645403862
E1_fixed_1p5,E1_fixed_1p5|QR_hover_Light_1p5_0p15_NoWind_test1,E1_fixed_1p5|QR_hover_Light_1p5_0p15_NoWind_test1,1731933256.5555556,0.0007360155166838,0.0020761825066831,1.4996539103133173,-0.009885053797797,-0.0064885128755215,1.5158770077048296,0.25,0.0,1.5,0.0,0.0,1.5,0.0,0.6326493324632738,0.4199843222674923,0.9742432194408327,0.0007410124032956877,-0.0021585684696856914,1.5015039803186456,0.000733191995144461,-0.0006450324508485856,1.5016145069151372,0.02235830738446217,-0.021916008750486732,0.3481745645403862
E1_fixed_1p5,E1_fixed_1p5|QR_hover_Light_1p5_0p15_NoWind_test1,E1_fixed_1p5|QR_hover_Light_1p5_0p15_NoWind_test1,1731933256.6666667,0.0016172926025266,0.0039154085597167,1.4999153609506417,-0.0063479643333333,-0.0042727676666666,1.5151698589324951,0.25,0.0,1.5,0.0,0.0,1.5,0.0,0.3718421161174774,0.12780551612377164,1.1352512439092,0.001588949384439542,-0.0010059847901018409,1.5004948219200882,0.001587647156155253,0.0005029432591737967,1.5005974317704145,0.02235830738446217,-0.021916008750486732,0.3481745645403862
E1_fixed_1p5,E1_fixed_1p5|QR_hover_Light_1p5_0p15_NoWind_test1,E1_fixed_1p5|QR_hover_Light_1p5_0p15_NoWind_test1,1731933256.7777777,0.0062149273495784,0.0064726368247864,1.5000250089704137,-0.0017888136320005,-0.0006169221883985,1.5121403154441109,0.25,0.0,1.5,0.0,0.0,1.5,0.0,0.13267249669369413,0.06900353891515613,1.2117855059862668,0.006132791500557594,0.0013155349282217687,1.5003335965042275,0.00614543233965642,0.002797269185846303,1.5004271022996074,0.02235830738446217,-0.021916008750486732,0.3481745645403862
E1_fixed_1p5,E1_fixed_1p5|QR_hover_Light_1p5_0p15_NoWind_test1,E1_fixed_1p5|QR_hover_Light_1p5_0p15_NoWind_test1,1731933256.8888888,0.01078417430067,0.0092805202443893,1.5001469328124108,-0.001402093795675,0.0020885247744396,1.5111965312837938,0.25,0.0,1.5,0.0,0.0,1.5,0.0,0.05903435154541925,-0.018067798038101962,1.3449018322324116,0.010632217753215267,0.003663217413036892,1.500081059920839,0.010658944433853818,0.005117731544799011,1.50016986638393,0.02235830738446217,-0.021916008750486732,0.3481745645403862
E1_fixed_1p5,E1_fixed_1p5|QR_hover_Light_1p5_0p15_NoWind_test1,E1_fixed_1p5|QR_hover_Light_1p5_0p15_NoWind_test1,1731933257.0,0.0120285260524966,0.0113104272313029,1.4979541213461391,-8.97e-05,0.0034890950191766,1.5090426206588743,0.25,0.0,1.5,0.0,0.0,1.5,0.0,-0.032246958464384,0.106803610920906,1.8418670892715454,0.011784573206282956,0.0036546542902499623,1.4983913558895103,0.01181060444170473,0.005101408350946427,1.4984764276259257,0.02235830738446217,-0.021916008750486732,0.3481745645403862
E1_fixed_1p5,E1_fixed_1p5|QR_hover_Light_1p5_0p15_NoWind_test1,E1_fixed_1p5|QR_hover_Light_1p5_0p15_NoWind_test1,1731933257.125,0.0122607017983609,0.0127601527547443,1.496632235419392,5.98633645632071e-06,0.0041593511123209,1.5073853433132174,0.25,0.0,1.5,0.0,0.0,1.5,0.0,-0.03282219823449845,0.1293440610170364,2.146093010902405,0.0119426805489809,0.0038462364810246618,1.4971616260411675,0.01196942847636906,0.005291468591587452,1.4972459799781896,0.02235830738446217,-0.021916008750486732,0.3481745645403862
E1_fixed_1p5,E1_fixed_1p5|QR_hover_Light_1p5_0p15_NoWind_test1,E1_fixed_1p5|QR_hover_Light_1p5_0p15_NoWind_test1,1731933257.25,0.0121737527949382,0.0133243310981424,1.4956633751617272,0.0006290200448101,0.0036601480096578,1.5086112320423126,0.25,0.0,1.5,0.0,0.0,1.5,0.0,0.3665328621864319,-0.23304985463619227,2.014986991882324,0.01187059536203483,0.00498203490468737,1.49478138439615,0.011903149766948118,0.006426806439882347,1.4948761301804243,0.02235830738446217,-0.021916008750486732,0.3481745645403862
E1_fixed_1p5,E1_fixed_1p5|QR_hover_Light_1p5_0p15_NoWind_test1,E1_fixed_1p5|QR_hover_Light_1p5_0p15_NoWind_test1,1731933257.375,0.0134945697163152,0.013580282013339,1.494738511148508,-0.001509606,0.0031829254585317,1.5079469978809357,0.25,0.0,1.5,0.0,0.0,1.5,0.0,0.24232754111289975,-0.4463589936494827,1.6478000283241272,0.01324892405207384,0.006797311872494502,1.492953691251838,0.013291824914498818,0.008233684785235545,1.4930449902432728,0.02235830738446217,-0.021916008750486732,0.3481745645403862
E1_fixed_1p5,E1_fixed_1p5|QR_hover_Light_1p5_0p15_NoWind_test1,E1_fixed_1p5|QR_hover_Light_1p5_0p15_NoWind_test1,1731933257.5,0.010773986790634,0.0143570692978342,1.4931800578366976,-0.0006183655,0.0014684229390695,1.5039311051368711,0.25,0.0,1.5,0.0,0.0,1.5,0.0,0.3407247960567474,-0.1079344749450683,1.378256916999817,0.010510007360219342,0.008639466104391707,1.4928149114960045,0.010563991131826767,0.010091477715789249,1.4929090070671902,0.02235830738446217,-0.021916008750486732,0.3481745645403862
E1_fixed_1p5,E1_fixed_1p5|QR_hover_Light_1p5_0p15_NoWind_test1,E1_fixed_1p5|QR_hover_Light_1p5_0p15_NoWind_test1,1731933257.625,0.0105424544565278,0.0144514773790945,1.492584163291616,-0.00304843475,0.0034647295833565,1.5045900642871854,0.25,0.0,1.5,0.0,0.0,1.5,0.0,0.20795540511608118,-0.19472063332796097,1.1915860772132874,0.010319554208503917,0.009496052531863466,1.4918229075014549,0.010378458149821468,0.010949271088850942,1.4919138331581687,0.02235830738446217,-0.021916008750486732,0.3481745645403862
E1_fixed_1p5,E1_fixed_1p5|QR_hover_Light_1p5_0p15_NoWind_test1,E1_fixed_1p5|QR_hover_Light_1p5_0p15_NoWind_test1,1731933257.75,0.0072555875141339,0.0145954792780998,1.4911460558252618,-0.006280865,0.0030500953434965,1.5058699548244476,0.25,0.0,1.5,0.0,0.0,1.5,0.0,0.201110377907753,0.1724350303411483,0.92157381772995,0.007026348466321913,0.010719913074961911,1.491927933351913,0.007092757755257223,0.012192267621290232,1.4920193727552389,0.02235830738446217,-0.021916008750486732,0.3481745645403862
E1_fixed_1p5,E1_fixed_1p5|QR_hover_Light_1p5_0p15_NoWind_test1,E1_fixed_1p5|QR_hover_Light_1p5_0p15_NoWind_test1,1731933257.875,0.0058875416249372,0.0141023044196919,1.490796022542655,-0.006658818125,0.003947611170588,1.5057012140750885,0.25,0.0,1.5,0.0,0.0,1.5,0.0,-0.17631196975708005,-0.0989493057131767,0.802800178527832,0.005730645774881166,0.01065249101379347,1.4903311041715088,0.005796460705139617,0.01213341488583092,1.4904139599432507,0.02235830738446217,-0.021916008750486732,0.3481745645403862
E1_fixed_1p5,E1_fixed_1p5|QR_hover_Light_1p5_0p15_NoWind_test1,E1_fixed_1p5|QR_hover_Light_1p5_0p15_NoWind_test1,1731933258.0,0.0062588901169709,0.0132803262899086,1.4921022771002257,-0.006717289,0.0037424464244395,1.5040079355239868,0.25,0.0,1.5,0.0,0.0,1.5,0.0,-0.0019873557612299,0.14882493019104,0.780147910118103,0.006080975605098349,0.009959840280960077,1.4927349562839538,0.006143270989426963,0.011438691780106945,1.492822132140908,0.02235830738446217,-0.021916008750486732,0.3481745645403862
E1_fixed_1p5,E1_fixed_1p5|QR_hover_Light_1p5_0p15_NoWind_test1,E1_fixed_1p5|QR_hover_Light_1p5_0p15_NoWind_test1,1731933258.125,0.0059535935531783,0.0120722207677796,1.492685369210707,-0.003565937,0.0024465435417368,1.5053443908691406,0.25,0.0,1.5,0.0,0.0,1.5,0.0,0.05099682509899135,0.35958264768123627,0.5246972739696503,0.005812184691589423,0.00984297291194366,1.4942278620410385,0.005874274461914214,0.011323493021690506,1.494316737402871,0.02235830738446217,-0.021916008750486732,0.3481745645403862
E1_fixed_1p5,E1_fixed_1p5|QR_hover_Light_1p5_0p15_NoWind_test1,E1_fixed_1p5|QR_hover_Light_1p5_0p15_NoWind_test1,1731933258.25,0.0081620765300344,0.0101433331013707,1.4944868150210515,-0.004514082,-0.000798595,1.509068727493286,0.25,0.0,1.5,0.0,0.0,1.5,0.0,0.1040098741650581,0.1436577141284942,0.4361740946769714,0.008078774421493629,0.008311915745942287,1.4951116143249328,0.00813184353802271,0.00977948656563472,1.495202065498627,0.02235830738446217,-0.021916008750486732,0.3481745645403862
E1_fixed_1p5,E1_fixed_1p5|QR_hover_Light_1p5_0p15_NoWind_test1,E1_fixed_1p5|QR_hover_Light_1p5_0p15_NoWind_test1,1731933258.375,0.0067432341790505,0.0085457365112991,1.495915324860775,-0.0024170745,-0.00107632,1.508893370628357,0.25,0.0,1.5,0.0,0.0,1.5,0.0,0.007529773749411099,0.0320978751406073,0.6350072920322418,0.006661208420220138,0.005849771675123896,1.4960527243542934,0.00669976871343636,0.007326773619167713,1.4961420024079963,0.02235830738446217,-0.021916008750486732,0.3481745645403862
E1_fixed_1p5,E1_fixed_1p5|QR_hover_Light_1p5_0p15_NoWind_test1,E1_fixed_1p5|QR_hover_Light_1p5_0p15_NoWind_test1,1731933258.5,0.0112353113763507,0.007024231622857,1.4971526083912676,-0.000413892,-0.002608903,1.5087480545043943,0.25,0.0,1.5,0.0,0.0,1.5,0.0,-0.3069253861904144,-0.1438448131084442,0.7063214182853699,0.011175047826361556,0.004065114615122866,1.4965155969179125,0.011202987498187655,0.005515728596433032,1.4965959493727372,0.02235830738446217,-0.021916008750486732,0.3481745645403862
E1_fixed_1p5,E1_fixed_1p5|QR_hover_Light_1p5_0p15_NoWind_test1,E1_fixed_1p5|QR_hover_Light_1p5_0p15_NoWind_test1,1731933258.625,0.0103374235456265,0.0056558583490677,1.4980641514223876,-0.001420504,-0.002590862,1.5099065899848938,0.25,0.0,1.5,0.0,0.0,1.5,0.0,-0.19971015304327006,-0.0102559307124465,0.6675373315811157,0.010288228701708507,0.002856517699991241,1.4980015496519017,0.010309321193171128,0.004312709402589547,1.4980853650846742,0.02235830738446217,-0.021916008750486732,0.3481745645403862
E1_fixed_1p5,E1_fixed_1p5|QR_hover_Light_1p5_0p15_NoWind_test1,E1_fixed_1p5|QR_hover_Light_1p5_0p15_NoWind_test1,1731933258.75,0.0088781981711278,0.0048695698534875,1.4970646713230993,-0.002510364,-0.003720379,1.5105756521224976,0.25,0.0,1.5,0.0,0.0,1.5,0.0,-0.2028574496507644,-0.303658127784729,0.6966718435287476,0.008855973387743521,0.0019272387876426952,1.4957695907899955,0.008870655513296632,0.0033918724438275955,1.495854326238248,0.02235830738446217,-0.021916008750486732,0.3481745645403862
E1_fixed_1p5,E1_fixed_1p5|QR_hover_Light_1p5_0p15_NoWind_test1,E1_fixed_1p5|QR_hover_Light_1p5_0p15_NoWind_test1,1731933258.875,0.0072931303232801,0.0045149720147339,1.4963964450455702,-0.002796831,-0.006311436,1.5098885893821716,0.25,0.0,1.5,0.0,0.0,1.5,0.0,0.15481640798249302,-0.16637562743504364,0.6803710827931249,0.007267964844793112,0.0016425022026212628,1.4957039012113864,0.007280752243157579,0.003115924461884337,1.495798458381012,0.02235830738446217,-0.021916008750486732,0.3481745645403862
E1_fixed_1p5,E1_fixed_1p5|QR_hover_Light_1p5_0p15_NoWind_test1,E1_fixed_1p5|QR_hover_Light_1p5_0p15_NoWind_test1,1731933259.0,0.0070712337033783,0.003890123604265,1.495258084548979,-0.005121302,-0.005402725,1.5066332817077637,0.25,0.0,1.5,0.0,0.0,1.5,0.0,0.39850804209709173,-0.4142634570598602,0.5728362202644348,0.007084589998661767,0.0014944870718642518,1.4935289559981795,0.007095452635123289,0.0029683342436956093,1.49363021354504,0.02235830738446217,-0.021916008750486732,0.3481745645403862
E1_fixed_1p5,E1_fixed_1p5|QR_hover_Light_1p5_0p15_NoWind_test1,E1_fixed_1p5|QR_hover_Light_1p5_0p15_NoWind_test1,1731933259.125,0.0058633303043854,0.0031419870665566,1.493369289159462,-0.006870218,-0.0072911285,1.5082843899726868,0.25,0.0,1.5,0.0,0.0,1.5,0.0,0.6042977869510651,-0.3652403205633163,0.3934510201215744,0.0058940454090092576,0.0015355149752659604,1.4918466555313317,0.00590428112033059,0.0030155213664772437,1.491953972747463,0.02235830738446217,-0.021916008750486732,0.3481745645403862
E1_fixed_1p5,E1_fixed_1p5|QR_hover_Light_1p5_0p15_NoWind_test1,E1_fixed_1p5|QR_hover_Light_1p5_0p15_NoWind_test1,1731933259.25,0.0029626630998986,0.0037526043160653,1.4937258405898275,-0.007016737,-0.005017646,1.5075953006744385,0.25,0.0,1.5,0.0,0.0,1.5,0.0,0.5582918524742126,-0.1842096149921417,0.5313473343849182,0.002959249536696601,0.0015226623779299431,1.4929684960383918,0.0029699978505756397,0.003020558899740255,1.4930756083198577,0.02235830738446217,-0.021916008750486732,0.3481745645403862
E1_fixed_1p5,E1_fixed_1p5|QR_hover_Light_1p5_0p15_NoWind_test1,E1_fixed_1p5|QR_hover_Light_1p5_0p15_NoWind_test1,1731933259.375,0.0024347527924744,0.0051540029263199,1.4938521642252895,-0.008038062,-0.0040660839999999,1.5085750222206116,0.25,0.0,1.5,0.0,0.0,1.5,0.0,-0.074161322787404,0.38327316939830774,0.36046360433101654,0.002371647354561912,0.0035882238984404242,1.4955016812961077,0.0023963562245457593,0.005090462626220152,1.4955915949403922,0.02235830738446217,-0.021916008750486732,0.3481745645403862
E1_fixed_1p5,E1_fixed_1p5|QR_hover_Light_1p5_0p15_NoWind_test1,E1_fixed_1p5|QR_hover_Light_1p5_0p15_NoWind_test1,1731933259.5,0.0064578471184781,0.0064396238944146,1.4937356977033125,-0.007685432,-0.001601339,1.5065034627914429,0.25,0.0,1.5,0.0,0.0,1.5,0.0,-0.5507583618164062,0.4404254257678985,0.09425745904445641,0.006406251601255741,0.005978382874169463,1.4955463331297132,0.006445651882977882,0.007456665409604473,1.4956218584314818,0.02235830738446217,-0.021916008750486732,0.3481745645403862
E1_fixed_1p5,E1_fixed_1p5|QR_hover_Light_1p5_0p15_NoWind_test1,E1_fixed_1p5|QR_hover_Light_1p5_0p15_NoWind_test1,1731933259.625,0.0065446931016743,0.0074238342503675,1.4924908525086618,-0.0065497264999999,-0.0010771679999999,1.5060949921607971,0.25,0.0,1.5,0.0,0.0,1.5,0.0,-0.738064706325531,0.1839562207460403,0.056498611345887156,0.006514427547306273,0.0070863962875802825,1.4931775324829661,0.006559950515021479,0.008563860570779902,1.4932479879401013,0.02235830738446217,-0.021916008750486732,0.3481745645403862
E1_fixed_1p5,E1_fixed_1p5|QR_hover_Light_1p5_0p15_NoWind_test1,E1_fixed_1p5|QR_hover_Light_1p5_0p15_NoWind_test1,1731933259.75,0.0058902449215802,0.0065301792298839,1.491642936983789,-0.004078575,-0.003716631,1.505138278007507,0.25,0.0,1.5,0.0,0.0,1.5,0.0,-0.4783990085124969,-0.0066566937603056,-0.1021777093410492,0.005903132636311176,0.006895491781096251,1.49156034338329,0.005946774881533501,0.008376167411608553,1.4916382181178134,0.02235830738446217,-0.021916008750486732,0.3481745645403862
E1_fixed_1p5,E1_fixed_1p5|QR_hover_Light_1p5_0p15_NoWind_test1,E1_fixed_1p5|QR_hover_Light_1p5_0p15_NoWind_test1,1731933259.875,0.0060604414095214,0.0037825212559302,1.4927219247313233,-0.000683814,-0.007253043,1.504365861415863,0.25,0.0,1.5,0.0,0.0,1.5,0.0,-0.17869125306606284,-0.0592506639659404,-0.057507667457684805,0.006072006980468503,0.004004636444270542,1.4924579047739868,0.006098126007384075,0.005484375382576537,1.4925445602719414,0.02235830738446217,-0.021916008750486732,0.3481745645403862
E1_fixed_1p5,E1_fixed_1p5|QR_hover_Light_1p5_0p15_NoWind_test1,E1_fixed_1p5|QR_hover_Light_1p5_0p15_NoWind_test1,1731933260.0,0.0095850191171105,0.0004154491160529,1.4938566229176715,-0.000789424,-0.010522125,1.507015585899353,0.25,0.0,1.5,0.0,0.0,1.5,0.0,-0.0001257070252904,0.1737835556268692,0.041847851127386,0.009567252266609455,0.00023982777666651807,1.4945858506787155,0.009571094840171296,0.001698404904105497,1.4946770593379566,0.02235830738446217,-0.021916008750486732,0.3481745645403862
E1_fixed_1p5,E1_fixed_1p5|QR_hover_Light_1p5_0p15_NoWind_test1,E1_fixed_1p5|QR_hover_Light_1p5_0p15_NoWind_test1,1731933260.1111112,0.0088095395921766,-0.0024078164328012,1.4948819441529224,0.0008545670016776,-0.0109762741448871,1.5074952314491337,0.25,0.0,1.5,0.0,0.0,1.5,0.0,0.021707126409830746,0.4786067269599492,0.32700522116043246,0.008792854515953324,-0.0037825771913677256,1.49689591485378,0.00877316122733901,-0.0023189622491897725,1.4969891965854376,0.02235830738446217,-0.021916008750486732,0.3481745645403862
E1_fixed_1p5,E1_fixed_1p5|QR_hover_Light_1p5_0p15_NoWind_test1,E1_fixed_1p5|QR_hover_Light_1p5_0p15_NoWind_test1,1731933260.2222223,0.0080702938015367,-0.0036138058489711,1.4953850625804872,0.0001623183840491,-0.0105570901240969,1.5081225707290358,0.25,0.0,1.5,0.0,0.0,1.5,0.0,0.2862974841484192,0.4723137046260627,0.6017681246927288,0.008091379910302288,-0.00613171858263385,1.4973615279238666,0.008057553487082647,-0.004664028138469768,1.4974624030575054,0.02235830738446217,-0.021916008750486732,0.3481745645403862
E1_fixed_1p5,E1_fixed_1p5|QR_hover_Light_1p5_0p15_NoWind_test1,E1_fixed_1p5|QR_hover_Light_1p5_0p15_NoWind_test1,1731933260.3333333,0.010205883483959,-0.0026050906880768,1.495293250070852,0.0012409067712723,-0.009307405,1.5077518224716189,0.25,0.0,1.5,0.0,0.0,1.5,0.0,0.3213053544362386,0.3359316885471344,0.2672507961591085,0.010196960459965931,-0.0036972301582901437,1.4966847285760023,0.010177577142554656,-0.0022424271218687846,1.496785140207561,0.02235830738446217,-0.021916008750486732,0.3481745645403862
E1_fixed_1p5,E1_fixed_1p5|QR_hover_Light_1p5_0p15_NoWind_test1,E1_fixed_1p5|QR_hover_Light_1p5_0p15_NoWind_test1,1731933260.4444444,0.0138119383537452,-0.0012798104287004,1.4951882831402028,0.001693970496538,-0.008924601161791,1.508904403829951,0.25,0.0,1.5,0.0,0.0,1.5,0.0,0.26219732956839337,0.18814268938231968,-0.33490484817426003,0.013794075572436504,0.00012288558953576898,1.4959580744020489,0.013797530426068488,0.0015558999352493822,1.4960549346450551,0.02235830738446217,-0.021916008750486732,0.3481745645403862
E1_fixed_1p5,E1_fixed_1p5|QR_hover_Light_1p5_0p15_NoWind_test1,E1_fixed_1p5|QR_hover_Light_1p5_0p15_NoWind_test1,1731933260.5555556,0.0120206698696813,-0.0001733596778401,1.4959017061398163,0.0041475324286812,-0.0058173100448704,1.5063143958094531,0.25,0.0,1.5,0.0,0.0,1.5,0.0,0.08776751985491485,-0.41059457058573223,-0.13778849789633885,0.01205643770719303,0.00040514070101711416,1.4941961512908253,0.01206103700556746,0.0018495749213673543,1.4942889057824413,0.02235830738446217,-0.021916008750486732,0.3481745645403862
E1_fixed_1p5,E1_fixed_1p5|QR_hover_Light_1p5_0p15_NoWind_test1,E1_fixed_1p5|QR_hover_Light_1p5_0p15_NoWind_test1,1731933260.6666667,0.0116780677888275,0.0003717679533415,1.4962983661377809,0.0035564799327403,-0.004639043,1.505599021911621,0.25,0.0,1.5,0.0,0.0,1.5,0.0,0.012528861096749666,-0.729904313882192,-0.0217048466826478,0.011744717832060547,0.00046283352468144077,1.4932627912506926,0.01174937021796249,0.0019096201710240444,1.4933536147574278,0.02235830738446217,-0.021916008750486732,0.3481745645403862
E1_fixed_1p5,E1_fixed_1p5|QR_hover_Light_1p5_0p15_NoWind_test1,E1_fixed_1p5|QR_hover_Light_1p5_0p15_NoWind_test1,1731933260.7777777,0.011481042950102,0.0003574347117697,1.4960028961908158,0.0017660983572386,-0.0034212296888634,1.5055929426812331,0.25,0.0,1.5,0.0,0.0,1.5,0.0,0.08690215597020715,-0.4727273328575775,0.008489209827884004,0.011522083851812137,0.00032816282436923364,1.4940356652186322,0.011526168652687296,0.001775914858013446,1.4941284278462912,0.02235830738446217,-0.021916008750486732,0.3481745645403862
E1_fixed_1p5,E1_fixed_1p5|QR_hover_Light_1p5_0p15_NoWind_test1,E1_fixed_1p5|QR_hover_Light_1p5_0p15_NoWind_test1,1731933260.8888888,0.0099731178003266,4.28860066108118e-05,1.4947508150215931,-0.0029582803725293,-0.0030845352336742,1.5068356481866172,0.25,0.0,1.5,0.0,0.0,1.5,0.0,-0.11928025868061717,-0.3381074672270413,0.09725289313146145,0.01000856465919589,-0.0003753997800403503,1.49333441685156,0.010008273596748246,0.0010813597208734578,1.493422623639795,0.02235830738446217,-0.021916008750486732,0.3481745645403862
E1_fixed_1p5,E1_fixed_1p5|QR_hover_Light_1p5_0p15_NoWind_test1,E1_fixed_1p5|QR_hover_Light_1p5_0p15_NoWind_test1,1731933261.0,0.0047356570419606,3.254363888900355e-05,1.4919212678429248,-0.004205562,-0.00310877,1.504569172859192,0.25,0.0,1.5,0.0,0.0,1.5,0.0,-0.3780339956283569,-0.2023563832044601,0.0028256287332624,0.004765720439792676,-3.285375835153214e-05,1.491055060189716,0.004767006492149728,0.0014550237037437104,1.4911384707756972,0.02235830738446217,-0.021916008750486732,0.3481745645403862
E1_fixed_1p5,E1_fixed_1p5|QR_hover_Light_1p5_0p15_NoWind_test1,E1_fixed_1p5|QR_hover_Light_1p5_0p15_NoWind_test1,1731933261.125,0.0021920180449612,0.0001241457363243,1.4907394808850083,-0.008756691,-0.003527686,1.5044772624969482,0.25,0.0,1.5,0.0,0.0,1.5,0.0,-0.2610111693872555,-0.2331090612900958,0.1451334330101459,0.0022323347085275447,-0.0005456522556628831,1.4897308789713728,0.002229978815920297,0.0009570492151147602,1.4898181923848297,0.02235830738446217,-0.021916008750486732,0.3481745645403862
E1_fixed_1p5,E1_fixed_1p5|QR_hover_Light_1p5_0p15_NoWind_test1,E1_fixed_1p5|QR_hover_Light_1p5_0p15_NoWind_test1,1731933261.25,0.0008546971561518,7.172929103689455e-05,1.491178992569395,-0.0098821,-0.004665079,1.5042641162872314,0.25,0.0,1.5,0.0,0.0,1.5,0.0,-0.0676321908831596,-0.3709601759910583,0.1418605595827102,0.0009176422474815871,-0.0005553956242200922,1.4895660247996343,0.000914980510877822,0.0009553016757621105,1.4896589308508876,0.02235830738446217,-0.021916008750486732,0.3481745645403862
E1_fixed_1p5,E1_fixed_1p5|QR_hover_Light_1p5_0p15_NoWind_test1,E1_fixed_1p5|QR_hover_Light_1p5_0p15_NoWind_test1,1731933261.375,-0.0021461352020254,-0.0004997673270262,1.4914524654875176,-0.010927355,-0.006157982,1.5045694708824158,0.25,0.0,1.5,0.0,0.0,1.5,0.0,0.3086904457639272,-0.4724848439100807,-0.06421731138082072,-0.0020674051422104323,-0.000171191178574974,1.4893709092865661,-0.0020681844524627624,0.0013572126406739909,1.4894751735582714,0.02235830738446217,-0.021916008750486732,0.3481745645403862
E1_fixed_1p5,E1_fixed_1p5|QR_hover_Light_1p5_0p15_NoWind_test1,E1_fixed_1p5|QR_hover_Light_1p5_0p15_NoWind_test1,1731933261.5,-0.0025724434044082,-0.0011912870020116,1.4918966800331663,-0.012983113,-0.006629583,1.5055575370788574,0.25,0.0,1.5,0.0,0.0,1.5,0.0,0.2582292854785919,-0.4254502654075622,-0.1344632655382156,-0.002507284931582199,-0.0005621650106421442,1.4900161553767797,-0.0025101156369012334,0.0009691139019607248,1.4901194916242722,0.02235830738446217,-0.021916008750486732,0.3481745645403862
E1_fixed_1p5,E1_fixed_1p5|QR_hover_Light_1p5_0p15_NoWind_test1,E1_fixed_1p5|QR_hover_Light_1p5_0p15_NoWind_test1,1731933261.625,-0.0024230679394082,-0.0012134179757935,1.4913288195123091,-0.012381961,-0.008032853,1.5048329830169678,0.25,0.0,1.5,0.0,0.0,1.5,0.0,0.0661622546613216,-0.1923815533518791,-0.03808484505861995,-0.0023932693923809367,-0.0010356370658230023,1.4904799157845061,-0.0023985930682945966,0.0004948439458484958,1.4905780931445989,0.02235830738446217,-0.021916008750486732,0.3481745645403862
E1_fixed_1p5,E1_fixed_1p5|QR_hover_Light_1p5_0p15_NoWind_test1,E1_fixed_1p5|QR_hover_Light_1p5_0p15_NoWind_test1,1731933261.75,-0.0013839287120758,-0.0007074393698416,1.4907602825543167,-0.01142488,-0.005121387,1.5031073093414309,0.25,0.0,1.5,0.0,0.0,1.5,0.0,-0.1407245695590973,0.1474899649620056,0.1611429303884506,-0.0014038282119264167,-0.0014372026073563066,1.4914091867259458,-0.0014110514347456804,8.7057415521284e-05,1.4915012882659695,0.02235830738446217,-0.021916008750486732,0.3481745645403862
E1_fixed_1p5,E1_fixed_1p5|QR_hover_Light_1p5_0p15_NoWind_test1,E1_fixed_1p5|QR_hover_Light_1p5_0p15_NoWind_test1,1731933261.875,-0.000922030387432,0.0001732395396766,1.4898646536909637,-0.0123601765,-0.004097218,1.504006326198578,0.25,0.0,1.5,0.0,0.0,1.5,0.0,-0.6783702735152715,0.16254832886346557,0.2688882348354823,-0.0009472647203628282,-0.0011244700330848318,1.4905752195247646,-0.0009523604449979683,0.0003974154929752829,1.4906525169963603,0.02235830738446217,-0.021916008750486732,0.3481745645403862
E1_fixed_1p5,E1_fixed_1p5|QR_hover_Light_1p5_0p15_NoWind_test1,E1_fixed_1p5|QR_hover_Light_1p5_0p15_NoWind_test1,1731933262.0,0.0005484830035178,0.0010378602887887,1.4889554322535012,-0.011018839,-0.004114266,1.5035827159881592,0.25,0.0,1.5,0.0,0.0,1.5,0.0,0.04925750941038131,0.49784249067306524,0.0925997346639633,0.00046057560353235383,0.0006440578033658695,1.4911242000947635,0.0004656704415536006,0.00215555006269831,1.4912198554524356,0.02235830738446217,-0.021916008750486732,0.3481745645403862
E1_fixed_1p5,E1_fixed_1p5|QR_hover_Light_1p5_0p15_NoWind_test1,E1_fixed_1p5|QR_hover_Light_1p5_0p15_NoWind_test1,1731933262.125,0.0033893052432596,0.0017214879342509,1.4877794775613902,-0.008982028,-0.0045547405,1.5026965737342834,0.25,0.0,1.5,0.0,0.0,1.5,0.0,0.4706427752971649,0.328218549489975,-0.1837639063596725,0.0033305419305202366,0.0026129627382294276,1.4892069309637932,0.0033462916414122856,0.004105933829755732,1.4893122070508016,0.02235830738446217,-0.021916008750486732,0.3481745645403862
E1_fixed_1p5,E1_fixed_1p5|QR_hover_Light_1p5_0p15_NoWind_test1,E1_fixed_1p5|QR_hover_Light_1p5_0p15_NoWind_test1,1731933262.25,0.0048000206996599,0.0021372797163081,1.4862948028347298,-0.006069337,-0.009805535,1.497702956199646,0.25,0.0,1.5,0.0,0.0,1.5,0.0,0.5319649577140808,0.3389864861965179,0.0397025533020496,0.004721837491227787,0.0020944696193999847,1.4877661765524581,0.00473372777545264,0.0035782255833790334,1.4878722527417265,0.02235830738446217,-0.021916008750486732,0.3481745645403862
E1_fixed_1p5,E1_fixed_1p5|QR_hover_Light_1p5_0p15_NoWind_test1,E1_fixed_1p5|QR_hover_Light_1p5_0p15_NoWind_test1,1731933262.375,0.0091359178226553,0.002578684560734,1.4845736562506422,-0.001535671,-0.0040163425,1.4945520758628843,0.25,0.0,1.5,0.0,0.0,1.5,0.0,0.10291345807743092,0.2596845097262256,0.04839005853814642,0.009066380177480904,0.0024029054305096417,1.4856701478241519,0.009079805563927013,0.0038603926089130266,1.4857632496523396,0.02235830738446217,-0.021916008750486732,0.3481745645403862
E1_fixed_1p5,E1_fixed_1p5|QR_hover_Light_1p5_0p15_NoWind_test1,E1_fixed_1p5|QR_hover_Light_1p5_0p15_NoWind_test1,1731933262.5,0.008784074153984,0.0036478028690077,1.484302068676146,-0.001273571,-0.001489498,1.494206190109253,0.25,0.0,1.5,0.0,0.0,1.5,0.0,-0.1622598022222519,0.3418266177177429,0.0875361040234565,0.008689428878916189,0.0032346635264950455,1.4857311663946562,0.008708345517414867,0.0046945965317871175,1.4858171710921,0.02235830738446217,-0.021916008750486732,0.3481745645403862
E1_fixed_1p5,E1_fixed_1p5|QR_hover_Light_1p5_0p15_NoWind_test1,E1_fixed_1p5|QR_hover_Light_1p5_0p15_NoWind_test1,1731933262.625,0.0117553215740053,0.0049497833173736,1.4841774264152798,-8.57155e-05,0.0007757913263048,1.496440291404724,0.25,0.0,1.5,0.0,0.0,1.5,0.0,-0.28928931057453156,0.03009584173560135,0.1661559715867042,0.011733909764304357,0.00417888590261629,1.4842777818216797,0.011758213431184772,0.005620915399091498,1.4843591102998008,0.02235830738446217,-0.021916008750486732,0.3481745645403862
E1_fixed_1p5,E1_fixed_1p5|QR_hover_Light_1p5_0p15_NoWind_test1,E1_fixed_1p5|QR_hover_Light_1p5_0p15_NoWind_test1,1731933262.75,0.0128347077476573,0.0058166364939941,1.484209410514706,0.0004442922654561,-0.000987633,1.4944156408309937,0.25,0.0,1.5,0.0,0.0,1.5,0.0,-0.5227088928222656,-0.0179014466702938,0.2924410998821258,0.01281380663908882,0.0044617898262209734,1.4840829042836776,0.0128401575090841,0.0058976459080087905,1.4841576924672195,0.02235830738446217,-0.021916008750486732,0.3481745645403862
E1_fixed_1p5,E1_fixed_1p5|QR_hover_Light_1p5_0p15_NoWind_test1,E1_fixed_1p5|QR_hover_Light_1p5_0p15_NoWind_test1,1731933262.875,0.0108695993932773,0.0048218737441753,1.4843082146639912,0.0017195444670505,-0.0025421224999999,1.493896484375,0.25,0.0,1.5,0.0,0.0,1.5,0.0,-0.22524087876081467,-0.1651435792446136,0.5026965141296388,0.010883313759808888,0.0026623382662043743,1.483600201091656,0.010898106264963153,0.0041098222194496,1.4836836014570778,0.02235830738446217,-0.021916008750486732,0.3481745645403862
E1_fixed_1p5,E1_fixed_1p5|QR_hover_Light_1p5_0p15_NoWind_test1,E1_fixed_1p5|QR_hover_Light_1p5_0p15_NoWind_test1,1731933263.0,0.0110227299281085,0.0031780248829536,1.4842772191211746,-0.0011932,-0.005247202,1.4952181577682495,0.25,0.0,1.5,0.0,0.0,1.5,0.0,-0.0538077838718891,-0.1234288588166236,0.4073470532894134,0.01104071107097071,0.0014644168181754114,1.483759463997474,0.011047967134606623,0.0029106360080628016,1.4838477407382582,0.02235830738446217,-0.021916008750486732,0.3481745645403862
E1_fixed_1p5,E1_fixed_1p5|QR_hover_Light_1p5_0p15_NoWind_test1,E1_fixed_1p5|QR_hover_Light_1p5_0p15_NoWind_test1,1731933263.125,0.0081896283804804,0.001666125587638,1.483928636747206,-0.001815086,-0.0080874995,1.4954462051391602,0.25,0.0,1.5,0.0,0.0,1.5,0.0,-0.021237536333501297,-0.1708714738488197,0.3666199743747711,0.008232961006087974,0.00011318030086628841,1.48320694904483,0.008231787375222815,0.0015763925147938124,1.4832976988140247,0.02235830738446217,-0.021916008750486732,0.3481745645403862
E1_fixed_1p5,E1_fixed_1p5|QR_hover_Light_1p5_0p15_NoWind_test1,E1_fixed_1p5|QR_hover_Light_1p5_0p15_NoWind_test1,1731933263.25,0.0082682901159976,0.000520164090521,1.4847558954949296,-0.00477883,-0.007968786,1.4969701766967771,0.25,0.0,1.5,0.0,0.0,1.5,0.0,-0.03366190288215875,-0.1416012570261955,0.2668469250202179,0.008306943869696715,-0.0006144456262054839,1.4841582219668188,0.008301716206494225,0.0008486215941363659,1.4842490537125548,0.02235830738446217,-0.021916008750486732,0.3481745645403862
E1_fixed_1p5,E1_fixed_1p5|QR_hover_Light_1p5_0p15_NoWind_test1,E1_fixed_1p5|QR_hover_Light_1p5_0p15_NoWind_test1,1731933263.375,0.0050030321277772,0.0002763200930364,1.4842370754991647,-0.0042028155,-0.007676011,1.4960671067237854,0.25,0.0,1.5,0.0,0.0,1.5,0.0,-0.030621661919223483,-0.2255129241844026,0.11191689026623679,0.00506691619372393,-0.00021053677607385296,1.4832727605502438,0.005063848128228937,0.001272176372555986,1.4833649922836922,0.02235830738446217,-0.021916008750486732,0.3481745645403862
E1_fixed_1p5,E1_fixed_1p5|QR_hover_Light_1p5_0p15_NoWind_test1,E1_fixed_1p5|QR_hover_Light_1p5_0p15_NoWind_test1,1731933263.5,0.0041509998088178,0.0004432364783144,1.486063857791916,-0.005045597,-0.007400798,1.4966384172439575,0.25,0.0,1.5,0.0,0.0,1.5,0.0,-0.09982045367360115,-0.3513586819171905,-0.31239497661590576,0.004247025275134875,0.0017588999202893959,1.484555742226518,0.004256506023474382,0.0032475849026391613,1.4846464410076035,0.02235830738446217,-0.021916008750486732,0.3481745645403862
E1_fixed_1p5,E1_fixed_1p5|QR_hover_Light_1p5_0p15_NoWind_test1,E1_fixed_1p5|QR_hover_Light_1p5_0p15_NoWind_test1,1731933263.625,0.0033251088204274,0.0005897645307045,1.4873120584320172,-0.0064456875,-0.0072591724999999,1.5004676580429075,0.25,0.0,1.5,0.0,0.0,1.5,0.0,-0.5045063644647598,-0.7000039517879486,-0.2426916807889938,0.003502821474191481,0.0015221376302211606,1.4842946602157565,0.003511474110881291,0.003016937607065422,1.4843750739402544,0.02235830738446217,-0.021916008750486732,0.3481745645403862
E1_fixed_1p5,E1_fixed_1p5|QR_hover_Light_1p5_0p15_NoWind_test1,E1_fixed_1p5|QR_hover_Light_1p5_0p15_NoWind_test1,1731933263.75,0.0039760239162548,0.0004149065889413,1.48937597910387,-0.007050704,-0.006649345,1.5015137195587158,0.25,0.0,1.5,0.0,0.0,1.5,0.0,0.1558595895767212,-0.0387663654983043,-0.050473153591156,0.0039837540746193445,0.0006605266765485623,1.4892106895110775,0.003988019336222254,0.0021511746224682515,1.4893081061938083,0.02235830738446217,-0.021916008750486732,0.3481745645403862
E1_fixed_1p5,E1_fixed_1p5|QR_hover_Light_1p5_0p15_NoWind_test1,E1_fixed_1p5|QR_hover_Light_1p5_0p15_NoWind_test1,1731933263.875,0.0035259234989211,6.134944850677575e-06,1.4893161428693262,-0.0069750925,-0.0056966069999999,1.5010401606559751,0.25,0.0,1.5,0.0,0.0,1.5,0.0,0.42210541665554047,0.4356415271759033,0.07232336699962619,0.0034519072055576305,-0.00022636961789529236,1.4911908045710733,0.0034513382139777504,0.001266530142568445,1.49129548962862,0.02235830738446217,-0.021916008750486732,0.3481745645403862
E1_fixed_1p5,E1_fixed_1p5|QR_hover_Light_1p5_0p15_NoWind_test1,E1_fixed_1p5|QR_hover_Light_1p5_0p15_NoWind_test1,1731933264.0,0.0043208594623123,-0.0009244895089059,1.4891823318907962,-0.010054137,-0.01133763,1.502554178237915,0.25,0.0,1.5,0.0,0.0,1.5,0.0,0.0063510416075587,0.39881792664527893,-0.0375772342085838,0.004250959977269125,-0.0007621169389731611,1.4908925730753737,0.004247388615204489,0.000726639659465088,1.4909865260931854,0.02235830738446217,-0.021916008750486732,0.3481745645403862
E1_fixed_1p5,E1_fixed_1p5|QR_hover_Light_1p5_0p15_NoWind_test1,E1_fixed_1p5|QR_hover_Light_1p5_0p15_NoWind_test1,1731933264.125,0.0036894372565151,-0.0005212934106311,1.4870183158426231,-0.006093585,-0.005516692,1.4998143315315249,0.25,0.0,1.5,0.0,0.0,1.5,0.0,0.04179005124274292,0.5890907324163206,-0.260687096047774,0.0035692043015171926,0.0006094003674540456,1.4895510406260315,0.0035733998255181865,0.002101077378346505,1.489645996441456,0.02235830738446217,-0.021916008750486732,0.3481745645403862
E1_fixed_1p5,E1_fixed_1p5|QR_hover_Light_1p5_0p15_NoWind_test1,E1_fixed_1p5|QR_hover_Light_1p5_0p15_NoWind_test1,1731933264.25,0.0060670218686051,0.0006127683711815,1.4872631981702973,-0.003376193,-0.004316773,1.4992121458053589,0.25,0.0,1.5,0.0,0.0,1.5,0.0,-0.1140655800700187,0.3832711279392242,-0.2189540416002273,0.005991297825548331,0.001519890998581437,1.4888940277116494,0.006000916613613322,0.002997421905355157,1.488983548915289,0.02235830738446217,-0.021916008750486732,0.3481745645403862
E1_fixed_1p5,E1_fixed_1p5|QR_hover_Light_1p5_0p15_NoWind_test1,E1_fixed_1p5|QR_hover_Light_1p5_0p15_NoWind_test1,1731933264.375,0.0081227962950957,0.0018924271543909,1.4895682879414665,-0.0016632815,-0.005641023,1.5039529204368591,0.25,0.0,1.5,0.0,0.0,1.5,0.0,-0.34572790563106537,-0.15681003034114835,-0.18697472661733627,0.008159540730532322,0.0026186636544792,1.4888951168350024,0.008176093418942099,0.004084899799766335,1.4889775062434927,0.02235830738446217,-0.021916008750486732,0.3481745645403862
E1_fixed_1p5,E1_fixed_1p5|QR_hover_Light_1p5_0p15_NoWind_test1,E1_fixed_1p5|QR_hover_Light_1p5_0p15_NoWind_test1,1731933264.5,0.0110414887250697,0.0021410884951285,1.4915283568969655,0.0026248421054333,-0.003594948,1.502067804336548,0.25,0.0,1.5,0.0,0.0,1.5,0.0,0.0230094883590936,0.0453935749828815,-0.42531624436378485,0.011057355235596256,0.003918293718389973,1.4917185390860963,0.011082380724983382,0.005366893965858586,1.491809105259035,0.02235830738446217,-0.021916008750486732,0.3481745645403862
E1_fixed_1p5,E1_fixed_1p5|QR_hover_Light_1p5_0p15_NoWind_test1,E1_fixed_1p5|QR_hover_Light_1p5_0p15_NoWind_test1,1731933264.625,0.0123665499577734,0.0015169558163017,1.4915040711495875,0.0029763637576251,-0.0045734474999999,1.5020073056221008,0.25,0.0,1.5,0.0,0.0,1.5,0.0,0.3916580528020859,-0.17021153867244715,-0.40491944551467896,0.012409870724667288,0.003254154645116572,1.4908087275403434,0.012430125227404054,0.004694132577599626,1.4909083411399082,0.02235830738446217,-0.021916008750486732,0.3481745645403862
E1_fixed_1p5,E1_fixed_1p5|QR_hover_Light_1p5_0p15_NoWind_test1,E1_fixed_1p5|QR_hover_Light_1p5_0p15_NoWind_test1,1731933264.75,0.0132135269519421,0.0010242905876493,1.4906159851637963,0.0004556126659736,-0.005524991,1.5010589361190796,0.25,0.0,1.5,0.0,0.0,1.5,0.0,0.5099918842315674,-0.0866498127579689,-0.4339816868305206,0.013243157695293412,0.002901135685530388,1.4902673868960532,0.013260891416400855,0.004335435822789777,1.490369777392917,0.02235830738446217,-0.021916008750486732,0.3481745645403862
E1_fixed_1p5,E1_fixed_1p5|QR_hover_Light_1p5_0p15_NoWind_test1,E1_fixed_1p5|QR_hover_Light_1p5_0p15_NoWind_test1,1731933264.875,0.0122488056630997,0.0010020363092165,1.4878003294210296,0.0018953848048113,-0.0031658295,1.4974082112312317,0.25,0.0,1.5,0.0,0.0,1.5,0.0,0.33778315614718646,0.03012173648330376,-0.24695757948315025,0.012249265521607933,0.002098715737781626,1.4879314418897687,0.01226135141632509,0.0035381334554712126,1.488029911074595,0.02235830738446217,-0.021916008750486732,0.3481745645403862
E1_fixed_1p5,E1_fixed_1p5|QR_hover_Light_1p5_0p15_NoWind_test1,E1_fixed_1p5|QR_hover_Light_1p5_0p15_NoWind_test1,1731933265.0,0.0112140709053558,0.0017623234856447,1.4856290588644323,-0.001130002,-0.00106101,1.495349645614624,0.25,0.0,1.5,0.0,0.0,1.5,0.0,0.386173665523529,0.1736103147268295,-0.2143993526697158,0.011180288086462764,0.0027528173823316154,1.486364866528814,0.011195635376502616,0.004197568663653681,1.4864646566033928,0.02235830738446217,-0.021916008750486732,0.3481745645403862
E1_fixed_1p5,E1_fixed_1p5|QR_hover_Light_1p5_0p15_NoWind_test1,E1_fixed_1p5|QR_hover_Light_1p5_0p15_NoWind_test1,1731933265.125,0.0113506028737426,0.0030932377042559,1.4847873375000895,-0.000557524,0.0005302605277392,1.496057152748108,0.25,0.0,1.5,0.0,0.0,1.5,0.0,0.2241376936435699,-0.0964018255472183,-0.4268709272146225,0.011406627000300235,0.004930438270830756,1.4843980415446973,0.011434625450271851,0.006374164283774814,1.4844932252164187,0.02235830738446217,-0.021916008750486732,0.3481745645403862
E1_fixed_1p5,E1_fixed_1p5|QR_hover_Light_1p5_0p15_NoWind_test1,E1_fixed_1p5|QR_hover_Light_1p5_0p15_NoWind_test1,1731933265.25,0.0095790067110618,0.0046257492652729,1.485041857933538,-0.004101972,-0.001036266,1.499629020690918,0.25,0.0,1.5,0.0,0.0,1.5,0.0,0.12676682323217392,-0.3370650559663772,-0.622376561164856,0.009735887502951346,0.00726908407937178,1.4836380243540743,0.009777987640645164,0.0087236032915407,1.4837309770416574,0.02235830738446217,-0.021916008750486732,0.3481745645403862
E1_fixed_1p5,E1_fixed_1p5|QR_hover_Light_1p5_0p15_NoWind_test1,E1_fixed_1p5|QR_hover_Light_1p5_0p15_NoWind_test1,1731933265.375,0.00866905675953,0.005490983092877,1.485836163326913,-0.002176946,0.0019746241159736,1.498135328292847,0.25,0.0,1.5,0.0,0.0,1.5,0.0,-0.2446969076991081,-0.4119348078966141,-0.6621765494346619,0.008856162122721195,0.008217867696407272,1.4840781460154882,0.00890487099304621,0.009678687647068833,1.484161720279213,0.02235830738446217,-0.021916008750486732,0.3481745645403862
E1_fixed_1p5,E1_fixed_1p5|QR_hover_Light_1p5_0p15_NoWind_test1,E1_fixed_1p5|QR_hover_Light_1p5_0p15_NoWind_test1,1731933265.5,0.0077099407137939,0.0059626742305661,1.4865361230513865,-0.005534363,0.0007275738753378,1.4986363649368286,0.25,0.0,1.5,0.0,0.0,1.5,0.0,-0.48854872584342945,-0.4586375057697296,-0.5370419025421143,0.007891328079737164,0.008117299396666063,1.4845467567516741,0.007940038976911729,0.009584628236733183,1.4846242897255075,0.02235830738446217,-0.021916008750486732,0.3481745645403862
E1_fixed_1p5,E1_fixed_1p5|QR_hover_Light_1p5_0p15_NoWind_test1,E1_fixed_1p5|QR_hover_Light_1p5_0p15_NoWind_test1,1731933265.625,0.0063796478230939,0.0047898362106618,1.486294384782646,-0.007076549,-0.001455412,1.499129056930542,0.25,0.0,1.5,0.0,0.0,1.5,0.0,-0.30924223363399506,-0.047065035440027644,-0.40286627411842346,0.006430189476508252,0.00642856121900512,1.4860686175698632,0.0064688754748848665,0.007903814256720668,1.4861514072217061,0.02235830738446217,-0.021916008750486732,0.3481745645403862
E1_fixed_1p5,E1_fixed_1p5|QR_hover_Light_1p5_0p15_NoWind_test1,E1_fixed_1p5|QR_hover_Light_1p5_0p15_NoWind_test1,1731933265.75,0.0047159989962752,0.0032832063563878,1.485956244235764,-0.006725616,-0.003598879,1.4999345541000366,0.25,0.0,1.5,0.0,0.0,1.5,0.0,-0.594115674495697,0.0415464453399181,-0.19076547026634214,0.004717661442138005,0.003954093309426377,1.486100819951302,0.004741790303706611,0.005439921033294906,1.486177355388353,0.02235830738446217,-0.021916008750486732,0.3481745645403862
E1_fixed_1p5,E1_fixed_1p5|QR_hover_Light_1p5_0p15_NoWind_test1,E1_fixed_1p5|QR_hover_Light_1p5_0p15_NoWind_test1,1731933265.875,0.0034256033439493,0.0011628870102191,1.486859993879027,-0.00905839,-0.0067024189999999,1.5028733015060425,0.25,0.0,1.5,0.0,0.0,1.5,0.0,-0.3156709372997284,0.185485191643238,-0.2709191516041755,0.0033922500415805856,0.0022565635605981964,1.4876520959391555,0.003406199468425408,0.0037502653187850114,1.487737120942214,0.02235830738446217,-0.021916008750486732,0.3481745645403862
E1_fixed_1p5,E1_fixed_1p5|QR_hover_Light_1p5_0p15_NoWind_test1,E1_fixed_1p5|QR_hover_Light_1p5_0p15_NoWind_test1,1731933266.0,0.0038871231053629,-0.0012675123153191,1.4875887857475567,-0.006494857,-0.00833925,1.5008015632629397,0.25,0.0,1.5,0.0,0.0,1.5,0.0,-0.1591768711805343,0.1649951040744781,-0.3786141574382782,0.0038491838617064345,0.00032458778286471613,1.488301138633715,0.003851408210961249,0.001815645810384847,1.4883910728054353,0.02235830738446217,-0.021916008750486732,0.3481745645403862
E1_fixed_1p5,E1_fixed_1p5|QR_hover_Light_1p5_0p15_NoWind_test1,E1_fixed_1p5|QR_hover_Light_1p5_0p15_NoWind_test1,1731933266.1111112,0.0011043871629655,-0.0029421341922026,1.488240453409733,-0.0069288333401521,-0.0111333334919772,1.5029075299511452,0.25,0.0,1.5,0.0,0.0,1.5,0.0,0.16956497377851687,0.21766654103251845,-0.43204827651193556,0.0010466305502265794,-0.0010300924967645243,1.4891774343065383,0.001040617827970547,0.00047768607526387505,1.4892777323447206,0.02235830738446217,-0.021916008750486732,0.3481745645403862
E1_fixed_1p5,E1_fixed_1p5|QR_hover_Light_1p5_0p15_NoWind_test1,E1_fixed_1p5|QR_hover_Light_1p5_0p15_NoWind_test1,1731933266.2222223,0.0030943727279004,-0.0036751594051764,1.4900239782110358,-0.0054278207635362,-0.0102338163365281,1.5042036133393668,0.25,0.0,1.5,0.0,0.0,1.5,0.0,0.28612263636581886,0.10102521397125969,-0.48263967737228297,0.003055357104324863,-0.0015451995264001122,1.490441114627352,0.0030465695089825773,-4.896997411882181e-05,1.4905439248799413,0.02235830738446217,-0.021916008750486732,0.3481745645403862
E1_fixed_1p5,E1_fixed_1p5|QR_hover_Light_1p5_0p15_NoWind_test1,E1_fixed_1p5|QR_hover_Light_1p5_0p15_NoWind_test1,1731933266.3333333,0.0040646656516776,-0.0036473367154304,1.4910855363741546,-0.0041871953333333,-0.009216917,1.503841797510783,0.25,0.0,1.5,0.0,0.0,1.5,0.0,0.3150282502174377,0.058025448272625534,-0.24324974914391834,0.004042683666754671,-0.002554079760029224,1.4913146890325866,0.004028101548989027,-0.001063434484799023,1.4914178273511034,0.02235830738446217,-0.021916008750486732,0.3481745645403862
E1_fixed_1p5,E1_fixed_1p5|QR_hover_Light_1p5_0p15_NoWind_test1,E1_fixed_1p5|QR_hover_Light_1p5_0p15_NoWind_test1,1731933266.4444444,0.0045591575585715,-0.0028495786210318,1.4913187231617993,-0.0034151708354194,-0.007981998149417,1.503577072991637,0.25,0.0,1.5,0.0,0.0,1.5,0.0,0.25453300049520794,-0.03932982640682382,-0.10013660048096544,0.004560645193473323,-0.0023820307992146856,1.4911376726733578,0.004547088886898754,-0.0008942533770673606,1.4912386906675619,0.02235830738446217,-0.021916008750486732,0.3481745645403862
E1_fixed_1p5,E1_fixed_1p5|QR_hover_Light_1p5_0p15_NoWind_test1,E1_fixed_1p5|QR_hover_Light_1p5_0p15_NoWind_test1,1731933266.5555556,0.0100594859110763,-0.0010461384844692,1.490939698414454,-0.0021884831749994,-0.0055635800961304,1.5005250888056894,0.25,0.0,1.5,0.0,0.0,1.5,0.0,0.06840377557430585,-0.23731425734738165,0.003654620950683229,0.010099142618787804,-0.0010506230279705465,1.4899447232350815,0.010093288195523048,0.00040384546384538117,1.490038056825514,0.02235830738446217,-0.021916008750486732,0.3481745645403862
E1_fixed_1p5,E1_fixed_1p5|QR_hover_Light_1p5_0p15_NoWind_test1,E1_fixed_1p5|QR_hover_Light_1p5_0p15_NoWind_test1,1731933266.6666667,0.0085547008914448,0.0005282771398656,1.4900491786313133,-0.00236716,-0.0035065046666666,1.5011157592137654,0.25,0.0,1.5,0.0,0.0,1.5,0.0,0.19751207033793128,0.301411767800649,0.009178123126427365,0.008505617332590032,0.0005238921538758577,1.4913213444955247,0.008509770769764335,0.001986915486491917,1.4914179409553725,0.02235830738446217,-0.021916008750486732,0.3481745645403862
E1_fixed_1p5,E1_fixed_1p5|QR_hover_Light_1p5_0p15_NoWind_test1,E1_fixed_1p5|QR_hover_Light_1p5_0p15_NoWind_test1,1731933266.7777777,0.0087758356037986,0.0021807134325375,1.489006826830395,-0.0021674332416851,-0.0022326471466275,1.500971926374758,0.25,0.0,1.5,0.0,0.0,1.5,0.0,0.05902484024801387,0.2760923278642122,-0.2320781588910364,0.008736532399975211,0.0031693049527169504,1.4901715940363742,0.008756415062241951,0.004630707863671977,1.490263875148838,0.02235830738446217,-0.021916008750486732,0.3481745645403862
E1_fixed_1p5,E1_fixed_1p5|QR_hover_Light_1p5_0p15_NoWind_test1,E1_fixed_1p5|QR_hover_Light_1p5_0p15_NoWind_test1,1731933266.8888888,0.0088903091387687,0.0034570093855747,1.488591989743899,-0.0025445790668526,-0.0011846747117516,1.4996604022472009,0.25,0.0,1.5,0.0,0.0,1.5,0.0,0.16346475937409796,0.0633880247000935,-0.5962566522399951,0.008927216828365586,0.005998579932803153,1.4888686527425607,0.008963631141863548,0.0074587011181306145,1.488963093530859,0.02235830738446217,-0.021916008750486732,0.3481745645403862
E1_fixed_1p5,E1_fixed_1p5|QR_hover_Light_1p5_0p15_NoWind_test1,E1_fixed_1p5|QR_hover_Light_1p5_0p15_NoWind_test1,1731933267.0,0.0066657692304274,0.0038272433329415,1.4855429763319703,-0.003011517,-0.000611612,1.4975138902664185,0.25,0.0,1.5,0.0,0.0,1.5,0.0,-0.0186665337532758,-0.2996837794780731,-0.3997519612312317,0.006777311111235501,0.005519615476236183,1.4842691817186482,0.00680935204891045,0.006992463619239112,1.4843598148748172,0.02235830738446217,-0.021916008750486732,0.3481745645403862
E1_fixed_1p5,E1_fixed_1p5|QR_hover_Light_1p5_0p15_NoWind_test1,E1_fixed_1p5|QR_hover_Light_1p5_0p15_NoWind_test1,1731933267.125,0.0077822416008098,0.0036651525235201,1.4852456703153316,-0.003147697,-0.0003577994999999,1.4970943331718445,0.25,0.0,1.5,0.0,0.0,1.5,0.0,-0.0430996567010879,-0.4276932179927826,-0.2981533408164978,0.007921438037880646,0.004913831796120481,1.4834352734153327,0.007949516975399834,0.00637988186351083,1.4835249629330192,0.02235830738446217,-0.021916008750486732,0.3481745645403862
E1_fixed_1p5,E1_fixed_1p5|QR_hover_Light_1p5_0p15_NoWind_test1,E1_fixed_1p5|QR_hover_Light_1p5_0p15_NoWind_test1,1731933267.25,0.0081307833157573,0.0029641424676174,1.4875899091159204,-0.005013424,-0.000852714,1.4987396001815796,0.25,0.0,1.5,0.0,0.0,1.5,0.0,-0.05903116613626481,-0.49049302935600286,0.1344745755195617,0.008239649103606472,0.0023839446425711753,1.485516767689413,0.008253194692980331,0.0038489915145968516,1.4856061866088561,0.02235830738446217,-0.021916008750486732,0.3481745645403862
E1_fixed_1p5,E1_fixed_1p5|QR_hover_Light_1p5_0p15_NoWind_test1,E1_fixed_1p5|QR_hover_Light_1p5_0p15_NoWind_test1,1731933267.375,0.0057247028033026,0.0019076545376694,1.488695409070122,-0.006493026,-0.0013382074999999,1.501360535621643,0.25,0.0,1.5,0.0,0.0,1.5,0.0,-0.09479675814509385,-0.262255534529686,0.8614510893821716,0.005778223243965652,-0.0017830278381998012,1.4875742882571772,0.005767354475390285,-0.0003028827849320231,1.4876640012755058,0.02235830738446217,-0.021916008750486732,0.3481745645403862
E1_fixed_1p5,E1_fixed_1p5|QR_hover_Light_1p5_0p15_NoWind_test1,E1_fixed_1p5|QR_hover_Light_1p5_0p15_NoWind_test1,1731933267.5,0.0040840379293552,0.0019260490062148,1.487871373923863,-0.006940653,-0.002970239,1.5021779537200928,0.25,0.0,1.5,0.0,0.0,1.5,0.0,-0.3069708049297333,0.2456176131963729,0.8209567666053772,0.004032844258203022,-0.0016633248720845468,1.4889155386662043,0.004023479320284018,-0.00017319162399867462,1.4890002311223132,0.02235830738446217,-0.021916008750486732,0.3481745645403862
E1_fixed_1p5,E1_fixed_1p5|QR_hover_Light_1p5_0p15_NoWind_test1,E1_fixed_1p5|QR_hover_Light_1p5_0p15_NoWind_test1,1731933267.625,0.0040459345481444,0.0021388971005654,1.4879948714925637,-0.009247014,-0.0031657589999999,1.5031667351722715,0.25,0.0,1.5,0.0,0.0,1.5,0.0,-0.06238579563796515,0.053137795999646145,0.9517892301082613,0.004033528716206353,-0.001960217902822319,1.4882206598845822,0.0040218252788872255,-0.000470191866442262,1.488311681726571,0.02235830738446217,-0.021916008750486732,0.3481745645403862
E1_fixed_1p5,E1_fixed_1p5|QR_hover_Light_1p5_0p15_NoWind_test1,E1_fixed_1p5|QR_hover_Light_1p5_0p15_NoWind_test1,1731933267.75,0.0027500932160107,0.0027968407035115,1.4872339972293542,-0.008616,-0.003804187,1.5023305416107178,0.25,0.0,1.5,0.0,0.0,1.5,0.0,0.323612242937088,-0.0311011504381895,1.083546161651611,0.0027470097798754922,-0.0018070571562626195,1.487115787917246,0.00273534018421831,-0.00031007824045728503,1.4872171440193158,0.02235830738446217,-0.021916008750486732,0.3481745645403862
E1_fixed_1p5,E1_fixed_1p5|QR_hover_Light_1p5_0p15_NoWind_test1,E1_fixed_1p5|QR_hover_Light_1p5_0p15_NoWind_test1,1731933267.875,0.004935464551008,0.0035702184385386,1.489096291782548,-0.0059160345,-0.005102248,1.5028735399246216,0.25,0.0,1.5,0.0,0.0,1.5,0.0,0.27842217683792114,0.2704465836286545,1.10592120885849,0.004862538962552149,-0.0011083863127917231,1.4902706360271698,0.004856417984321099,0.00037622121913704715,1.490369501490741,0.02235830738446217,-0.021916008750486732,0.3481745645403862
E1_fixed_1p5,E1_fixed_1p5|QR_hover_Light_1p5_0p15_NoWind_test1,E1_fixed_1p5|QR_hover_Light_1p5_0p15_NoWind_test1,1731933268.0,0.004435643468203,0.003981407221056,1.4906693709882024,-0.005417093,-0.004274032,1.5035719871520996,0.25,0.0,1.5,0.0,0.0,1.5,0.0,0.714579701423645,0.5496760010719299,0.9647287130355837,0.004323745213998892,-3.89672714707761e-05,1.4930760014466493,0.0043249344435484505,0.0014485592862342879,1.493186096572545,0.02235830738446217,-0.021916008750486732,0.3481745645403862
E1_fixed_1p5,E1_fixed_1p5|QR_hover_Light_1p5_0p15_NoWind_test1,E1_fixed_1p5|QR_hover_Light_1p5_0p15_NoWind_test1,1731933268.125,0.0071353973989697,0.0060084310162592,1.4910609657756035,-0.0030504295,-0.0020736925,1.5043712258338928,0.25,0.0,1.5,0.0,0.0,1.5,0.0,0.5337543785572052,0.8174255192279816,0.9696546494960785,0.00696509928071784,0.0019788812638347987,1.4945830050756206,0.0069792636800981855,0.003450695002889398,1.494686131801762,0.02235830738446217,-0.021916008750486732,0.3481745645403862
E1_fixed_1p5,E1_fixed_1p5|QR_hover_Light_1p5_0p15_NoWind_test1,E1_fixed_1p5|QR_hover_Light_1p5_0p15_NoWind_test1,1731933268.25,0.0102825745094932,0.0084966524713074,1.4919327830371751,-0.001703702,-0.00198802,1.5054775476455688,0.25,0.0,1.5,0.0,0.0,1.5,0.0,0.1861269474029541,0.5712965726852417,0.9273951649665833,0.010107794500757245,0.004640672599590123,1.4943510111459972,0.010138177451482544,0.006094496135699089,1.494442988474402,0.02235830738446217,-0.021916008750486732,0.3481745645403862
E1_fixed_1p5,E1_fixed_1p5|QR_hover_Light_1p5_0p15_NoWind_test1,E1_fixed_1p5|QR_hover_Light_1p5_0p15_NoWind_test1,1731933268.375,0.0121105570672551,0.0101310365012484,1.4918032064410676,0.001217451004777,0.0015858632978051,1.5045620799064636,0.25,0.0,1.5,0.0,0.0,1.5,0.0,-0.7759588658809662,0.4381914734840393,1.0489457845687866,0.011910242751101502,0.005661451619200301,1.4934863341494127,0.011947158724486068,0.007105652826072886,1.4935527647274711,0.02235830738446217,-0.021916008750486732,0.3481745645403862
E1_fixed_1p5,E1_fixed_1p5|QR_hover_Light_1p5_0p15_NoWind_test1,E1_fixed_1p5|QR_hover_Light_1p5_0p15_NoWind_test1,1731933268.5,0.0156184563649521,0.0112849501718259,1.492659367600933,0.0029306905344128,0.003046250436455,1.5020008087158203,0.25,0.0,1.5,0.0,0.0,1.5,0.0,-0.2218092381954193,-0.2773966491222381,1.2775475978851318,0.015464237405593773,0.006028839318493498,1.4914810715533702,0.015502254274436189,0.007451598093930958,1.4915605736793298,0.02235830738446217,-0.021916008750486732,0.3481745645403862
E1_fixed_1p5,E1_fixed_1p5|QR_hover_Light_1p5_0p15_NoWind_test1,E1_fixed_1p5|QR_hover_Light_1p5_0p15_NoWind_test1,1731933268.625,0.0189565532171001,0.0108663289273959,1.491294373121883,0.0044846301898359,0.0015529710799455,1.5020194053649902,0.25,0.0,1.5,0.0,0.0,1.5,0.0,-0.047211721539497355,-0.29879407584667206,1.6592320799827576,0.01878756631449252,0.0041661390270944995,1.4900806683766605,0.018813541152956192,0.0055679774736943554,1.49016342449637,0.02235830738446217,-0.021916008750486732,0.3481745645403862
E1_fixed_1p5,E1_fixed_1p5|QR_hover_Light_1p5_0p15_NoWind_test1,E1_fixed_1p5|QR_hover_Light_1p5_0p15_NoWind_test1,1731933268.75,0.0154532788561331,0.009324484883141,1.4917345772752126,0.0029133977368474,-0.003587469,1.5024749040603638,0.25,0.0,1.5,0.0,0.0,1.5,0.0,-0.02707542944699525,-0.27934640645980835,1.566286027431488,0.01532923973198358,0.0029073042531449402,1.490586738731714,0.015347785727881813,0.004330302719738999,1.4906718465899416,0.02235830738446217,-0.021916008750486732,0.3481745645403862
E1_fixed_1p5,E1_fixed_1p5|QR_hover_Light_1p5_0p15_NoWind_test1,E1_fixed_1p5|QR_hover_Light_1p5_0p15_NoWind_test1,1731933268.875,0.0143426115930984,0.0075477784818071,1.4921227686756096,0.0013317085686139,-0.002350573,1.5019185543060305,0.25,0.0,1.5,0.0,0.0,1.5,0.0,0.11599232977285727,-0.3355595677398633,1.2847990323260126,0.014282336250948546,0.0022789993609864056,1.4907580520066706,0.014296986824363422,0.003708362392764658,1.4908478378292738,0.02235830738446217,-0.021916008750486732,0.3481745645403862
E1_fixed_1p5,E1_fixed_1p5|QR_hover_Light_1p5_0p15_NoWind_test1,E1_fixed_1p5|QR_hover_Light_1p5_0p15_NoWind_test1,1731933269.0,0.0152943266731743,0.0069920642736321,1.4901742919853804,-0.001421082,-0.003733156,1.5011138916015625,0.25,0.0,1.5,0.0,0.0,1.5,0.0,0.227538377046585,-0.3378024101257324,1.108149766921997,0.015264078823599675,0.0024917838164621314,1.4888185459142118,0.01527910802239904,0.0039143058376228555,1.4889109210642757,0.02235830738446217,-0.021916008750486732,0.3481745645403862
E1_fixed_1p5,E1_fixed_1p5|QR_hover_Light_1p5_0p15_NoWind_test1,E1_fixed_1p5|QR_hover_Light_1p5_0p15_NoWind_test1,1731933269.125,0.0105129927028314,0.0069782651762816,1.4865389319499709,-0.003140652125,-0.00400323975,1.500567153096199,0.25,0.0,1.5,0.0,0.0,1.5,0.0,0.2690410614013672,-0.19297564774751655,1.1461126208305359,0.010466637999657857,0.002250675363504165,1.4857653187147286,0.010479011161224822,0.003700739645783875,1.4858605645854739,0.02235830738446217,-0.021916008750486732,0.3481745645403862
E1_fixed_1p5,E1_fixed_1p5|QR_hover_Light_1p5_0p15_NoWind_test1,E1_fixed_1p5|QR_hover_Light_1p5_0p15_NoWind_test1,1731933269.25,0.0079306745210339,0.0065975352760583,1.4866347804346152,-0.0043005354999999,-0.002420937,1.499434381723404,0.25,0.0,1.5,0.0,0.0,1.5,0.0,-0.1190323308110237,-0.3018745183944702,1.065396070480347,0.007924203275041786,0.002069052437715361,1.485345902771644,0.00793595143759962,0.0035354012556541733,1.4854324938602113,0.02235830738446217,-0.021916008750486732,0.3481745645403862
E1_fixed_1p5,E1_fixed_1p5|QR_hover_Light_1p5_0p15_NoWind_test1,E1_fixed_1p5|QR_hover_Light_1p5_0p15_NoWind_test1,1731933269.375,0.0062480484031039,0.0063978557774333,1.4866253146296082,-0.00515652825,-0.0015505463749999,1.4980722963809967,0.25,0.0,1.5,0.0,0.0,1.5,0.0,-0.049111150205135304,-0.1131943054497242,0.8950355350971222,0.00620493531360139,0.0025784587968774382,1.4861383024348056,0.006219979603911241,0.004054870083554729,1.4862272602983488,0.02235830738446217,-0.021916008750486732,0.3481745645403862
E1_fixed_1p5,E1_fixed_1p5|QR_hover_Light_1p5_0p15_NoWind_test1,E1_fixed_1p5|QR_hover_Light_1p5_0p15_NoWind_test1,1731933269.5,0.0044963686895734,0.0063484715141454,1.4870286996975544,-0.006934658,-0.001892318,1.50086772441864,0.25,0.0,1.5,0.0,0.0,1.5,0.0,0.0713148266077041,0.3565082550048828,0.6210097670555115,0.0043659025873039325,0.003702535572494376,1.4885644358559544,0.004388531080944891,0.005189476496452518,1.488656879713905,0.02235830738446217,-0.021916008750486732,0.3481745645403862
E1_fixed_1p5,E1_fixed_1p5|QR_hover_Light_1p5_0p15_NoWind_test1,E1_fixed_1p5|QR_hover_Light_1p5_0p15_NoWind_test1,1731933269.625,0.0034347223494463,0.005894525690473,1.4872858589650546,-0.006414881375,-0.004241328375,1.501712530851364,0.25,0.0,1.5,0.0,0.0,1.5,0.0,-0.44832551479339594,0.4753197729587555,0.6241301596164703,0.0032888649455870556,0.0031076431823538783,1.489286020707452,0.0033087763630619826,0.004601901128548504,1.4893654504195026,0.02235830738446217,-0.021916008750486732,0.3481745645403862
E1_fixed_1p5,E1_fixed_1p5|QR_hover_Light_1p5_0p15_NoWind_test1,E1_fixed_1p5|QR_hover_Light_1p5_0p15_NoWind_test1,1731933269.75,0.0033874840818881,0.0047149164250525,1.4884830688414652,-0.006703794,-0.00423836875,1.5019368529319763,0.25,0.0,1.5,0.0,0.0,1.5,0.0,-0.2799444794654846,0.5800876617431641,0.5499024987220764,0.0032499433967862756,0.0022905204333425353,1.490957531856737,0.003265271193226421,0.0037852264840045587,1.4910418300541153,0.02235830738446217,-0.021916008750486732,0.3481745645403862
E1_fixed_1p5,E1_fixed_1p5|QR_hover_Light_1p5_0p15_NoWind_test1,E1_fixed_1p5|QR_hover_Light_1p5_0p15_NoWind_test1,1731933269.875,0.0064849167776582,0.0036208866390155,1.4870625805788915,-0.00340503475,-0.005976524625,1.499760165810585,0.25,0.0,1.5,0.0,0.0,1.5,0.0,-0.4127601683139801,0.2114477977156639,0.34185169637203217,0.006422023250041847,0.0020743447393414102,1.4879356005365563,0.006435086102548615,0.003549769407619593,1.4880160418310913,0.02235830738446217,-0.021916008750486732,0.3481745645403862
E1_fixed_1p5,E1_fixed_1p5|QR_hover_Light_1p5_0p15_NoWind_test1,E1_fixed_1p5|QR_hover_Light_1p5_0p15_NoWind_test1,1731933270.0,0.0058247912854078,0.0017380527957963,1.4876807651384731,-0.003711315,-0.008994,1.500291347503662,0.25,0.0,1.5,0.0,0.0,1.5,0.0,0.0355810225009918,-0.1875552535057068,0.255166232585907,0.005861068957052434,0.0006584423951762456,1.4868826173064813,0.005864553558412783,0.0021374048496592725,1.486975706653156,0.02235830738446217,-0.021916008750486732,0.3481745645403862
E1_fixed_1p5,E1_fixed_1p5|QR_hover_Light_1p5_0p15_NoWind_test1,E1_fixed_1p5|QR_hover_Light_1p5_0p15_NoWind_test1,1731933270.1111112,0.0068680059670753,0.0002577452809044,1.4888067520599737,-0.0007379281542808,-0.0074298757756002,1.4986366689954085,0.25,0.0,1.5,0.0,0.0,1.5,0.0,0.43822637774971984,-0.6007953041047692,0.16482123290750933,0.006998734693600822,-0.0003556873453981057,1.4862602656319635,0.006995204561745655,0.0011166764802380711,1.4863638648381035,0.02235830738446217,-0.021916008750486732,0.3481745645403862
E1_fixed_1p5,E1_fixed_1p5|QR_hover_Light_1p5_0p15_NoWind_test1,E1_fixed_1p5|QR_hover_Light_1p5_0p15_NoWind_test1,1731933270.2222223,0.0093896495504517,-0.0006859329825127,1.489874562429606,-0.0009977040816107,-0.0074123842286674,1.5000033397615216,0.25,0.0,1.5,0.0,0.0,1.5,0.0,0.7532425276558335,-0.6647009072100158,0.06844148384076092,0.009524232143374084,-0.0008400187143018927,1.4870757910946675,0.009517624441209876,0.0006168699642868237,1.487186637812382,0.02235830738446217,-0.021916008750486732,0.3481745645403862
E1_fixed_1p5,E1_fixed_1p5|QR_hover_Light_1p5_0p15_NoWind_test1,E1_fixed_1p5|QR_hover_Light_1p5_0p15_NoWind_test1,1731933270.3333333,0.006819202059936,-0.0002912216141608,1.4910895127365171,-0.0026324926666666,-0.006231476,1.5010013182957966,0.25,0.0,1.5,0.0,0.0,1.5,0.0,0.7822041312853496,-0.4415360391139984,0.05212024971842761,0.006895367731204527,-0.0003906970615621153,1.489212636775963,0.006892489395429829,0.0010822146496392733,1.4893253019167567,0.02235830738446217,-0.021916008750486732,0.3481745645403862
E1_fixed_1p5,E1_fixed_1p5|QR_hover_Light_1p5_0p15_NoWind_test1,E1_fixed_1p5|QR_hover_Light_1p5_0p15_NoWind_test1,1731933270.4444444,0.0060807528596499,0.0008514127902674,1.4902378363622508,-0.005151974906659,-0.0038161696891495,1.5018596245268625,0.25,0.0,1.5,0.0,0.0,1.5,0.0,0.3920994657939008,-0.29968698321174253,0.13376702074094454,0.006133639726887324,0.0003488517703495322,1.488968205144604,0.006135614568747616,0.0018266421379112786,1.4890707381364345,0.02235830738446217,-0.021916008750486732,0.3481745645403862
E1_fixed_1p5,E1_fixed_1p5|QR_hover_Light_1p5_0p15_NoWind_test1,E1_fixed_1p5|QR_hover_Light_1p5_0p15_NoWind_test1,1731933270.5555556,0.0041758483131171,0.0034054251497155,1.489436461695535,-0.010111279568152,-0.0010090209529361,1.5040788254967388,0.25,0.0,1.5,0.0,0.0,1.5,0.0,0.33127446225979656,-0.04049277429575088,0.20274431159834352,0.004172634054782048,0.0025965886981413043,1.4892825985376865,0.004188503561862511,0.004085761163455689,1.489383334370221,0.02235830738446217,-0.021916008750486732,0.3481745645403862
E1_fixed_1p5,E1_fixed_1p5|QR_hover_Light_1p5_0p15_NoWind_test1,E1_fixed_1p5|QR_hover_Light_1p5_0p15_NoWind_test1,1731933270.6666667,0.0009308300965768,0.0060207004846145,1.4882066122326163,-0.012285764,-0.0006231446666666,1.5045949220657349,0.25,0.0,1.5,0.0,0.0,1.5,0.0,0.3431904911994934,0.17068955302238464,0.15096332132816315,0.0008817252975119594,0.005434873188260842,1.488984938110893,0.0009147451521198113,0.006943241103237447,1.4890861809577718,0.02235830738446217,-0.021916008750486732,0.3481745645403862
E1_fixed_1p5,E1_fixed_1p5|QR_hover_Light_1p5_0p15_NoWind_test1,E1_fixed_1p5|QR_hover_Light_1p5_0p15_NoWind_test1,1731933270.7777777,0.0028381221054153,0.0081981502262558,1.4887741943348882,-0.0127762664583363,0.0028372906717911,1.5051244838871625,0.25,0.0,1.5,0.0,0.0,1.5,0.0,0.16594733367955491,0.21763791106803823,-0.1664107916573582,0.002822302269254756,0.008948573052816607,1.489736908400123,0.0028771170448889105,0.010445597462551538,1.4898317908191507,0.02235830738446217,-0.021916008750486732,0.3481745645403862
E1_fixed_1p5,E1_fixed_1p5|QR_hover_Light_1p5_0p15_NoWind_test1,E1_fixed_1p5|QR_hover_Light_1p5_0p15_NoWind_test1,1731933270.8888888,0.0023629637429336,0.0089441865942696,1.4893137300938726,-0.0121727546860978,0.0024664577496417,1.503977323631171,0.25,0.0,1.5,0.0,0.0,1.5,0.0,-0.38819957047710113,-0.39246814491408144,-0.3660831296560184,0.0025041220697591404,0.01045312039074515,1.48755736176853,0.0025680140881921276,0.011953852949181007,1.4876381913972263,0.02235830738446217,-0.021916008750486732,0.3481745645403862
E1_fixed_1p5,E1_fixed_1p5|QR_hover_Light_1p5_0p15_NoWind_test1,E1_fixed_1p5|QR_hover_Light_1p5_0p15_NoWind_test1,1731933271.0,0.0021957474026579,0.0080244156354976,1.4902119390696489,-0.009685928,0.00216023507528,1.50291645526886,0.25,0.0,1.5,0.0,0.0,1.5,0.0,-0.9156644940376283,-0.2426811456680297,-0.4204137325286865,0.0023043600458893254,0.009684707940785901,1.4890354494747822,0.0023647158673222035,0.011187483062324876,1.4891026946609303,0.02235830738446217,-0.021916008750486732,0.3481745645403862
E1_fixed_1p5,E1_fixed_1p5|QR_hover_Light_1p5_0p15_NoWind_test1,E1_fixed_1p5|QR_hover_Light_1p5_0p15_NoWind_test1,1731933271.125,3.778751476632078e-05,0.0056760350762335,1.4910727556253274,-0.0085634705,3.829941078014672e-05,1.5030404925346377,0.25,0.0,1.5,0.0,0.0,1.5,0.0,-0.7784819602966309,-0.28239782154560084,-0.08427136763930315,9.363939023665502e-05,0.005921791523938941,1.4897645689511978,0.00013122426875436521,0.007438266193975399,1.4898369371043527,0.02235830738446217,-0.021916008750486732,0.3481745645403862
E1_fixed_1p5,E1_fixed_1p5|QR_hover_Light_1p5_0p15_NoWind_test1,E1_fixed_1p5|QR_hover_Light_1p5_0p15_NoWind_test1,1731933271.25,0.0019507011808362,0.0017652833153287,1.491609680933217,-0.007349224,-0.003476747,1.5040546655654907,0.25,0.0,1.5,0.0,0.0,1.5,0.0,-0.295788049697876,0.0342181734740734,0.3059175312519073,0.0019400710238979824,0.00039749864719984616,1.4917488209871976,0.0019442049513658244,0.0019020702282887274,1.4918346466370855,0.02235830738446217,-0.021916008750486732,0.3481745645403862
E1_fixed_1p5,E1_fixed_1p5|QR_hover_Light_1p5_0p15_NoWind_test1,E1_fixed_1p5|QR_hover_Light_1p5_0p15_NoWind_test1,1731933271.375,0.0026163284770233,-0.0026391805162268,1.4891301662616896,-0.00720663,-0.0073956295,1.5043932795524595,0.25,0.0,1.5,0.0,0.0,1.5,0.0,-0.10253954306244845,0.1381803750991821,0.5568194389343262,0.002628364907708014,-0.005062870559142717,1.4897315537226377,0.0025984082847829992,-0.0035637890982147744,1.4898239831208722,0.02235830738446217,-0.021916008750486732,0.3481745645403862
E1_fixed_1p5,E1_fixed_1p5|QR_hover_Light_1p5_0p15_NoWind_test1,E1_fixed_1p5|QR_hover_Light_1p5_0p15_NoWind_test1,1731933271.5,0.0048948015883699,-0.005314850411346,1.4883140830303323,-0.006112138,-0.010517344,1.5023391246795654,0.25,0.0,1.5,0.0,0.0,1.5,0.0,0.4223082661628723,0.5377103090286255,0.52548748254776,0.0048538279635384485,-0.007477211611292129,1.490575976384205,0.004808991022397707,-0.005993283740288533,1.490682476440854,0.02235830738446217,-0.021916008750486732,0.3481745645403862
E1_fixed_1p5,E1_fixed_1p5|QR_hover_Light_1p5_0p15_NoWind_test1,E1_fixed_1p5|QR_hover_Light_1p5_0p15_NoWind_test1,1731933271.625,0.0039879034005946,-0.0048436264360222,1.4858121900548271,-0.005154466,-0.010777138,1.500209927558899,0.25,0.0,1.5,0.0,0.0,1.5,0.0,0.45045751333236694,0.41306161880493164,0.48907555639743805,0.003941099240607482,-0.006832510761155127,1.4875484741856522,0.003898865450445793,-0.005344068024083338,1.48765581709049,0.02235830738446217,-0.021916008750486732,0.3481745645403862
E1_fixed_1p5,E1_fixed_1p5|QR_hover_Light_1p5_0p15_NoWind_test1,E1_fixed_1p5|QR_hover_Light_1p5_0p15_NoWind_test1,1731933271.75,0.0063302019142789,-0.0023701831651544,1.4854215511141051,-0.003707097,-0.012965386,1.4991213083267212,0.25,0.0,1.5,0.0,0.0,1.5,0.0,0.3056298494338989,0.6983999609947206,0.6281646490097046,0.006210240688866858,-0.004965428748289719,1.4883803093132162,0.006179850024898792,-0.003491080365360672,1.4884819158149958,0.02235830738446217,-0.021916008750486732,0.3481745645403862
E1_fixed_1p5,E1_fixed_1p5|QR_hover_Light_1p5_0p15_NoWind_test1,E1_fixed_1p5|QR_hover_Light_1p5_0p15_NoWind_test1,1731933271.875,0.0137143106119896,0.000199567102384,1.4858176757597683,0.0015175018343142,-0.0072965215,1.4975415468215942,0.25,0.0,1.5,0.0,0.0,1.5,0.0,-0.2643801867961883,0.7837562561035156,0.6291595101356506,0.01355519383140602,-0.002462350579174885,1.489050314024046,0.013540788302914192,-0.0010316762159849828,1.4891334455677585,0.02235830738446217,-0.021916008750486732,0.3481745645403862
E1_fixed_1p5,E1_fixed_1p5|QR_hover_Light_1p5_0p15_NoWind_test1,E1_fixed_1p5|QR_hover_Light_1p5_0p15_NoWind_test1,1731933272.0,0.0148763648405267,0.0015321474018379,1.487908739896499,0.0045575639232993,-0.006211987,1.499008059501648,0.25,0.0,1.5,0.0,0.0,1.5,0.0,-0.6635003089904785,0.4369568228721618,0.7554336190223694,0.014792952974328616,-0.0017091897045705634,1.489685274740742,0.014783759119811224,-0.00028417749313994635,1.4897574843665244,0.02235830738446217,-0.021916008750486732,0.3481745645403862
E1_fixed_1p5,E1_fixed_1p5|QR_hover_Light_1p5_0p15_NoWind_test1,E1_fixed_1p5|QR_hover_Light_1p5_0p15_NoWind_test1,1731933272.125,0.0182944068095327,0.0017041902322197,1.4885511776724525,0.0062354893889278,-0.0057295965,1.5016587376594543,0.25,0.0,1.5,0.0,0.0,1.5,0.0,-0.7358199656009674,-0.3283541649580002,0.8540885150432587,0.018366469114896977,-0.0018959418352022636,1.4872025593559015,0.018355405507719885,-0.000491390503890276,1.4872719958099683,0.02235830738446217,-0.021916008750486732,0.3481745645403862
E1_fixed_1p5,E1_fixed_1p5|QR_hover_Light_1p5_0p15_NoWind_test1,E1_fixed_1p5|QR_hover_Light_1p5_0p15_NoWind_test1,1731933272.25,0.0175971613225861,0.0005253604699445,1.489649325543814,0.007356765680015,-0.008944617,1.4992121458053589,0.25,0.0,1.5,0.0,0.0,1.5,0.0,-0.49102456867694855,-0.5290999114513397,0.6541539430618286,0.017712845799138593,-0.0022155047364796373,1.4874995431015798,0.017699598558985674,-0.0008066196556830126,1.487575639021823,0.02235830738446217,-0.021916008750486732,0.3481745645403862
E1_fixed_1p5,E1_fixed_1p5|QR_hover_Light_1p5_0p15_NoWind_test1,E1_fixed_1p5|QR_hover_Light_1p5_0p15_NoWind_test1,1731933272.375,0.0198260175629981,-0.0020417823042121,1.490188996686164,0.0061145070940255,-0.012178517,1.4999423623085022,0.25,0.0,1.5,0.0,0.0,1.5,0.0,0.02153135091066355,-0.30681225657463074,0.6160163283348083,0.01991707060394199,-0.004512048025221244,1.4889558216666954,0.019889705137465352,-0.0031173403867494278,1.4890445794648652,0.02235830738446217,-0.021916008750486732,0.3481745645403862
E1_fixed_1p5,E1_fixed_1p5|QR_hover_Light_1p5_0p15_NoWind_test1,E1_fixed_1p5|QR_hover_Light_1p5_0p15_NoWind_test1,1731933272.5,0.0139281817249414,-0.0047020328167706,1.4894364747617088,0.0032913512550294,-0.015085947,1.5011996030807495,0.25,0.0,1.5,0.0,0.0,1.5,0.0,0.1771285533905029,0.1212159991264343,0.670630931854248,0.01397715551645351,-0.007432380340459475,1.4899214501969447,0.013932382496289641,-0.0060025456346854975,1.4900175166522702,0.02235830738446217,-0.021916008750486732,0.3481745645403862
E1_fixed_1p5,E1_fixed_1p5|QR_hover_Light_1p5_0p15_NoWind_test1,E1_fixed_1p5|QR_hover_Light_1p5_0p15_NoWind_test1,1731933272.625,0.0138316326722177,-0.0052300664399032,1.487380277265267,0.0005111862440213,-0.016323628,1.5012326836586,0.25,0.0,1.5,0.0,0.0,1.5,0.0,0.29846999049186707,0.3699568212032318,0.7086896896362305,0.013836842911843061,-0.008085894740073945,1.4888783875474552,0.013787570602515925,-0.006656547701781799,1.4889778725297627,0.02235830738446217,-0.021916008750486732,0.3481745645403862
E1_fixed_1p5,E1_fixed_1p5|QR_hover_Light_1p5_0p15_NoWind_test1,E1_fixed_1p5|QR_hover_Light_1p5_0p15_NoWind_test1,1731933272.75,0.0098873279581496,-0.0051119525234493,1.4848389318377422,-0.001713817,-0.013664866,1.4987940788269043,0.25,0.0,1.5,0.0,0.0,1.5,0.0,0.3747090697288513,0.3806415796279907,0.773975133895874,0.00988131309514037,-0.008256969362313162,1.486401324419796,0.00982996438582806,-0.006804851453703429,1.4865043224964343,0.02235830738446217,-0.021916008750486732,0.3481745645403862
E1_fixed_1p5,E1_fixed_1p5|QR_hover_Light_1p5_0p15_NoWind_test1,E1_fixed_1p5|QR_hover_Light_1p5_0p15_NoWind_test1,1731933272.875,0.0081088608213445,-0.0030107719172252,1.4852949806816331,-6.805e-05,-0.01049148,1.4977514147758484,0.25,0.0,1.5,0.0,0.0,1.5,0.0,0.3990013748407364,0.1310483813285827,0.753432959318161,0.008134971783539807,-0.0060892279498271674,1.4858276684111345,0.008096527839005607,-0.0046260242821554816,1.4859310409185782,0.02235830738446217,-0.021916008750486732,0.3481745645403862
E1_fixed_1p5,E1_fixed_1p5|QR_hover_Light_1p5_0p15_NoWind_test1,E1_fixed_1p5|QR_hover_Light_1p5_0p15_NoWind_test1,1731933273.0,0.0112514086989874,-0.0006290016270771,1.4871844876109264,0.0008335891761817,-0.007988145,1.498958706855774,0.25,0.0,1.5,0.0,0.0,1.5,0.0,-0.14356765896081924,-0.28639258444309235,0.41129952669143677,0.01132933669293193,-0.0023744630201193114,1.4859928857008466,0.011314220741356934,-0.0009284478142443413,1.4860802437733323,0.02235830738446217,-0.021916008750486732,0.3481745645403862
E1_fixed_1p5,E1_fixed_1p5|QR_hover_Light_1p5_0p15_NoWind_test1,E1_fixed_1p5|QR_hover_Light_1p5_0p15_NoWind_test1,1731933273.125,0.0107791191090659,0.0011943275831769,1.489885855358019,0.0010584922856651,-0.005962718,1.5006880164146423,0.25,0.0,1.5,0.0,0.0,1.5,0.0,-0.3935970515012741,-0.26725417375564575,0.2649249285459518,0.010826291310623432,1.892999348725593e-05,1.4887621662285866,0.01082703285032871,0.001469289547552319,1.488842707877937,0.02235830738446217,-0.021916008750486732,0.3481745645403862
E1_fixed_1p5,E1_fixed_1p5|QR_hover_Light_1p5_0p15_NoWind_test1,E1_fixed_1p5|QR_hover_Light_1p5_0p15_NoWind_test1,1731933273.25,0.0104734070237025,0.002438337572793,1.491208912637327,0.0004996908828616,-0.004432728,1.5024209022521973,0.25,0.0,1.5,0.0,0.0,1.5,0.0,0.0106382137164473,-0.138309508562088,0.2563340961933136,0.010486805917028913,0.0013684352148704293,1.490631184962565,0.010495985730612195,0.0028205784361283264,1.4907215876301776,0.02235830738446217,-0.021916008750486732,0.3481745645403862
E1_fixed_1p5,E1_fixed_1p5|QR_hover_Light_1p5_0p15_NoWind_test1,E1_fixed_1p5|QR_hover_Light_1p5_0p15_NoWind_test1,1731933273.375,0.0097300832785862,0.0027671111636997,1.4920331989215052,-0.00123791,-0.0060592024999999,1.5047276616096497,0.25,0.0,1.5,0.0,0.0,1.5,0.0,0.03373775817453856,0.1446639150381088,0.17763271927833557,0.009703299656228265,0.0020268267013236253,1.4926415027111468,0.00971723434405311,0.0034837605522514805,1.4927325626197692,0.02235830738446217,-0.021916008750486732,0.3481745645403862
E1_fixed_1p5,E1_fixed_1p5|QR_hover_Light_1p5_0p15_NoWind_test1,E1_fixed_1p5|QR_hover_Light_1p5_0p15_NoWind_test1,1731933273.5,0.0074186420680137,0.0017138458409528,1.49106260395286,-0.003924944,-0.009836245,1.5047227144241333,0.25,0.0,1.5,0.0,0.0,1.5,0.0,-0.0505737327039241,0.3302638828754425,0.3296627104282379,0.007365347371517922,0.0003099222303782897,1.4924595209791829,0.007368897899570875,0.0017806714561947495,1.4925496956778492,0.02235830738446217,-0.021916008750486732,0.3481745645403862
E1_fixed_1p5,E1_fixed_1p5|QR_hover_Light_1p5_0p15_NoWind_test1,E1_fixed_1p5|QR_hover_Light_1p5_0p15_NoWind_test1,1731933273.625,0.0063413882079862,0.0009049254196415,1.4894269619899383,-0.003655644,-0.0044932495,1.5013495087623596,0.25,0.0,1.5,0.0,0.0,1.5,0.0,0.16793102855410916,0.17114043450857733,0.5702714057639263,0.00631365727912192,-0.0014895610742712351,1.4901575052797886,0.006305223627430884,-1.3301345417088185e-05,1.4902540821373076,0.02235830738446217,-0.021916008750486732,0.3481745645403862
E1_fixed_1p5,E1_fixed_1p5|QR_hover_Light_1p5_0p15_NoWind_test1,E1_fixed_1p5|QR_hover_Light_1p5_0p15_NoWind_test1,1731933273.75,0.0056895317002551,0.0014445155927386,1.4891273735259214,-0.001113881,-0.003577863,1.5008829832077026,0.25,0.0,1.5,0.0,0.0,1.5,0.0,0.2074813246726989,0.0340066961944103,0.6615822911262512,0.005682278014192577,-0.0013372333619475205,1.489277682937697,0.0056743939125670495,0.0001428119881576615,1.489375341543007,0.02235830738446217,-0.021916008750486732,0.3481745645403862
E1_fixed_1p5,E1_fixed_1p5|QR_hover_Light_1p5_0p15_NoWind_test1,E1_fixed_1p5|QR_hover_Light_1p5_0p15_NoWind_test1,1731933273.875,0.0088393015209723,0.0017427414379042,1.4899528681703809,-0.000631054,-0.004330965,1.5022218227386477,0.25,0.0,1.5,0.0,0.0,1.5,0.0,0.21142873167991635,-0.304231733083725,0.3883039504289627,0.008889490154141616,0.00014577063020292078,1.488678989028923,0.008890292622987128,0.0016070213438871435,1.488775429291721,0.02235830738446217,-0.021916008750486732,0.3481745645403862
E1_fixed_1p5,E1_fixed_1p5|QR_hover_Light_1p5_0p15_NoWind_test1,E1_fixed_1p5|QR_hover_Light_1p5_0p15_NoWind_test1,1731933274.0,0.0099185466496944,0.0020019460353671,1.490951241886694,-0.001584888,-0.00468269,1.5031087398529053,0.25,0.0,1.5,0.0,0.0,1.5,0.0,-0.1959553509950637,0.0947913601994514,-0.0277526006102561,0.009904876383550087,0.0020872831742866295,1.4913416561243744,0.009918877380020424,0.0035429612358992284,1.4914271334241185,0.02235830738446217,-0.021916008750486732,0.3481745645403862
E1_fixed_1p5,E1_fixed_1p5|QR_hover_Light_1p5_0p15_NoWind_test1,E1_fixed_1p5|QR_hover_Light_1p5_0p15_NoWind_test1,1731933274.125,0.013028305790703,0.002619791208835,1.4902427124432531,-0.0002524205,-0.0045818075,1.5001047253608704,0.25,0.0,1.5,0.0,0.0,1.5,0.0,-0.7430184410243563,-0.07029804166363357,-0.12871636044362064,0.013046694982534746,0.003025369354345382,1.4899188192934876,0.013066417600686747,0.004462560821838905,1.4899892605065002,0.02235830738446217,-0.021916008750486732,0.3481745645403862
E1_fixed_1p5,E1_fixed_1p5|QR_hover_Light_1p5_0p15_NoWind_test1,E1_fixed_1p5|QR_hover_Light_1p5_0p15_NoWind_test1,1731933274.25,0.0101207639377659,0.0032009860402522,1.4884347610623865,-0.000487648,-0.005069588,1.4976130723953247,0.25,0.0,1.5,0.0,0.0,1.5,0.0,-0.8508269786834718,0.2118448317050933,-0.1060393154621124,0.010085488041258056,0.0034729226506627396,1.4892755085446345,0.010107906552832335,0.004927209485456713,1.4893437780927377,0.02235830738446217,-0.021916008750486732,0.3481745645403862
E1_fixed_1p5,E1_fixed_1p5|QR_hover_Light_1p5_0p15_NoWind_test1,E1_fixed_1p5|QR_hover_Light_1p5_0p15_NoWind_test1,1731933274.375,0.0078598941340231,0.0019134320432607,1.4872434732135154,-0.001505404,-0.007036841,1.4993191957473757,0.25,0.0,1.5,0.0,0.0,1.5,0.0,-0.8793958127498627,0.0615078303962945,-0.01507254410535095,0.007846769610474674,0.0017811249179957567,1.4874755569956608,0.007858466038270645,0.003248799095491663,1.4875443225104863,0.02235830738446217,-0.021916008750486732,0.3481745645403862
E1_fixed_1p5,E1_fixed_1p5|QR_hover_Light_1p5_0p15_NoWind_test1,E1_fixed_1p5|QR_hover_Light_1p5_0p15_NoWind_test1,1731933274.5,0.0102763476512112,-0.0012347424714017,1.4888192385098222,-0.00340575,-0.010365869,1.5037829875946045,0.25,0.0,1.5,0.0,0.0,1.5,0.0,-0.3790858685970306,-0.057603944092988905,-0.066250205039978,0.010286348271110801,-0.001031513781227499,1.4885866452769647,0.010280609701234511,0.00042150563498740296,1.4886686382238636,0.02235830738446217,-0.021916008750486732,0.3481745645403862
E1_fixed_1p5,E1_fixed_1p5|QR_hover_Light_1p5_0p15_NoWind_test1,E1_fixed_1p5|QR_hover_Light_1p5_0p15_NoWind_test1,1731933274.625,0.007256898508586,-0.0046298245008431,1.4903518525126362,-0.001377849,-0.012838976,1.5025765299797058,0.25,0.0,1.5,0.0,0.0,1.5,0.0,0.4182041436433792,-0.2330714091658592,-0.26665868610143656,0.00727969992368821,-0.0034296830474704492,1.4893309535769825,0.007258793730358454,-0.0019588484060360234,1.4894356714269692,0.02235830738446217,-0.021916008750486732,0.3481745645403862
E1_fixed_1p5,E1_fixed_1p5|QR_hover_Light_1p5_0p15_NoWind_test1,E1_fixed_1p5|QR_hover_Light_1p5_0p15_NoWind_test1,1731933274.75,0.0063152065304609,-0.0067314043728109,1.491724076648115,-0.00216669,-0.015615214,1.503498077392578,0.25,0.0,1.5,0.0,0.0,1.5,0.0,0.9417083263397217,-0.3598462343215942,-0.1971435546875,0.006351428858781538,-0.005756167689386517,1.4900842753758092,0.006316204047203816,-0.004280058804302631,1.4902035737579349,0.02235830738446217,-0.021916008750486732,0.3481745645403862
E1_fixed_1p5,E1_fixed_1p5|QR_hover_Light_1p5_0p15_NoWind_test1,E1_fixed_1p5|QR_hover_Light_1p5_0p15_NoWind_test1,1731933274.875,0.0046291557615133,-0.006953045875449,1.4913448485147442,-0.001721752,-0.0123518915,1.5020952224731443,0.25,0.0,1.5,0.0,0.0,1.5,0.0,0.8657816052436829,-0.3982298970222473,-0.40632735192775726,0.004653755037085955,-0.005081679422224836,1.4895355691347296,0.0046224592843090995,-0.0035951940898344107,1.4896537548713364,0.02235830738446217,-0.021916008750486732,0.3481745645403862
E1_fixed_1p5,E1_fixed_1p5|QR_hover_Light_1p5_0p15_NoWind_test1,E1_fixed_1p5|QR_hover_Light_1p5_0p15_NoWind_test1,1731933275.0,0.0094791303686863,-0.0050540455632752,1.4904781544225152,-0.003251754,-0.008397044,1.5009106397628784,0.25,0.0,1.5,0.0,0.0,1.5,0.0,-0.0372229255735874,-0.3604733347892761,0.23074360191822046,0.009566104272321713,-0.0060285606932121505,1.4889684140242345,0.009529755551512947,-0.004570634625685228,1.4890606909741113,0.02235830738446217,-0.021916008750486732,0.3481745645403862
E1_fixed_1p5,E1_fixed_1p5|QR_hover_Light_1p5_0p15_NoWind_test1,E1_fixed_1p5|QR_hover_Light_1p5_0p15_NoWind_test1,1731933275.1111112,0.0072532113660811,-0.0022365658628332,1.4886972724657792,-0.003851187555325,-0.0044769475951171,1.4996562490669485,0.25,0.0,1.5,0.0,0.0,1.5,0.0,-0.4535378704255956,0.18238859740750363,0.23888399798698473,0.007230326851335511,-0.0033381728527624418,1.4894881176781793,0.007211036816130001,-0.0018667694294474011,1.4895696693891898,0.02235830738446217,-0.021916008750486732,0.3481745645403862
E1_fixed_1p5,E1_fixed_1p5|QR_hover_Light_1p5_0p15_NoWind_test1,E1_fixed_1p5|QR_hover_Light_1p5_0p15_NoWind_test1,1731933275.2222223,0.0081605584732875,0.0014883711150184,1.4857662294689542,-0.0029068325880838,-0.0012142297151848,1.4973954470080375,0.25,0.0,1.5,0.0,0.0,1.5,0.0,-0.3087104449144428,0.5610217798311271,0.41846047518002816,0.008028848460471583,-0.00035557511154821425,1.4881270753799543,0.008027051829410714,0.0011089748242925153,1.48821045045258,0.02235830738446217,-0.021916008750486732,0.3481745645403862
E1_fixed_1p5,E1_fixed_1p5|QR_hover_Light_1p5_0p15_NoWind_test1,E1_fixed_1p5|QR_hover_Light_1p5_0p15_NoWind_test1,1731933275.3333333,0.0092439989642934,0.0037947331184142,1.484949753466151,-0.0025287506666666,-0.0007472523333333,1.4979560772577922,0.25,0.0,1.5,0.0,0.0,1.5,0.0,0.07799491037925083,0.7972779472668966,0.5780385931332906,0.009031731998202036,0.0013842777606161997,1.4883064314185135,0.00904007596791559,0.0028414199188785965,1.4883981338496126,0.02235830738446217,-0.021916008750486732,0.3481745645403862
E1_fixed_1p5,E1_fixed_1p5|QR_hover_Light_1p5_0p15_NoWind_test1,E1_fixed_1p5|QR_hover_Light_1p5_0p15_NoWind_test1,1731933275.4444444,0.0091343595695802,0.0041856052898811,1.4839662135069895,-0.0023557953787997,-0.0023164582715351,1.4979450988078316,0.25,0.0,1.5,0.0,0.0,1.5,0.0,0.12536251054943887,0.5627182409779423,0.46370792094324714,0.00896233117974135,0.002269999333519744,1.48634175510457,0.008975217208979508,0.003727334069168273,1.486434624878736,0.02235830738446217,-0.021916008750486732,0.3481745645403862
E1_fixed_1p5,E1_fixed_1p5|QR_hover_Light_1p5_0p15_NoWind_test1,E1_fixed_1p5|QR_hover_Light_1p5_0p15_NoWind_test1,1731933275.5555556,0.0099238786276187,0.0039243919590995,1.4831967814062212,-0.0013505797264859,-0.0041723346218677,1.496479497084224,0.25,0.0,1.5,0.0,0.0,1.5,0.0,0.2053461655829792,0.09180560624308412,0.05777262033220036,0.009893389875077346,0.0037424858619860978,1.4835956519649047,0.009913948364461994,0.00519446615266374,1.4836905428658123,0.02235830738446217,-0.021916008750486732,0.3481745645403862
E1_fixed_1p5,E1_fixed_1p5|QR_hover_Light_1p5_0p15_NoWind_test1,E1_fixed_1p5|QR_hover_Light_1p5_0p15_NoWind_test1,1731933275.6666667,0.014317102472254,0.0033296088942278,1.4833953166884255,0.0037107867343971,-0.0017460446666666,1.4922889471054075,0.25,0.0,1.5,0.0,0.0,1.5,0.0,0.2968445122241974,-0.09353252997001006,-0.14364575346310932,0.014353798093586556,0.004006389788676816,1.483028071462464,0.014375465573665397,0.005431544426749869,1.4831237713972136,0.02235830738446217,-0.021916008750486732,0.3481745645403862
E1_fixed_1p5,E1_fixed_1p5|QR_hover_Light_1p5_0p15_NoWind_test1,E1_fixed_1p5|QR_hover_Light_1p5_0p15_NoWind_test1,1731933275.7777777,0.0192404829217281,0.0055124429117066,1.4828408138291862,0.0046991039930883,-0.0016850444383806,1.4910309851387014,0.25,0.0,1.5,0.0,0.0,1.5,0.0,0.2380291178324781,-0.15246414967927366,-0.7312239633209503,0.019376946128812134,0.008527568375801937,1.4822498726815851,0.019425716846460134,0.009922197311977504,1.4823413090000948,0.02235830738446217,-0.021916008750486732,0.3481745645403862
E1_fixed_1p5,E1_fixed_1p5|QR_hover_Light_1p5_0p15_NoWind_test1,E1_fixed_1p5|QR_hover_Light_1p5_0p15_NoWind_test1,1731933275.8888888,0.0162751217365647,0.0076495845708037,1.4819865524347091,0.0025652781465014,0.0002031425572429,1.4899650826303072,0.25,0.0,1.5,0.0,0.0,1.5,0.0,0.2251208373917089,-0.3289683223512498,-0.7912178195358741,0.01651110982036255,0.010945574351135958,1.4806751010001096,0.016574016394468427,0.012357644599577352,1.4807667487332052,0.02235830738446217,-0.021916008750486732,0.3481745645403862
E1_fixed_1p5,E1_fixed_1p5|QR_hover_Light_1p5_0p15_NoWind_test1,E1_fixed_1p5|QR_hover_Light_1p5_0p15_NoWind_test1,1731933276.0,0.0116575066983139,0.0086243154361471,1.4800045927896377,0.0001417594321537,0.0016745417378842,1.4884064197540283,0.25,0.0,1.5,0.0,0.0,1.5,0.0,0.15711565315723414,-0.16146681457757947,-0.8906003534793854,0.011878423573548624,0.012381800775098335,1.4793567180598115,0.011949723211023028,0.013821043630016424,1.47944802410513,0.02235830738446217,-0.021916008750486732,0.3481745645403862
E1_fixed_1p5,E1_fixed_1p5|QR_hover_Light_1p5_0p15_NoWind_test1,E1_fixed_1p5|QR_hover_Light_1p5_0p15_NoWind_test1,1731933276.125,0.0122001519434577,0.0076152571481861,1.4812468261209215,-0.0022559794999999,0.001686158357188,1.4919862747192385,0.25,0.0,1.5,0.0,0.0,1.5,0.0,0.030992815271019852,-0.025764219462871503,-0.8080838918685913,0.01233979960834522,0.01097827485856527,1.4811440184924027,0.012403541075643842,0.012415098965567598,1.4812322235742095,0.02235830738446217,-0.021916008750486732,0.3481745645403862
E1_fixed_1p5,E1_fixed_1p5|QR_hover_Light_1p5_0p15_NoWind_test1,E1_fixed_1p5|QR_hover_Light_1p5_0p15_NoWind_test1,1731933276.25,0.0086032425224018,0.0068452584759007,1.4833945441324454,-0.004053842,0.0033613471314311,1.4962257146835327,0.25,0.0,1.5,0.0,0.0,1.5,0.0,0.2877694070339203,-0.065282754600048,-0.9848169684410097,0.008777019710841494,0.01107621767356076,1.4831540974912678,0.008841715454755122,0.012535193527430055,1.4832505532242366,0.02235830738446217,-0.021916008750486732,0.3481745645403862
E1_fixed_1p5,E1_fixed_1p5|QR_hover_Light_1p5_0p15_NoWind_test1,E1_fixed_1p5|QR_hover_Light_1p5_0p15_NoWind_test1,1731933276.375,0.0053370205478434,0.0067369487661389,1.4834468166291386,-0.00548617,0.0044064121320843,1.4964710474014282,0.25,0.0,1.5,0.0,0.0,1.5,0.0,0.3664543587737393,-0.3183354684844758,-1.266502301118026,0.005643514465856175,0.012246644606718208,1.4821311571143556,0.005714795528397931,0.013725031081127412,1.482231199509168,0.02235830738446217,-0.021916008750486732,0.3481745645403862
E1_fixed_1p5,E1_fixed_1p5|QR_hover_Light_1p5_0p15_NoWind_test1,E1_fixed_1p5|QR_hover_Light_1p5_0p15_NoWind_test1,1731933276.5,0.0043447374520968,0.0060182659951517,1.483302995884702,-0.006789471,0.0040912823751568,1.494006633758545,0.25,0.0,1.5,0.0,0.0,1.5,0.0,0.3090841472148895,-0.5248501896858215,-1.3262273073196411,0.004714830883999627,0.011788525452164958,1.4810861434685387,0.004783037739380158,0.013273028079965684,1.4811854940336953,0.02235830738446217,-0.021916008750486732,0.3481745645403862
E1_fixed_1p5,E1_fixed_1p5|QR_hover_Light_1p5_0p15_NoWind_test1,E1_fixed_1p5|QR_hover_Light_1p5_0p15_NoWind_test1,1731933276.625,0.0018611167875469,0.0053500439884344,1.4828068656462796,-0.007107939,0.0057804116513579,1.4933232665061948,0.25,0.0,1.5,0.0,0.0,1.5,0.0,0.2013312354683876,-0.32421512901782984,-1.1011316180229187,0.0021120490358719213,0.01017601450259068,1.4814219296708242,0.0021708660771899424,0.011675935598310691,1.4815196020475563,0.02235830738446217,-0.021916008750486732,0.3481745645403862
E1_fixed_1p5,E1_fixed_1p5|QR_hover_Light_1p5_0p15_NoWind_test1,E1_fixed_1p5|QR_hover_Light_1p5_0p15_NoWind_test1,1731933276.75,0.0014012402238634,0.0047898077317521,1.4824438290419266,-0.008281844,0.0067801824770867,1.4930557012557983,0.25,0.0,1.5,0.0,0.0,1.5,0.0,0.1632993966341018,-0.13060387223958964,-1.219570279121399,0.0016011892806095662,0.010129017592274376,1.481890925068978,0.0016599619897045004,0.011631608065110694,1.4819878936846866,0.02235830738446217,-0.021916008750486732,0.3481745645403862
E1_fixed_1p5,E1_fixed_1p5|QR_hover_Light_1p5_0p15_NoWind_test1,E1_fixed_1p5|QR_hover_Light_1p5_0p15_NoWind_test1,1731933276.875,-0.0010069278895127,0.0046808245243344,1.481125988085844,-0.0106443885,0.0067841135896742,1.4942008256912231,0.25,0.0,1.5,0.0,0.0,1.5,0.0,-0.07497339707312639,-0.2024003384643711,-1.3605722925220103,-0.000757362622190505,0.010613157101930608,1.4802333037766213,-0.0006957718064720675,0.012130136584310666,1.4803249885057834,0.02235830738446217,-0.021916008750486732,0.3481745645403862
E1_fixed_1p5,E1_fixed_1p5|QR_hover_Light_1p5_0p15_NoWind_test1,E1_fixed_1p5|QR_hover_Light_1p5_0p15_NoWind_test1,1731933277.0,-0.0010151071313422,0.0048132449027013,1.479967543469164,-0.01045946,0.0060307681560516,1.4931118488311768,0.25,0.0,1.5,0.0,0.0,1.5,0.0,0.0181929934769868,0.06112905591726301,-1.4481645822525024,-0.0008343501332380709,0.011162394219687889,1.4802368930116534,-0.0007696688332902157,0.012678702356511426,1.4803308782832245,0.02235830738446217,-0.021916008750486732,0.3481745645403862
E1_fixed_1p5,E1_fixed_1p5|QR_hover_Light_1p5_0p15_NoWind_test1,E1_fixed_1p5|QR_hover_Light_1p5_0p15_NoWind_test1,1731933277.125,0.0015640299310423,0.00463464068394,1.479588657048328,-0.0093213755,0.0050143094267695,1.4908058643341064,0.25,0.0,1.5,0.0,0.0,1.5,0.0,-0.0919844098389148,0.056772504001855795,-1.024282544851303,0.0016658843459596007,0.009042568716139494,1.479827419778233,0.001717777741068599,0.010543698244709585,1.4799176052982934,0.02235830738446217,-0.021916008750486732,0.3481745645403862
E1_fixed_1p5,E1_fixed_1p5|QR_hover_Light_1p5_0p15_NoWind_test1,E1_fixed_1p5|QR_hover_Light_1p5_0p15_NoWind_test1,1731933277.25,0.0017114956031379,0.0041082803678281,1.4799136052555095,-0.009882016,0.0038082187529653,1.4927541017532349,0.25,0.0,1.5,0.0,0.0,1.5,0.0,0.2005917131900787,0.4484006762504577,-0.812314510345459,0.001646224768235588,0.007700284389672691,1.4818718289534991,0.0016901470925503037,0.009200389450717252,1.4819696805330962,0.02235830738446217,-0.021916008750486732,0.3481745645403862
E1_fixed_1p5,E1_fixed_1p5|QR_hover_Light_1p5_0p15_NoWind_test1,E1_fixed_1p5|QR_hover_Light_1p5_0p15_NoWind_test1,1731933277.375,0.0037485952146949,0.0036524216706628,1.4818209920803491,-0.009181586,9.308809502475e-05,1.4943256378173828,0.25,0.0,1.5,0.0,0.0,1.5,0.0,0.273187518119812,0.0525864157825708,-0.9832875430583954,0.0038324600015474664,0.007964653322059556,1.4820646321390127,0.003877903599433574,0.009452920694897686,1.4821638898448817,0.02235830738446217,-0.021916008750486732,0.3481745645403862
E1_fixed_1p5,E1_fixed_1p5|QR_hover_Light_1p5_0p15_NoWind_test1,E1_fixed_1p5|QR_hover_Light_1p5_0p15_NoWind_test1,1731933277.5,0.0043815162783315,0.0036608163653196,1.4838418434926357,-0.007013382,0.0008704543579369,1.4963831901550293,0.25,0.0,1.5,0.0,0.0,1.5,0.0,0.6376273036003113,-0.11866062879562371,-0.7584646940231323,0.0044877744895185645,0.007090950244906751,1.4833749377918943,0.004527825185551393,0.008575661793896154,1.4834834458627084,0.02235830738446217,-0.021916008750486732,0.3481745645403862
E1_fixed_1p5,E1_fixed_1p5|QR_hover_Light_1p5_0p15_NoWind_test1,E1_fixed_1p5|QR_hover_Light_1p5_0p15_NoWind_test1,1731933277.625,0.0053262686886047,0.0046019750539746,1.4850699164002232,-0.002844972,0.0041833617724477,1.4964582324028015,0.25,0.0,1.5,0.0,0.0,1.5,0.0,0.8475261926651001,-0.27779199182987213,-1.1839129328727722,0.005553046126837796,0.009875110930195281,1.4839535271544475,0.005609849234705727,0.011353689191590932,1.4840667544049533,0.02235830738446217,-0.021916008750486732,0.3481745645403862
E1_fixed_1p5,E1_fixed_1p5|QR_hover_Light_1p5_0p15_NoWind_test1,E1_fixed_1p5|QR_hover_Light_1p5_0p15_NoWind_test1,1731933277.75,0.0070624878228479,0.0056717070820775,1.487555484167149,-0.002560378,0.0049314363859593,1.4981926679611206,0.25,0.0,1.5,0.0,0.0,1.5,0.0,0.343408390879631,-0.13008247688412666,-1.3304190039634705,0.00729018804626283,0.011384523314732416,1.4870381764924547,0.007358311641103427,0.012854117785626822,1.487137193748632,0.02235830738446217,-0.021916008750486732,0.3481745645403862
E1_fixed_1p5,E1_fixed_1p5|QR_hover_Light_1p5_0p15_NoWind_test1,E1_fixed_1p5|QR_hover_Light_1p5_0p15_NoWind_test1,1731933277.875,0.0113797911988562,0.0071767289001787,1.488231308963742,-0.00354689,0.0077959599439054,1.5000027418136597,0.25,0.0,1.5,0.0,0.0,1.5,0.0,0.32236917316913605,-0.16742854565381998,-1.623299777507782,0.011716006938840035,0.013998589592167036,1.487574634211656,0.011800170996010495,0.015441613686461662,1.4876707825088837,0.02235830738446217,-0.021916008750486732,0.3481745645403862
E1_fixed_1p5,E1_fixed_1p5|QR_hover_Light_1p5_0p15_NoWind_test1,E1_fixed_1p5|QR_hover_Light_1p5_0p15_NoWind_test1,1731933278.0,0.0053265421064955,0.0090930434323891,1.4882834722132992,-0.002672856,0.0091338446363806,1.5015125274658203,0.25,0.0,1.5,0.0,0.0,1.5,0.0,0.4191468060016632,-0.1333673000335693,-1.6042743921279907,0.005707179405242513,0.016024066024462713,1.4877808112501003,0.005803708473171243,0.01750336588135318,1.4878812192374011,0.02235830738446217,-0.021916008750486732,0.3481745645403862
E1_fixed_1p5,E1_fixed_1p5|QR_hover_Light_1p5_0p15_NoWind_test1,E1_fixed_1p5|QR_hover_Light_1p5_0p15_NoWind_test1,1731933278.125,0.0061089109824494,0.0094770635218146,1.4888728681269303,-0.0034738985,0.0073194212745874,1.5036901235580444,0.25,0.0,1.5,0.0,0.0,1.5,0.0,-0.1357701644301414,0.2139470130205154,-1.4000259041786194,0.006372701382347301,0.015407724892589696,1.489761226597715,0.006466963724781921,0.016883654047764745,1.4898464997437981,0.02235830738446217,-0.021916008750486732,0.3481745645403862
E1_fixed_1p5,E1_fixed_1p5|QR_hover_Light_1p5_0p15_NoWind_test1,E1_fixed_1p5|QR_hover_Light_1p5_0p15_NoWind_test1,1731933278.25,0.0076958520361318,0.0091502197654488,1.4898176761289368,-0.003469968,0.0099290069192647,1.5039079189300537,0.25,0.0,1.5,0.0,0.0,1.5,0.0,-0.2584113478660583,0.4268085360527038,-1.3273780345916748,0.007902357749703964,0.01471635506871106,1.4915817536263976,0.007993173866314457,0.016183345222174073,1.4916632258164562,0.02235830738446217,-0.021916008750486732,0.3481745645403862
E1_fixed_1p5,E1_fixed_1p5|QR_hover_Light_1p5_0p15_NoWind_test1,E1_fixed_1p5|QR_hover_Light_1p5_0p15_NoWind_test1,1731933278.375,0.0106235676375996,0.0073421235229077,1.489232363486209,-0.00264033,0.0083450749516486,1.502689003944397,0.25,0.0,1.5,0.0,0.0,1.5,0.0,-0.24179132047671192,0.3617438296732318,-1.4799486992704112,0.01082848302323236,0.013478222250239735,1.4907130125188786,0.010911386581298227,0.014927253019697176,1.4907947191635391,0.02235830738446217,-0.021916008750486732,0.3481745645403862
E1_fixed_1p5,E1_fixed_1p5|QR_hover_Light_1p5_0p15_NoWind_test1,E1_fixed_1p5|QR_hover_Light_1p5_0p15_NoWind_test1,1731933278.5,0.0093182396413831,0.0047322746563084,1.4885202761272818,-0.001233699,0.0034595930483192,1.503002405166626,0.25,0.0,1.5,0.0,0.0,1.5,0.0,-0.2227880805730819,0.0987785905599594,-1.0551456212997437,0.009425910068613708,0.00911925324549048,1.4889169170864258,0.009481732622631578,0.010576842460060116,1.4890008311994465,0.02235830738446217,-0.021916008750486732,0.3481745645403862
E1_fixed_1p5,E1_fixed_1p5|QR_hover_Light_1p5_0p15_NoWind_test1,E1_fixed_1p5|QR_hover_Light_1p5_0p15_NoWind_test1,1731933278.625,0.010747523759263,0.0019071076011842,1.4898745650533758,0.0019393971888348,0.0012165059451944,1.5019219517707825,0.25,0.0,1.5,0.0,0.0,1.5,0.0,-0.26517097008622365,0.5660950362164363,-0.9605505907582591,0.010723893673767443,0.005872272047445105,1.4922301710479906,0.010761180385960023,0.007322180389301788,1.4923135350379653,0.02235830738446217,-0.021916008750486732,0.3481745645403862
E1_fixed_1p5,E1_fixed_1p5|QR_hover_Light_1p5_0p15_NoWind_test1,E1_fixed_1p5|QR_hover_Light_1p5_0p15_NoWind_test1,1731933278.75,0.0147822073029646,-0.0009059733091681,1.491059378702738,0.004415052011609,-0.001953429,1.5009244680404663,0.25,0.0,1.5,0.0,0.0,1.5,0.0,-0.2270440608263015,0.1295222640037536,-0.9071798920631409,0.014777186311881518,0.0027831461740311482,1.4915947923224842,0.014795393549392521,0.004209305058517937,1.491678921138297,0.02235830738446217,-0.021916008750486732,0.3481745645403862
E1_fixed_1p5,E1_fixed_1p5|QR_hover_Light_1p5_0p15_NoWind_test1,E1_fixed_1p5|QR_hover_Light_1p5_0p15_NoWind_test1,1731933278.875,0.0138325611169829,-0.0037623369080895,1.4898603475391057,0.0025434077251702,-0.004581585,1.5005393028259275,0.25,0.0,1.5,0.0,0.0,1.5,0.0,-0.383991622263794,-0.08162743913158463,-0.46936737293274067,0.013823757382974838,-0.00189553505878673,1.4895493402243547,0.013813008000454013,-0.0004635396984516141,1.4896309662573761,0.02235830738446217,-0.021916008750486732,0.3481745645403862
E2_horizontal,E2_horizontal|QR_dynamic_hor_Light_0p3_0p05_NoWind_test1,E2_horizontal|QR_dynamic_hor_Light_0p3_0p05_NoWind_test1|segment1,1752508738.84,0.9909164670026304,-0.4835367256356668,0.3229448645955055,0.9945611357688904,-0.4916746914386749,0.3269327282905578,1.0,-0.25,0.3,1.0,-0.5,0.3,90.0,-0.5168546736240387,0.09136917907744646,1.7183376550674438,0.9977158017619262,-0.48367354484844605,0.32323438142106564,0.9961699436420591,-0.48364260464446707,0.323341884390369,0.14009553287178272,-0.0361901801079511,0.3648108839988708
E2_horizontal,E2_horizontal|QR_dynamic_hor_Light_0p3_0p05_NoWind_test1,E2_horizontal|QR_dynamic_hor_Light_0p3_0p05_NoWind_test1|segment1,1752508738.98,0.99046574159896,-0.4805095825093887,0.3206870801587041,0.9952183961868286,-0.4897160530090332,0.3256618678569793,1.0,-0.25,0.3,1.0,-0.5,0.3,90.0,0.7588250041007996,-0.481949120759964,2.5659635066986084,1.0010771141214598,-0.48085973552045147,0.31887186630939524,0.9995584852396268,-0.48085039298318516,0.319011210419867,0.14009553287178272,-0.0361901801079511,0.3648108839988708
E2_horizontal,E2_horizontal|QR_dynamic_hor_Light_0p3_0p05_NoWind_test1,E2_horizontal|QR_dynamic_hor_Light_0p3_0p05_NoWind_test1|segment1,1752508739.08,0.9969168920865574,-0.477208521364025,0.3186122732834045,0.9957253336906432,-0.4885335564613342,0.3242502808570862,1.0,-0.25,0.3,1.0,-0.5,0.3,90.0,0.4181060791015625,0.4045388102531433,3.198432445526123,1.0097266421775355,-0.4768820172811395,0.3202380117106294,1.0082354585774265,-0.4769282405622586,0.32038100362950345,0.14009553287178272,-0.0361901801079511,0.3648108839988708
E2_horizontal,E2_horizontal|QR_dynamic_hor_Light_0p3_0p05_NoWind_test1,E2_horizontal|QR_dynamic_hor_Light_0p3_0p05_NoWind_test1|segment1,1752508739.21,0.9907837068078827,-0.4745949711986572,0.3164908993301155,0.9970144629478456,-0.4880175590515136,0.3231731057167053,1.0,-0.25,0.3,1.0,-0.5,0.3,90.0,0.5108293890953064,-0.5120410919189453,3.018604516983032,1.0027782286064695,-0.4748998539662328,0.31456461604101094,1.0013070668105353,-0.4749047921078299,0.3146941135129451,0.14009553287178272,-0.0361901801079511,0.3648108839988708
E2_horizontal,E2_horizontal|QR_dynamic_hor_Light_0p3_0p05_NoWind_test1,E2_horizontal|QR_dynamic_hor_Light_0p3_0p05_NoWind_test1|segment1,1752508739.33,0.992826152658162,-0.4769504258587702,0.3194063657514057,0.997294783592224,-0.4876492321491241,0.3241556286811828,1.0,-0.25,0.3,1.0,-0.5,0.3,90.0,0.3073426876217127,-0.28177888691425323,2.210664749145508,1.0016935400161682,-0.4771470357451289,0.31832820201910766,1.0002002899274591,-0.47714269380922036,0.3184586957251638,0.14009553287178272,-0.0361901801079511,0.3648108839988708
E2_horizontal,E2_horizontal|QR_dynamic_hor_Light_0p3_0p05_NoWind_test1,E2_horizontal|QR_dynamic_hor_Light_0p3_0p05_NoWind_test1|segment1,1752508739.46,0.9967666370942848,-0.4790100722567827,0.316369448634508,1.000381588935852,-0.4883492290973663,0.3250278830528259,1.0,-0.25,0.3,1.0,-0.5,0.3,90.0,0.28264376521110535,0.11558219045400621,1.5809218883514404,1.0031658139428559,-0.47897636991528997,0.3168471458066405,1.0016676372369933,-0.47898180700860504,0.31698757559083773,0.14009553287178272,-0.0361901801079511,0.3648108839988708
E2_horizontal,E2_horizontal|QR_dynamic_hor_Light_0p3_0p05_NoWind_test1,E2_horizontal|QR_dynamic_hor_Light_0p3_0p05_NoWind_test1|segment1,1752508739.58,0.9957530186706997,-0.4785014431733698,0.3205349671967318,1.0029606819152832,-0.4848202168941498,0.325210303068161,1.0,-0.25,0.3,1.0,-0.5,0.3,90.0,0.3341138958930969,0.6113434135913849,1.7098636627197266,1.0026858411425692,-0.47829058063354457,0.3229962673460495,1.0011805651849197,-0.47828932458660844,0.3231348612731801,0.14009553287178272,-0.0361901801079511,0.3648108839988708
E2_horizontal,E2_horizontal|QR_dynamic_hor_Light_0p3_0p05_NoWind_test1,E2_horizontal|QR_dynamic_hor_Light_0p3_0p05_NoWind_test1|segment1,1752508739.7,1.004529530619822,-0.4764949989524433,0.3232788192247894,1.0047913789749146,-0.4844122231006622,0.3258609473705292,1.0,-0.25,0.3,1.0,-0.5,0.3,90.0,0.986516296863556,0.753570556640625,2.5000011920928955,1.0147903766820665,-0.47574002673893373,0.3261742183858789,1.0132954400518779,-0.47581248376887747,0.32635067495456216,0.14009553287178272,-0.0361901801079511,0.3648108839988708
E2_horizontal,E2_horizontal|QR_dynamic_hor_Light_0p3_0p05_NoWind_test1,E2_horizontal|QR_dynamic_hor_Light_0p3_0p05_NoWind_test1|segment1,1752508739.86,1.0058958058149725,-0.4738026587672507,0.3239571663205903,1.0045528411865234,-0.4869743585586548,0.3262333273887634,1.0,-0.25,0.3,1.0,-0.5,0.3,90.0,0.3231416642665863,0.2038919627666473,2.778062582015991,1.016866664768156,-0.4731608913778126,0.32471980167132275,1.0153860937189703,-0.4732500096164615,0.32488046908584417,0.14009553287178272,-0.0361901801079511,0.3648108839988708
E2_horizontal,E2_horizontal|QR_dynamic_hor_Light_0p3_0p05_NoWind_test1,E2_horizontal|QR_dynamic_hor_Light_0p3_0p05_NoWind_test1|segment1,1752508739.95,1.0057142161904062,-0.4765274100312299,0.3214359114531406,1.003373622894287,-0.4887680858373642,0.3260734230279922,1.0,-0.25,0.3,1.0,-0.5,0.3,90.0,0.015166724100708903,0.3310067653656006,2.1939010620117188,1.0143826081371248,-0.47601488321533403,0.3227427177418925,1.0128891912164728,-0.4760894250865153,0.32289669573953267,0.14009553287178272,-0.0361901801079511,0.3648108839988708
E2_horizontal,E2_horizontal|QR_dynamic_hor_Light_0p3_0p05_NoWind_test1,E2_horizontal|QR_dynamic_hor_Light_0p3_0p05_NoWind_test1|segment1,1752508740.08,0.9949705916684592,-0.4813960506217046,0.3230087472253289,1.0006587505340576,-0.4907340705394745,0.3247987926006317,1.0,-0.25,0.3,1.0,-0.5,0.3,90.0,0.3489180207252502,-0.3481184840202331,0.726231575012207,0.9980458117963131,-0.4815751300731297,0.32163261242764196,0.9965162974024948,-0.48154406963966334,0.32177239700358634,0.14009553287178272,-0.0361901801079511,0.3648108839988708
E2_horizontal,E2_horizontal|QR_dynamic_hor_Light_0p3_0p05_NoWind_test1,E2_horizontal|QR_dynamic_hor_Light_0p3_0p05_NoWind_test1|segment1,1752508740.2,0.9921354695091182,-0.4901663388558003,0.3171979178389102,0.997652530670166,-0.4925336241722107,0.3234724104404449,1.0,-0.25,0.3,1.0,-0.5,0.3,90.0,0.073878081748262,-0.35693082213401794,-0.7936105132102966,0.9888305178014404,-0.49013720786882087,0.3157115754021608,0.9872603370836419,-0.4900504134566254,0.31584264893620295,0.14009553287178272,-0.0361901801079511,0.3648108839988708
E2_horizontal,E2_horizontal|QR_dynamic_hor_Light_0p3_0p05_NoWind_test1,E2_horizontal|QR_dynamic_hor_Light_0p3_0p05_NoWind_test1|segment1,1752508740.32,0.9900206756353362,-0.4958178900071761,0.3144662834325487,0.9966026544570924,-0.4937421679496765,0.3210645318031311,1.0,-0.25,0.3,1.0,-0.5,0.3,90.0,-0.1262883991003036,-0.543666422367096,-1.242237567901611,0.9846592420937565,-0.49566903965575504,0.3121111279485948,0.9830603379488229,-0.49555781608335675,0.312235282124674,0.14009553287178272,-0.0361901801079511,0.3648108839988708
E2_horizontal,E2_horizontal|QR_dynamic_hor_Light_0p3_0p05_NoWind_test1,E2_horizontal|QR_dynamic_hor_Light_0p3_0p05_NoWind_test1|segment1,1752508740.45,0.9912528005315115,-0.4961948027287336,0.3179012636448366,0.9962401986122132,-0.4931838810443878,0.3217480480670929,1.0,-0.25,0.3,1.0,-0.5,0.3,90.0,0.2944688498973846,-0.6568808555603027,-1.219872236251831,0.9861015591936573,-0.4961442641849303,0.31512230740579517,0.9844926227045043,-0.4960395387308172,0.31526159427469375,0.14009553287178272,-0.0361901801079511,0.3648108839988708
E2_horizontal,E2_horizontal|QR_dynamic_hor_Light_0p3_0p05_NoWind_test1,E2_horizontal|QR_dynamic_hor_Light_0p3_0p05_NoWind_test1|segment1,1752508740.57,0.9913346333589116,-0.4952884556377426,0.3161642933732468,0.9985107779502868,-0.4928835332393646,0.3217350244522095,1.0,-0.25,0.3,1.0,-0.5,0.3,90.0,0.5279727578163147,0.008389008231461,-0.951869547367096,0.9874103127806219,-0.4951107531595894,0.3162793700641875,0.9858114936122975,-0.49501375395368435,0.31642394862507883,0.14009553287178272,-0.0361901801079511,0.3648108839988708
E2_horizontal,E2_horizontal|QR_dynamic_hor_Light_0p3_0p05_NoWind_test1,E2_horizontal|QR_dynamic_hor_Light_0p3_0p05_NoWind_test1|segment1,1752508740.74,0.9979846627021928,-0.4931733577342903,0.3189573490866754,1.0006966590881348,-0.4958104193210602,0.3219120502471924,1.0,-0.25,0.3,1.0,-0.5,0.3,90.0,0.3509697020053863,-0.201248288154602,-0.11825768649578089,0.9975987880579694,-0.49323404834221835,0.3181150900867743,0.9960047806071226,-0.4932015176651534,0.3182697730679928,0.14009553287178272,-0.0361901801079511,0.3648108839988708
E2_horizontal,E2_horizontal|QR_dynamic_hor_Light_0p3_0p05_NoWind_test1,E2_horizontal|QR_dynamic_hor_Light_0p3_0p05_NoWind_test1|segment1,1752508740.81,0.9940177755420404,-0.4908085456912621,0.3173459760753598,1.0010029077529907,-0.4928460717201233,0.3238601386547088,1.0,-0.25,0.3,1.0,-0.5,0.3,90.0,0.1699644923210144,-0.3858406543731689,0.3650097846984863,0.9956041780289372,-0.4909529080958033,0.3157416137288122,0.99402838023471,-0.4909099035337471,0.3158802931381159,0.14009553287178272,-0.0361901801079511,0.3648108839988708
E2_horizontal,E2_horizontal|QR_dynamic_hor_Light_0p3_0p05_NoWind_test1,E2_horizontal|QR_dynamic_hor_Light_0p3_0p05_NoWind_test1|segment1,1752508740.94,0.9958868300495154,-0.4893249110335965,0.3193359839946316,1.003502607345581,-0.4926778376102447,0.3247222006320953,1.0,-0.25,0.3,1.0,-0.5,0.3,90.0,-0.9813328981399537,0.3452047705650329,0.0733978748321533,0.9958627054649992,-0.4892100072658148,0.3207042677518568,0.9942891735630407,-0.4891680575528029,0.32081437467586216,0.14009553287178272,-0.0361901801079511,0.3648108839988708
E2_horizontal,E2_horizontal|QR_dynamic_hor_Light_0p3_0p05_NoWind_test1,E2_horizontal|QR_dynamic_hor_Light_0p3_0p05_NoWind_test1|segment1,1752508741.07,0.9978962945841924,-0.491436590715711,0.3181577624603541,1.0068894624710083,-0.4898642301559448,0.3233009278774261,1.0,-0.25,0.3,1.0,-0.5,0.3,90.0,-0.5416100025177002,0.9007109999656676,-0.8322269320487976,0.9942227951034887,-0.4910631661226574,0.32193014119819324,0.9926401680868622,-0.49100835018266964,0.32205822447312815,0.14009553287178272,-0.0361901801079511,0.3648108839988708
E2_horizontal,E2_horizontal|QR_dynamic_hor_Light_0p3_0p05_NoWind_test1,E2_horizontal|QR_dynamic_hor_Light_0p3_0p05_NoWind_test1|segment1,1752508741.18,1.0004493048062346,-0.4917664441886943,0.3234459620791146,1.0080928802490234,-0.4863370358943939,0.3259146511554718,1.0,-0.25,0.3,1.0,-0.5,0.3,90.0,0.48249292373657227,0.6517720222473145,-1.9901883602142332,0.9922599897217477,-0.4913609425701876,0.32619000173334056,0.9906658624980046,-0.4912867811912317,0.32635320943903656,0.14009553287178272,-0.0361901801079511,0.3648108839988708
E2_horizontal,E2_horizontal|QR_dynamic_hor_Light_0p3_0p05_NoWind_test1,E2_horizontal|QR_dynamic_hor_Light_0p3_0p05_NoWind_test1|segment1,1752508741.31,1.0065847876717915,-0.4903641465440891,0.3255375361805927,1.0071464776992798,-0.4844451397657394,0.3280828148126602,1.0,-0.25,0.3,1.0,-0.5,0.3,90.0,1.9039454460144045,0.5239568948745728,-2.119774341583252,0.9985427245933612,-0.4902331859633644,0.32750165153234995,0.9969560575435624,-0.4901933605074542,0.3277188042524206,0.14009553287178272,-0.0361901801079511,0.3648108839988708
E2_horizontal,E2_horizontal|QR_dynamic_hor_Light_0p3_0p05_NoWind_test1,E2_horizontal|QR_dynamic_hor_Light_0p3_0p05_NoWind_test1|segment1,1752508741.43,1.001822993742561,-0.4875520898032612,0.3207359029121037,1.0054928064346311,-0.4850255250930786,0.3277509808540344,1.0,-0.25,0.3,1.0,-0.5,0.3,90.0,0.9222868084907532,-0.4870469570159912,-1.9355783462524414,0.9941261334626792,-0.48765670385340804,0.3186838205701488,0.9925661906807992,-0.4875991250936629,0.3188597608519828,0.14009553287178272,-0.0361901801079511,0.3648108839988708
E2_horizontal,E2_horizontal|QR_dynamic_hor_Light_0p3_0p05_NoWind_test1,E2_horizontal|QR_dynamic_hor_Light_0p3_0p05_NoWind_test1|segment1,1752508741.56,0.9996256391574728,-0.4893952024993719,0.3206325128579538,1.0036710500717163,-0.4838759899139404,0.3238909840583801,1.0,-0.25,0.3,1.0,-0.5,0.3,90.0,0.5372417867183685,-0.37841250002384186,-2.2262027263641357,0.9905149049733877,-0.4893384585136781,0.31905358132272965,0.9889432226629238,-0.48925809545055277,0.3192149719979453,0.14009553287178272,-0.0361901801079511,0.3648108839988708
E2_horizontal,E2_horizontal|QR_dynamic_hor_Light_0p3_0p05_NoWind_test1,E2_horizontal|QR_dynamic_hor_Light_0p3_0p05_NoWind_test1|segment1,1752508741.68,1.000167498794262,-0.4914420699983894,0.3192480601830791,1.003508985042572,-0.4856383800506592,0.3205844014883041,1.0,-0.25,0.3,1.0,-0.5,0.3,90.0,0.3391937911510467,0.7301923036575317,-2.245572805404663,0.990831277892922,-0.4910030042857737,0.32232208551903674,0.9892493880042534,-0.4909229084217094,0.32248033765552103,0.14009553287178272,-0.0361901801079511,0.3648108839988708
E2_horizontal,E2_horizontal|QR_dynamic_hor_Light_0p3_0p05_NoWind_test1,E2_horizontal|QR_dynamic_hor_Light_0p3_0p05_NoWind_test1|segment1,1752508741.81,1.0005963218150338,-0.4913091368338962,0.3209309800555593,1.0012824535369873,-0.4883841574192047,0.3210815191268921,1.0,-0.25,0.3,1.0,-0.5,0.3,90.0,0.7616215944290161,0.1237479969859123,-1.5416736602783203,0.9943832172559471,-0.491199583295879,0.3214423369718368,0.992798320373736,-0.4911421893030685,0.321613454004325,0.14009553287178272,-0.0361901801079511,0.3648108839988708
E2_horizontal,E2_horizontal|QR_dynamic_hor_Light_0p3_0p05_NoWind_test1,E2_horizontal|QR_dynamic_hor_Light_0p3_0p05_NoWind_test1|segment1,1752508741.98,0.9937524568387208,-0.4907386283089321,0.3172135329997482,0.9987115859985352,-0.4951663017272949,0.3244061022996902,1.0,-0.25,0.3,1.0,-0.5,0.3,90.0,-0.6191936731338501,-0.3614034950733185,-0.5340521931648254,0.9913222304410955,-0.4907715588048368,0.31562617867948534,0.9897463453924062,-0.49070202018178505,0.3157424496679303,0.14009553287178272,-0.0361901801079511,0.3648108839988708
E2_horizontal,E2_horizontal|QR_dynamic_hor_Light_0p3_0p05_NoWind_test1,E2_horizontal|QR_dynamic_hor_Light_0p3_0p05_NoWind_test1|segment1,1752508742.07,0.994877180628338,-0.4921111801038749,0.3190516202153532,0.9984896779060364,-0.4971554279327392,0.3249355554580688,1.0,-0.25,0.3,1.0,-0.5,0.3,90.0,-0.0943291261792182,-0.3444123566150665,-0.0977963358163833,0.9944323898272066,-0.49221212580808316,0.3175874634592026,0.9928438710382411,-0.49216061310519865,0.3177216906990453,0.14009553287178272,-0.0361901801079511,0.3648108839988708
E2_horizontal,E2_horizontal|QR_dynamic_hor_Light_0p3_0p05_NoWind_test1,E2_horizontal|QR_dynamic_hor_Light_0p3_0p05_NoWind_test1|segment1,1752508742.21,1.000033284882748,-0.4931793232028976,0.3207164920651703,0.9989534020423888,-0.5015180706977844,0.3255383670330047,1.0,-0.25,0.3,1.0,-0.5,0.3,90.0,-0.3581253290176391,-1.0052213668823244,-0.0736781954765319,0.9995906674010603,-0.4935050097975592,0.3164468852705629,0.9979904081197309,-0.49348755657927534,0.31658700444076415,0.14009553287178272,-0.0361901801079511,0.3648108839988708
E2_horizontal,E2_horizontal|QR_dynamic_hor_Light_0p3_0p05_NoWind_test1,E2_horizontal|QR_dynamic_hor_Light_0p3_0p05_NoWind_test1|segment1,1752508742.31,0.995399814638491,-0.4963331152984837,0.3189133049897085,1.000709891319275,-0.5025386214256287,0.3246215879917145,1.0,-0.25,0.3,1.0,-0.5,0.3,90.0,-0.3272022902965545,0.2416207790374755,-0.3699322044849396,0.9937020601308574,-0.4962157477490974,0.319925361161282,0.9920866768927232,-0.49615848537024415,0.3200563680978676,0.14009553287178272,-0.0361901801079511,0.3648108839988708
E2_horizontal,E2_horizontal|QR_dynamic_hor_Light_0p3_0p05_NoWind_test1,E2_horizontal|QR_dynamic_hor_Light_0p3_0p05_NoWind_test1|segment1,1752508742.42,0.994991193862647,-0.5001408615627018,0.3216384174017503,1.0020323991775513,-0.5047418475151062,0.3244389295578003,1.0,-0.25,0.3,1.0,-0.5,0.3,90.0,-0.4694095253944397,-0.1446207463741302,-0.8436068892478944,0.9911309868387163,-0.5000911047019327,0.3209652050888261,0.9894849530163801,-0.500016506139626,0.321093608381955,0.14009553287178272,-0.0361901801079511,0.3648108839988708
E2_horizontal,E2_horizontal|QR_dynamic_hor_Light_0p3_0p05_NoWind_test1,E2_horizontal|QR_dynamic_hor_Light_0p3_0p05_NoWind_test1|segment1,1752508742.55,0.9937406615675296,-0.5041800935031211,0.3235961383215318,1.0024741888046265,-0.5059998631477356,0.3226369023323059,1.0,-0.25,0.3,1.0,-0.5,0.3,90.0,-0.37108007073402405,0.8054801225662231,-1.4006993174552917,0.9873853214143016,-0.5035912603181907,0.32712599434062545,0.9857101240012833,-0.5034884932184693,0.32725546265114197,0.14009553287178272,-0.0361901801079511,0.3648108839988708
E2_horizontal,E2_horizontal|QR_dynamic_hor_Light_0p3_0p05_NoWind_test1,E2_horizontal|QR_dynamic_hor_Light_0p3_0p05_NoWind_test1|segment1,1752508742.67,0.9917719879674892,-0.5030251257006559,0.3200554447879565,1.000329852104187,-0.501154899597168,0.3194131851196289,1.0,-0.25,0.3,1.0,-0.5,0.3,90.0,-0.6114722937345505,0.8345650136470795,-0.7732757329940797,0.9881487047148019,-0.5025705242724405,0.3236497854597073,0.986488202885496,-0.5024761597876901,0.3237666859507137,0.14009553287178272,-0.0361901801079511,0.3648108839988708
E2_horizontal,E2_horizontal|QR_dynamic_hor_Light_0p3_0p05_NoWind_test1,E2_horizontal|QR_dynamic_hor_Light_0p3_0p05_NoWind_test1|segment1,1752508742.86,0.9967308121657203,-0.4974027206434173,0.3168385155940773,0.9957177639007568,-0.4946542978286743,0.313554584980011,1.0,-0.25,0.3,1.0,-0.5,0.3,90.0,0.8044477105140686,-0.3343241512775421,1.3491908311843872,1.002795861731107,-0.4974998059363992,0.3154388664382403,1.0011809451185645,-0.49750229079558195,0.3156061141171873,0.14009553287178272,-0.0361901801079511,0.3648108839988708
E2_horizontal,E2_horizontal|QR_dynamic_hor_Light_0p3_0p05_NoWind_test1,E2_horizontal|QR_dynamic_hor_Light_0p3_0p05_NoWind_test1|segment1,1752508742.97,0.9900219826509922,-0.487558274608195,0.3113723944974042,0.9930674433708192,-0.4932737946510315,0.3114672303199768,1.0,-0.25,0.3,1.0,-0.5,0.3,90.0,1.75287127494812,-1.1374342441558838,2.258474826812744,0.9997508855429019,-0.48793781063855035,0.30695429595033935,0.9982131856930391,-0.48792619007469545,0.3071247029984834,0.14009553287178272,-0.0361901801079511,0.3648108839988708
E2_horizontal,E2_horizontal|QR_dynamic_hor_Light_0p3_0p05_NoWind_test1,E2_horizontal|QR_dynamic_hor_Light_0p3_0p05_NoWind_test1|segment1,1752508743.05,0.9904662010981288,-0.4816446488652036,0.3044401281740311,0.9926912784576416,-0.4938208758831024,0.310778796672821,1.0,-0.25,0.3,1.0,-0.5,0.3,90.0,0.6243690848350525,-0.5406334400177002,2.188690185546875,0.999369953515017,-0.48187042741724107,0.3023578249212625,0.9978839730188066,-0.48186020324927886,0.3024939900971245,0.14009553287178272,-0.0361901801079511,0.3648108839988708
E2_horizontal,E2_horizontal|QR_dynamic_hor_Light_0p3_0p05_NoWind_test1,E2_horizontal|QR_dynamic_hor_Light_0p3_0p05_NoWind_test1|segment1,1752508743.17,0.990212264911811,-0.4836675857020746,0.3066283554812527,0.9939762353897096,-0.495179533958435,0.3096290528774261,1.0,-0.25,0.3,1.0,-0.5,0.3,90.0,-0.4295922517776489,0.0525463260710239,1.7345018386840823,0.9972398489327159,-0.4838521682663844,0.30676907863562036,0.9957333979298313,-0.4838263648965145,0.3068776920864253,0.14009553287178272,-0.0361901801079511,0.3648108839988708
E2_horizontal,E2_horizontal|QR_dynamic_hor_Light_0p3_0p05_NoWind_test1,E2_horizontal|QR_dynamic_hor_Light_0p3_0p05_NoWind_test1|segment1,1752508743.3,0.9877074645448418,-0.4872200632951098,0.3078299970598469,0.9954151511192322,-0.4948053658008575,0.3119907081127167,1.0,-0.25,0.3,1.0,-0.5,0.3,90.0,0.3427927792072296,-0.2208028435707092,0.7077057361602783,0.9906858377595137,-0.4873819111102189,0.3069891609673448,0.9891559671006305,-0.48731321558732765,0.30711465878938493,0.14009553287178272,-0.0361901801079511,0.3648108839988708
E2_horizontal,E2_horizontal|QR_dynamic_hor_Light_0p3_0p05_NoWind_test1,E2_horizontal|QR_dynamic_hor_Light_0p3_0p05_NoWind_test1|segment1,1752508743.42,0.9870998117614816,-0.4897292528526843,0.3124198363903224,0.9961844086647034,-0.4949890971183777,0.3137193024158478,1.0,-0.25,0.3,1.0,-0.5,0.3,90.0,-0.0270742755383253,-0.0346724279224872,-0.0105716902762651,0.9870497105964979,-0.4897343357196001,0.3122686652617727,0.9854928578427086,-0.4896392293596078,0.31238403989896946,0.14009553287178272,-0.0361901801079511,0.3648108839988708
E2_horizontal,E2_horizontal|QR_dynamic_hor_Light_0p3_0p05_NoWind_test1,E2_horizontal|QR_dynamic_hor_Light_0p3_0p05_NoWind_test1|segment1,1752508743.54,0.9949502304695224,-0.4921805079505275,0.3151870066101376,0.9954189658164978,-0.4937644898891449,0.3158496022224426,1.0,-0.25,0.3,1.0,-0.5,0.3,90.0,-0.3444740772247314,0.11332334578037259,-0.752604603767395,0.9916788051200873,-0.49206163998402674,0.3156353425698563,0.9900993888723085,-0.49199393429926613,0.31576253263037,0.14009553287178272,-0.0361901801079511,0.3648108839988708
E2_horizontal,E2_horizontal|QR_dynamic_hor_Light_0p3_0p05_NoWind_test1,E2_horizontal|QR_dynamic_hor_Light_0p3_0p05_NoWind_test1|segment1,1752508743.71,0.9951122884803116,-0.4930631189068891,0.3140737744898793,0.9926698803901672,-0.4933823049068451,0.3197764158248901,1.0,-0.25,0.3,1.0,-0.5,0.3,90.0,1.3992105722427368,-0.0379989333450794,-0.1948966979980468,0.9946306001767992,-0.49305561735782366,0.31402772402715434,0.9930523184347902,-0.49300537981656234,0.31420407427863245,0.14009553287178272,-0.0361901801079511,0.3648108839988708
E2_horizontal,E2_horizontal|QR_dynamic_hor_Light_0p3_0p05_NoWind_test1,E2_horizontal|QR_dynamic_hor_Light_0p3_0p05_NoWind_test1|segment1,1752508743.79,0.9896315102332632,-0.4898716147162288,0.3154058293718455,0.9922633171081544,-0.4954278171062469,0.3208756744861603,1.0,-0.25,0.3,1.0,-0.5,0.3,90.0,1.6392120122909546,-0.7284903526306152,-0.1504524499177932,0.9894461337152882,-0.49002490426869816,0.31264507582005674,0.9878854028611854,-0.48994227784180105,0.3128131395645415,0.14009553287178272,-0.0361901801079511,0.3648108839988708
E2_horizontal,E2_horizontal|QR_dynamic_hor_Light_0p3_0p05_NoWind_test1,E2_horizontal|QR_dynamic_hor_Light_0p3_0p05_NoWind_test1|segment1,1752508743.91,0.9898849127624074,-0.4942165774213179,0.3151205264990563,0.992060124874115,-0.5003500580787659,0.3222709596157074,1.0,-0.25,0.3,1.0,-0.5,0.3,90.0,0.30886831879615784,-0.1502573937177658,-0.621593177318573,0.9873173219929262,-0.49413231037791694,0.31453432856807084,0.9857269066605326,-0.4940364495571421,0.3146687454433785,0.14009553287178272,-0.0361901801079511,0.3648108839988708
E2_horizontal,E2_horizontal|QR_dynamic_hor_Light_0p3_0p05_NoWind_test1,E2_horizontal|QR_dynamic_hor_Light_0p3_0p05_NoWind_test1|segment1,1752508744.08,0.9874398769629588,-0.5006458752737638,0.3169908817467699,0.9941291213035583,-0.5084125399589539,0.3175269961357116,1.0,-0.25,0.3,1.0,-0.5,0.3,90.0,-0.3790399134159088,-0.8080628514289856,-0.2566917836666107,0.9862040011046557,-0.500800101312429,0.3133709065191727,0.9845661336454503,-0.5006985278862512,0.3134850076012538,0.14009553287178272,-0.0361901801079511,0.3648108839988708
E2_horizontal,E2_horizontal|QR_dynamic_hor_Light_0p3_0p05_NoWind_test1,E2_horizontal|QR_dynamic_hor_Light_0p3_0p05_NoWind_test1|segment1,1752508744.21,0.9880235237908064,-0.5049004271830098,0.311326742694316,0.9978336095809937,-0.5137177109718323,0.3127740919589996,1.0,-0.25,0.3,1.0,-0.5,0.3,90.0,-0.734369158744812,-0.2674636244773865,-0.4485036134719848,0.9858840139740337,-0.5048471143865133,0.30998228871129396,0.984232469790369,-0.5047460538200006,0.3100891979244734,0.14009553287178272,-0.0361901801079511,0.3648108839988708
E2_horizontal,E2_horizontal|QR_dynamic_hor_Light_0p3_0p05_NoWind_test1,E2_horizontal|QR_dynamic_hor_Light_0p3_0p05_NoWind_test1|segment1,1752508744.32,0.9934531122072412,-0.5094979191008631,0.3115548739089436,1.001699447631836,-0.5156455039978027,0.3119543492794037,1.0,-0.25,0.3,1.0,-0.5,0.3,90.0,-1.9230926036834721,-0.333067238330841,-0.0011009492445737,0.9930640537041542,-0.5095592558816913,0.3098199900012446,0.9913794280468609,-0.5095054368953496,0.30990761472076533,0.14009553287178272,-0.0361901801079511,0.3648108839988708
E2_horizontal,E2_horizontal|QR_dynamic_hor_Light_0p3_0p05_NoWind_test1,E2_horizontal|QR_dynamic_hor_Light_0p3_0p05_NoWind_test1|segment1,1752508744.41,0.9898631611009568,-0.5088464032324266,0.3115015264230366,1.004197120666504,-0.5150091648101807,0.3130635023117065,1.0,-0.25,0.3,1.0,-0.5,0.3,90.0,-1.6781030893325806,1.2262206077575684,0.9366138577461244,0.9937583797473102,-0.5086840418061407,0.31673648023776196,0.9920777067939387,-0.5086325910170741,0.31682026199085306,0.14009553287178272,-0.0361901801079511,0.3648108839988708
E2_horizontal,E2_horizontal|QR_dynamic_hor_Light_0p3_0p05_NoWind_test1,E2_horizontal|QR_dynamic_hor_Light_0p3_0p05_NoWind_test1|segment1,1752508744.53,0.998748570245256,-0.5015039799738997,0.3133162347270482,1.007176637649536,-0.5107681751251221,0.31248340010643,1.0,-0.25,0.3,1.0,-0.5,0.3,90.0,-0.712597131729126,0.1599688380956649,1.9097254276275637,1.0069638981907536,-0.5013734160949161,0.3140017830725095,1.0053280479381912,-0.5014060543579735,0.3141332184506108,0.14009553287178272,-0.0361901801079511,0.3648108839988708
E2_horizontal,E2_horizontal|QR_dynamic_hor_Light_0p3_0p05_NoWind_test1,E2_horizontal|QR_dynamic_hor_Light_0p3_0p05_NoWind_test1|segment1,1752508744.66,1.0029257091629689,-0.4926255332663884,0.3142008725247248,1.007193088531494,-0.4987344443798065,0.3098248541355133,1.0,-0.25,0.3,1.0,-0.5,0.3,90.0,-0.4341730773448944,1.190709352493286,1.5899689197540283,1.0095393175409508,-0.49210612136179144,0.31926139577942186,1.0079588477670858,-0.4921516775060699,0.31940607561012185,0.14009553287178272,-0.0361901801079511,0.3648108839988708
E2_horizontal,E2_horizontal|QR_dynamic_hor_Light_0p3_0p05_NoWind_test1,E2_horizontal|QR_dynamic_hor_Light_0p3_0p05_NoWind_test1|segment1,1752508744.78,1.0031370882217645,-0.4870185743059584,0.3084156654015355,1.005568027496338,-0.488423079252243,0.3062199354171753,1.0,-0.25,0.3,1.0,-0.5,0.3,90.0,1.9793784618377688,0.028034342452883703,-0.0037000773008912,1.0034105857387674,-0.48701470443872086,0.3084182597628701,1.0018866711634373,-0.48702431184075357,0.30862469599633174,0.14009553287178272,-0.0361901801079511,0.3648108839988708
E2_horizontal,E2_horizontal|QR_dynamic_hor_Light_0p3_0p05_NoWind_test1,E2_horizontal|QR_dynamic_hor_Light_0p3_0p05_NoWind_test1|segment1,1752508744.9,1.00371638764086,-0.4875734451091781,0.3044564332729481,1.0029200315475464,-0.4845421910285949,0.3052671551704407,1.0,-0.25,0.3,1.0,-0.5,0.3,90.0,2.2553999423980717,0.1003623455762863,-1.4081754684448242,0.9980495813425934,-0.48758935910718193,0.30472286584145725,0.996532952653965,-0.48756768924672367,0.3049381944402315,0.14009553287178272,-0.0361901801079511,0.3648108839988708
E2_horizontal,E2_horizontal|QR_dynamic_hor_Light_0p3_0p05_NoWind_test1,E2_horizontal|QR_dynamic_hor_Light_0p3_0p05_NoWind_test1|segment1,1752508745.03,1.0024131477691314,-0.4883343298973858,0.3044186162568749,1.001528024673462,-0.4831637144088745,0.3045093417167663,1.0,-0.25,0.3,1.0,-0.5,0.3,90.0,1.5640300512313845,0.0182745046913623,-1.4856358766555786,0.996352900719681,-0.48831848337252365,0.3044271220083447,0.994829228859417,-0.48828660260013,0.30462151560816597,0.14009553287178272,-0.0361901801079511,0.3648108839988708
E2_horizontal,E2_horizontal|QR_dynamic_hor_Light_0p3_0p05_NoWind_test1,E2_horizontal|QR_dynamic_hor_Light_0p3_0p05_NoWind_test1|segment1,1752508745.16,1.000353812757374,-0.4880509736746389,0.3056672978427924,1.0000052452087402,-0.4876653552055359,0.3061724603176117,1.0,-0.25,0.3,1.0,-0.5,0.3,90.0,1.672484278678894,-0.278002917766571,-1.250325322151184,0.9953240019292843,-0.48803024903139275,0.30449945594996136,0.9937995118408641,-0.4879917069793025,0.3046915745135345,0.14009553287178272,-0.0361901801079511,0.3648108839988708
E2_horizontal,E2_horizontal|QR_dynamic_hor_Light_0p3_0p05_NoWind_test1,E2_horizontal|QR_dynamic_hor_Light_0p3_0p05_NoWind_test1|segment1,1752508745.28,0.9982835143522566,-0.4906828728428196,0.3032986401646466,1.0003318786621094,-0.4944284856319427,0.3063169121742248,1.0,-0.25,0.3,1.0,-0.5,0.3,90.0,1.3621305227279663,-0.9399298429489136,-0.2115069925785064,0.9974738640895585,-0.4906975675114248,0.29938986785637806,0.9959369431122603,-0.49067692031586774,0.2995707846880236,0.14009553287178272,-0.0361901801079511,0.3648108839988708
E2_horizontal,E2_horizontal|QR_dynamic_hor_Light_0p3_0p05_NoWind_test1,E2_horizontal|QR_dynamic_hor_Light_0p3_0p05_NoWind_test1|segment1,1752508745.4,0.9948450007735744,-0.4944586567903505,0.3046647920457456,1.002953052520752,-0.5052390694618225,0.3058935701847076,1.0,-0.25,0.3,1.0,-0.5,0.3,90.0,-0.7328640222549438,-0.3861555159091949,0.6983746886253357,0.9977660722266553,-0.4945294899910788,0.30295080887270015,0.9961959116437381,-0.49450864913871134,0.3030689720978138,0.14009553287178272,-0.0361901801079511,0.3648108839988708
E2_horizontal,E2_horizontal|QR_dynamic_hor_Light_0p3_0p05_NoWind_test1,E2_horizontal|QR_dynamic_hor_Light_0p3_0p05_NoWind_test1|segment1,1752508745.58,1.001108400550791,-0.4975135622078737,0.3047535801873564,1.009231448173523,-0.5143324136734009,0.3055239021778106,1.0,-0.25,0.3,1.0,-0.5,0.3,90.0,-2.3146371841430664,-0.8910180330276489,3.1295595169067383,1.0144293301210867,-0.4971390097315256,0.3009449097243549,1.0128387839955262,-0.49722637647148216,0.30103583565624964,0.14009553287178272,-0.0361901801079511,0.3648108839988708
E2_horizontal,E2_horizontal|QR_dynamic_hor_Light_0p3_0p05_NoWind_test1,E2_horizontal|QR_dynamic_hor_Light_0p3_0p05_NoWind_test1|segment1,1752508745.67,0.998766499416549,-0.497120418577461,0.3032148523195197,1.0136226415634155,-0.5148391723632812,0.3066737353801727,1.0,-0.25,0.3,1.0,-0.5,0.3,90.0,-2.400165319442749,1.019600033760071,3.907476186752319,1.015469765001036,-0.49654397684677887,0.30755724344009916,1.0138858219942222,-0.4966357139748353,0.30763980475491426,0.14009553287178272,-0.0361901801079511,0.3648108839988708
E2_horizontal,E2_horizontal|QR_dynamic_hor_Light_0p3_0p05_NoWind_test1,E2_horizontal|QR_dynamic_hor_Light_0p3_0p05_NoWind_test1|segment1,1752508745.78,1.0016890829313518,-0.4931717681252175,0.312147291070798,1.0188510417938232,-0.5113165974617004,0.3063419461250305,1.0,-0.25,0.3,1.0,-0.5,0.3,90.0,-1.0643196105957031,0.8946353793144227,4.440883159637452,1.0202706484021262,-0.4921093097010325,0.315971896070885,1.018694098342039,-0.492227898333628,0.316096411112542,0.14009553287178272,-0.0361901801079511,0.3648108839988708
E2_horizontal,E2_horizontal|QR_dynamic_hor_Light_0p3_0p05_NoWind_test1,E2_horizontal|QR_dynamic_hor_Light_0p3_0p05_NoWind_test1|segment1,1752508745.9,1.0178825602230177,-0.487661285623515,0.3080191504359895,1.020749807357788,-0.5021958351135254,0.3056382238864898,1.0,-0.25,0.3,1.0,-0.5,0.3,90.0,-0.1374664902687072,1.30613911151886,3.3225040435791016,1.0315929445841325,-0.485981414001941,0.31347729632438615,1.030067245135777,-0.4861698061944366,0.31366611978925296,0.14009553287178272,-0.0361901801079511,0.3648108839988708
E2_horizontal,E2_horizontal|QR_dynamic_hor_Light_0p3_0p05_NoWind_test1,E2_horizontal|QR_dynamic_hor_Light_0p3_0p05_NoWind_test1|segment1,1752508746.02,1.015654549977827,-0.4854442672659809,0.3106097657724632,1.0199768543243408,-0.4922310411930084,0.3042689263820648,1.0,-0.25,0.3,1.0,-0.5,0.3,90.0,0.9914564490318297,1.417946219444275,1.5777286291122437,1.022303264684522,-0.4845912293914573,0.3161602763029061,1.0207837616412443,-0.4847160497781341,0.3163721190368835,0.14009553287178272,-0.0361901801079511,0.3648108839988708
E2_horizontal,E2_horizontal|QR_dynamic_hor_Light_0p3_0p05_NoWind_test1,E2_horizontal|QR_dynamic_hor_Light_0p3_0p05_NoWind_test1|segment1,1752508746.14,1.017963019058555,-0.483835902059357,0.3124260862094344,1.0146228075027466,-0.4857617318630218,0.3043000102043152,1.0,-0.25,0.3,1.0,-0.5,0.3,90.0,1.3651007413864136,0.6048606634140015,0.5421305298805237,1.0204643257307722,-0.48351307270880833,0.3144624690344055,1.0189502276530413,-0.4836267689242578,0.3146876981860617,0.14009553287178272,-0.0361901801079511,0.3648108839988708
E2_horizontal,E2_horizontal|QR_dynamic_hor_Light_0p3_0p05_NoWind_test1,E2_horizontal|QR_dynamic_hor_Light_0p3_0p05_NoWind_test1|segment1,1752508746.31,1.0136191705168869,-0.4820527028041365,0.3066872659867735,1.002794623374939,-0.4826556444168091,0.304507851600647,1.0,-0.25,0.3,1.0,-0.5,0.3,90.0,1.2543359994888306,0.0197749286890029,-0.7668341994285583,1.0106554420373797,-0.4822138876736348,0.3064676222164972,1.009164226555506,-0.4822716039403379,0.30667661330862717,0.14009553287178272,-0.0361901801079511,0.3648108839988708
E2_horizontal,E2_horizontal|QR_dynamic_hor_Light_0p3_0p05_NoWind_test1,E2_horizontal|QR_dynamic_hor_Light_0p3_0p05_NoWind_test1|segment1,1752508746.39,1.0039482378688684,-0.4853798518490126,0.3043845624295724,0.9969389736652374,-0.4848480969667434,0.3056175410747527,1.0,-0.25,0.3,1.0,-0.5,0.3,90.0,2.252824068069458,-0.7538175582885743,-1.12029767036438,0.9995140020860597,-0.4854505829743072,0.3011288974787929,0.9980112771093695,-0.48544156427453977,0.30134254223513546,0.14009553287178272,-0.0361901801079511,0.3648108839988708
E2_horizontal,E2_horizontal|QR_dynamic_hor_Light_0p3_0p05_NoWind_test1,E2_horizontal|QR_dynamic_hor_Light_0p3_0p05_NoWind_test1|segment1,1752508746.52,0.9961890181939828,-0.4885016987921156,0.3021641196012234,0.9908477067947388,-0.4903433322906494,0.3069981038570404,1.0,-0.25,0.3,1.0,-0.5,0.3,90.0,1.0235848426818848,-1.3052414655685425,-0.3239250481128692,0.9948800326745065,-0.4884655187183731,0.2967984941570704,0.99335877658926,-0.48843016550322227,0.29696394130263104,0.14009553287178272,-0.0361901801079511,0.3648108839988708
E2_horizontal,E2_horizontal|QR_dynamic_hor_Light_0p3_0p05_NoWind_test1,E2_horizontal|QR_dynamic_hor_Light_0p3_0p05_NoWind_test1|segment1,1752508746.64,0.9840233166855404,-0.4913203373410261,0.300863633708453,0.988561987876892,-0.4986554682254791,0.3090304732322692,1.0,-0.25,0.3,1.0,-0.5,0.3,90.0,-0.49197098612785345,-1.30426287651062,-0.5329405069351196,0.9817729845036324,-0.49111524339643287,0.29523336646324955,0.9802345231751572,-0.49099593801562025,0.295332101847997,0.14009553287178272,-0.0361901801079511,0.3648108839988708
E2_horizontal,E2_horizontal|QR_dynamic_hor_Light_0p3_0p05_NoWind_test1,E2_horizontal|QR_dynamic_hor_Light_0p3_0p05_NoWind_test1|segment1,1752508746.77,0.9785651533663616,-0.5030379152728502,0.3052487034711982,0.9898247718811036,-0.5047478675842285,0.3107894957065582,1.0,-0.25,0.3,1.0,-0.5,0.3,90.0,-1.563631296157837,0.2940334975719452,-2.197479724884033,0.9687443715461743,-0.5019975161435333,0.30596033987389665,0.9671250809353721,-0.5017899998503114,0.30601861909748795,0.14009553287178272,-0.0361901801079511,0.3648108839988708
E2_horizontal,E2_horizontal|QR_dynamic_hor_Light_0p3_0p05_NoWind_test1,E2_horizontal|QR_dynamic_hor_Light_0p3_0p05_NoWind_test1|segment1,1752508746.89,0.982417144805058,-0.5121387416333855,0.3110219951581734,0.9920254945755004,-0.5082039535045624,0.3137201517820358,1.0,-0.25,0.3,1.0,-0.5,0.3,90.0,-0.9364511370658876,0.0472011007368564,-3.21986722946167,0.9675441628499166,-0.5107184241418156,0.3109491089639094,0.9658561126326541,-0.5104989093143515,0.31103966669275696,0.14009553287178272,-0.0361901801079511,0.3648108839988708
E2_horizontal,E2_horizontal|QR_dynamic_hor_Light_0p3_0p05_NoWind_test1,E2_horizontal|QR_dynamic_hor_Light_0p3_0p05_NoWind_test1|segment1,1752508747.02,0.987862733111554,-0.5174953073508332,0.3123486424046424,0.994294047355652,-0.509041428565979,0.3151963651180267,1.0,-0.25,0.3,1.0,-0.5,0.3,90.0,-0.5116876363754272,-0.0945897698402404,-4.355009078979492,0.9674742469124269,-0.5158127557574828,0.3117981326562659,0.965751488857957,-0.5155909385870188,0.3119178226407151,0.14009553287178272,-0.0361901801079511,0.3648108839988708
E2_horizontal,E2_horizontal|QR_dynamic_hor_Light_0p3_0p05_NoWind_test1,E2_horizontal|QR_dynamic_hor_Light_0p3_0p05_NoWind_test1|segment1,1752508747.14,0.9930925454593392,-0.5200608905314884,0.3129737679747055,0.997738242149353,-0.5066772699356079,0.31531822681427,1.0,-0.25,0.3,1.0,-0.5,0.3,90.0,-0.2571802139282226,0.1655774861574173,-4.821748733520508,0.9703620071602362,-0.5184812550586735,0.3137230186512662,0.9686209590059923,-0.5182760710979327,0.31386440193108417,0.14009553287178272,-0.0361901801079511,0.3648108839988708
E2_horizontal,E2_horizontal|QR_dynamic_hor_Light_0p3_0p05_NoWind_test1,E2_horizontal|QR_dynamic_hor_Light_0p3_0p05_NoWind_test1|segment1,1752508747.26,0.9968949060598976,-0.518987710589878,0.3149994032641858,1.0002666115760803,-0.5044595003128052,0.3139198720455169,1.0,-0.25,0.3,1.0,-0.5,0.3,90.0,-0.6121972799301147,-0.3485825657844543,-4.265321731567383,0.9767314560454651,-0.5180856864811146,0.31332860537445345,0.9749875517714837,-0.5179216266223763,0.31346816901728825,0.14009553287178272,-0.0361901801079511,0.3648108839988708
E2_horizontal,E2_horizontal|QR_dynamic_hor_Light_0p3_0p05_NoWind_test1,E2_horizontal|QR_dynamic_hor_Light_0p3_0p05_NoWind_test1|segment1,1752508747.39,0.998021675893169,-0.5112965488687456,0.3111665582235983,1.0037275552749634,-0.4998543858528137,0.3122378587722778,1.0,-0.25,0.3,1.0,-0.5,0.3,90.0,0.2494284361600875,0.2559981048107147,-2.917982578277588,0.9847738186696842,-0.5108070554853534,0.3123424248308662,0.983086656476522,-0.5106952950937018,0.312505765327,0.14009553287178272,-0.0361901801079511,0.3648108839988708
E2_horizontal,E2_horizontal|QR_dynamic_hor_Light_0p3_0p05_NoWind_test1,E2_horizontal|QR_dynamic_hor_Light_0p3_0p05_NoWind_test1|segment1,1752508747.51,0.9983191166946366,-0.5026529396278713,0.3121665335469246,1.006292700767517,-0.4943908154964447,0.3115750551223755,1.0,-0.25,0.3,1.0,-0.5,0.3,90.0,0.14235423691570756,1.0331791043281557,-1.420538306236267,0.9920929157561706,-0.5022739204742518,0.31672437972396383,0.9904556906723223,-0.5022069520733339,0.31687949333291987,0.14009553287178272,-0.0361901801079511,0.3648108839988708
E2_horizontal,E2_horizontal|QR_dynamic_hor_Light_0p3_0p05_NoWind_test1,E2_horizontal|QR_dynamic_hor_Light_0p3_0p05_NoWind_test1|segment1,1752508747.63,1.0054142783615034,-0.4927975863028029,0.3150505709834624,1.0063059329986572,-0.4897346496582031,0.3131113648414612,1.0,-0.25,0.3,1.0,-0.5,0.3,90.0,0.578102794730014,0.7191350042762423,-0.11934894888544015,1.005060522389034,-0.49260132598309947,0.3180413346502721,1.003478996565486,-0.49261578331714395,0.318220326009078,0.14009553287178272,-0.0361901801079511,0.3648108839988708
E2_horizontal,E2_horizontal|QR_dynamic_hor_Light_0p3_0p05_NoWind_test1,E2_horizontal|QR_dynamic_hor_Light_0p3_0p05_NoWind_test1|segment1,1752508747.76,1.0031673781064272,-0.4830241895554316,0.3146058916694952,1.0049527883529663,-0.4857820868492126,0.3132873773574829,1.0,-0.25,0.3,1.0,-0.5,0.3,90.0,1.0118632316589355,0.4009813070297242,0.9715131521224974,1.0073734934451704,-0.4828251219136254,0.31617811712824745,1.0058568707077775,-0.48285576612258185,0.3163562380293772,0.14009553287178272,-0.0361901801079511,0.3648108839988708
E2_horizontal,E2_horizontal|QR_dynamic_hor_Light_0p3_0p05_NoWind_test1,E2_horizontal|QR_dynamic_hor_Light_0p3_0p05_NoWind_test1|segment1,1752508747.88,1.0062425242156152,-0.4775624420568741,0.3116445676995851,1.0019484758377075,-0.4805652499198913,0.3093475103378296,1.0,-0.25,0.3,1.0,-0.5,0.3,90.0,0.7368444086957177,0.23902061160157828,0.9243329790363066,1.0100611422102392,-0.4773795060269636,0.31251254397555933,1.0085860116402467,-0.47743031497894484,0.3126870931687451,0.14009553287178272,-0.0361901801079511,0.3648108839988708
E2_horizontal,E2_horizontal|QR_dynamic_hor_Light_0p3_0p05_NoWind_test1,E2_horizontal|QR_dynamic_hor_Light_0p3_0p05_NoWind_test1|segment1,1752508748.01,1.0004801977073827,-0.4784904482779981,0.3061512931861059,0.9969987273216248,-0.4798310399055481,0.3074251711368561,1.0,-0.25,0.3,1.0,-0.5,0.3,90.0,1.3293070793151855,-0.6115227937698364,-0.8133656978607178,0.9973784417025668,-0.47852876211141854,0.3036994961678536,0.9959121052012648,-0.4785043179280587,0.30387553303782244,0.14009553287178272,-0.0361901801079511,0.3648108839988708
E2_horizontal,E2_horizontal|QR_dynamic_hor_Light_0p3_0p05_NoWind_test1,E2_horizontal|QR_dynamic_hor_Light_0p3_0p05_NoWind_test1|segment1,1752508748.15,0.9982659372706562,-0.4854480353420495,0.303146344019443,0.995334267616272,-0.481095552444458,0.3068570494651794,1.0,-0.25,0.3,1.0,-0.5,0.3,90.0,0.6850891709327698,-0.448323130607605,-2.6694514751434326,0.9873389790625877,-0.48513108716720776,0.3013244610444656,0.9858360420088589,-0.48504439075310407,0.30148339819208125,0.14009553287178272,-0.0361901801079511,0.3648108839988708
E2_horizontal,E2_horizontal|QR_dynamic_hor_Light_0p3_0p05_NoWind_test1,E2_horizontal|QR_dynamic_hor_Light_0p3_0p05_NoWind_test1|segment1,1752508748.27,0.9953352065810585,-0.4926147814316503,0.3068849266455788,0.9958507418632508,-0.4856395125389099,0.3081165254116058,1.0,-0.25,0.3,1.0,-0.5,0.3,90.0,0.7891961336135864,-0.6775219142436981,-3.776124358177185,0.9794579568283727,-0.4918521849445099,0.304079188839149,0.9779039868868674,-0.4917124126815879,0.3042391557925897,0.14009553287178272,-0.0361901801079511,0.3648108839988708
E2_horizontal,E2_horizontal|QR_dynamic_hor_Light_0p3_0p05_NoWind_test1,E2_horizontal|QR_dynamic_hor_Light_0p3_0p05_NoWind_test1|segment1,1752508748.43,0.9905350004276126,-0.4992239437501478,0.3066502940963236,0.9972581267356871,-0.4917477965354919,0.3107440173625946,1.0,-0.25,0.3,1.0,-0.5,0.3,90.0,-0.4666811823844909,0.07780372351408,-4.19635009765625,0.9722704575247284,-0.4978501396850208,0.30691140355336816,0.9706755956213792,-0.49766320909968936,0.3070285797379245,0.14009553287178272,-0.0361901801079511,0.3648108839988708
E2_horizontal,E2_horizontal|QR_dynamic_hor_Light_0p3_0p05_NoWind_test1,E2_horizontal|QR_dynamic_hor_Light_0p3_0p05_NoWind_test1|segment1,1752508748.5,0.990369109909158,-0.5024542935635871,0.3096432195141305,0.997606098651886,-0.4906372725963592,0.3080245852470398,1.0,-0.25,0.3,1.0,-0.5,0.3,90.0,0.5347057580947876,0.44964414834976196,-4.533329486846924,0.9705422861350191,-0.5008265369792717,0.3117135607764824,0.9689233711523737,-0.5006242146532557,0.31186011105070677,0.14009553287178272,-0.0361901801079511,0.3648108839988708
E2_horizontal,E2_horizontal|QR_dynamic_hor_Light_0p3_0p05_NoWind_test1,E2_horizontal|QR_dynamic_hor_Light_0p3_0p05_NoWind_test1|segment2,1752508759.31,0.9797746228051918,-0.2290224921369956,0.2912912974947945,0.982343852519989,-0.2497435361146927,0.2962773442268371,1.0,0.0,0.3,1.0,-0.25,0.3,90.0,0.6376746296882629,0.1883270442485809,4.260583400726318,0.9967517893872008,-0.2299258613920111,0.29226975565759694,0.9953105363568324,-0.22990455980178198,0.2923769035343305,0.14009553287178272,-0.0361901801079511,0.3648108839988708
E2_horizontal,E2_horizontal|QR_dynamic_hor_Light_0p3_0p05_NoWind_test1,E2_horizontal|QR_dynamic_hor_Light_0p3_0p05_NoWind_test1|segment2,1752508759.43,0.9767416793860266,-0.2266938561897949,0.2938947673583415,0.9794716238975524,-0.2507154643535614,0.2989068925380707,1.0,0.0,0.3,1.0,-0.25,0.3,90.0,0.439888447523117,0.0765390396118164,4.480559825897217,0.9944768309739659,-0.22782931530603115,0.29437634738933266,0.9930419703391409,-0.22779229741672233,0.2944698247368929,0.14009553287178272,-0.0361901801079511,0.3648108839988708
E2_horizontal,E2_horizontal|QR_dynamic_hor_Light_0p3_0p05_NoWind_test1,E2_horizontal|QR_dynamic_hor_Light_0p3_0p05_NoWind_test1|segment2,1752508759.56,0.9758183312273274,-0.2263015493633872,0.2950048259435892,0.9735560417175292,-0.2524468302726745,0.3022153675556183,1.0,0.0,0.3,1.0,-0.25,0.3,90.0,0.1836742311716079,-0.8986185789108277,4.947985649108887,0.9954023759344416,-0.22744072221496092,0.29153384124626536,0.9939662166295907,-0.2274103841946049,0.291621054275399,0.14009553287178272,-0.0361901801079511,0.3648108839988708
E2_horizontal,E2_horizontal|QR_dynamic_hor_Light_0p3_0p05_NoWind_test1,E2_horizontal|QR_dynamic_hor_Light_0p3_0p05_NoWind_test1|segment2,1752508759.69,0.9728464156395642,-0.226351027738759,0.2943437317316649,0.9705979228019714,-0.2557198107242584,0.3040529191493988,1.0,0.0,0.3,1.0,-0.25,0.3,90.0,-0.212861105799675,-1.9856997728347776,4.329599857330322,0.9900078409956222,-0.22741896143389073,0.2864032720297539,0.988571621144393,-0.2273557051524651,0.28647691735981784,0.14009553287178272,-0.0361901801079511,0.3648108839988708
E2_horizontal,E2_horizontal|QR_dynamic_hor_Light_0p3_0p05_NoWind_test1,E2_horizontal|QR_dynamic_hor_Light_0p3_0p05_NoWind_test1|segment2,1752508759.77,0.9640441806487724,-0.2309775441620518,0.2899805213531923,0.9714080691337584,-0.2574962973594665,0.3020581007003784,1.0,0.0,0.3,1.0,-0.25,0.3,90.0,-0.7673376798629761,-1.7229043245315552,3.3335113525390625,0.9776486306788914,-0.23225008795774985,0.2825601107287519,0.9761916529334069,-0.23210838665661118,0.28260183175370845,0.14009553287178272,-0.0361901801079511,0.3648108839988708
E2_horizontal,E2_horizontal|QR_dynamic_hor_Light_0p3_0p05_NoWind_test1,E2_horizontal|QR_dynamic_hor_Light_0p3_0p05_NoWind_test1|segment2,1752508759.89,0.9662695873769572,-0.2387500597337322,0.2922313375309786,0.9770647883415222,-0.2608583867549896,0.2963175475597381,1.0,0.0,0.3,1.0,-0.25,0.3,90.0,0.422017753124237,0.0915431976318359,2.028078079223633,0.9746840455636562,-0.23980789717825943,0.2928614583381957,0.9731771657601158,-0.23964625753222202,0.29293666585254596,0.14009553287178272,-0.0361901801079511,0.3648108839988708
E2_horizontal,E2_horizontal|QR_dynamic_hor_Light_0p3_0p05_NoWind_test1,E2_horizontal|QR_dynamic_hor_Light_0p3_0p05_NoWind_test1|segment2,1752508760.06,0.9650478714857108,-0.2364937240641375,0.2940016944984061,0.9797111749649048,-0.2637565732002258,0.293447732925415,1.0,0.0,0.3,1.0,-0.25,0.3,90.0,1.008805513381958,-0.7234135866165161,3.842621564865112,0.9808695616764792,-0.23822452538473335,0.2916325444092756,0.9793686271084023,-0.23810234941105804,0.2917217069491031,0.14009553287178272,-0.0361901801079511,0.3648108839988708
E2_horizontal,E2_horizontal|QR_dynamic_hor_Light_0p3_0p05_NoWind_test1,E2_horizontal|QR_dynamic_hor_Light_0p3_0p05_NoWind_test1|segment2,1752508760.17,0.976440889740758,-0.2374323469425723,0.2866375033635273,0.9871734380722046,-0.2689185738563537,0.2872799336910248,1.0,0.0,0.3,1.0,-0.25,0.3,90.0,-0.0440273284912109,-0.5782871246337891,3.690415859222412,0.9917729483122445,-0.238308900205886,0.284223718105556,0.9902876817635241,-0.23825886327941775,0.2843126703834583,0.14009553287178272,-0.0361901801079511,0.3648108839988708
E2_horizontal,E2_horizontal|QR_dynamic_hor_Light_0p3_0p05_NoWind_test1,E2_horizontal|QR_dynamic_hor_Light_0p3_0p05_NoWind_test1|segment2,1752508760.25,0.9771665993721704,-0.2428355784589892,0.2836022144320236,0.9941114783287048,-0.2735705375671386,0.2851446270942688,1.0,0.0,0.3,1.0,-0.25,0.3,90.0,0.0011767983669415,0.2125834971666336,3.384615421295166,0.9915461918495803,-0.24381913398586913,0.2845037826740553,0.9900346300631787,-0.24376794184559858,0.2845970245842124,0.14009553287178272,-0.0361901801079511,0.3648108839988708
E2_horizontal,E2_horizontal|QR_dynamic_hor_Light_0p3_0p05_NoWind_test1,E2_horizontal|QR_dynamic_hor_Light_0p3_0p05_NoWind_test1|segment2,1752508760.43,0.9916925613606128,-0.2522932389362632,0.2864935584633926,1.010647892951965,-0.2785190343856811,0.2884601652622223,1.0,0.0,0.3,1.0,-0.25,0.3,90.0,-2.892343521118164,0.348771333694458,2.140624761581421,1.0018166966086908,-0.2524815614425847,0.2876275848103257,1.0002375768349783,-0.25249068672670855,0.28768283367807534,0.14009553287178272,-0.0361901801079511,0.3648108839988708
E2_horizontal,E2_horizontal|QR_dynamic_hor_Light_0p3_0p05_NoWind_test1,E2_horizontal|QR_dynamic_hor_Light_0p3_0p05_NoWind_test1|segment2,1752508760.53,1.0057518837217534,-0.2576342354067645,0.2889001608771783,1.0186257362365725,-0.2742505669593811,0.291615754365921,1.0,0.0,0.3,1.0,-0.25,0.3,90.0,-2.829822063446045,0.8638311624526978,2.310570240020752,1.0166799487834104,-0.2573045365476481,0.29308301878620024,1.0150624195407283,-0.2574067866404829,0.29317654357900275,0.14009553287178272,-0.0361901801079511,0.3648108839988708
E2_horizontal,E2_horizontal|QR_dynamic_hor_Light_0p3_0p05_NoWind_test1,E2_horizontal|QR_dynamic_hor_Light_0p3_0p05_NoWind_test1|segment2,1752508760.72,1.015949639429376,-0.2525229162539946,0.2974303642433775,1.032177209854126,-0.254457950592041,0.3009139001369476,1.0,0.0,0.3,1.0,-0.25,0.3,90.0,0.8742603063583374,1.820733428001404,4.874063491821289,1.037303642548478,-0.25022008442289717,0.30521199225674583,1.035717999405129,-0.2504466265977326,0.30543405958578734,0.14009553287178272,-0.0361901801079511,0.3648108839988708
E2_horizontal,E2_horizontal|QR_dynamic_hor_Light_0p3_0p05_NoWind_test1,E2_horizontal|QR_dynamic_hor_Light_0p3_0p05_NoWind_test1|segment2,1752508760.79,1.0224038259310932,-0.2353704418957131,0.3031723977841172,1.0352301597595217,-0.2463080585002899,0.3017224371433258,1.0,0.0,0.3,1.0,-0.25,0.3,90.0,0.836271345615387,2.8163623809814453,4.740575790405274,1.0417879242902968,-0.23228745285735133,0.3144065634620778,1.0402991920434386,-0.23253610039837194,0.3146348069477867,0.14009553287178272,-0.0361901801079511,0.3648108839988708
E2_horizontal,E2_horizontal|QR_dynamic_hor_Light_0p3_0p05_NoWind_test1,E2_horizontal|QR_dynamic_hor_Light_0p3_0p05_NoWind_test1|segment2,1752508760.92,1.0306781219904055,-0.2210734648593487,0.3075391582071308,1.0381758213043213,-0.229508176445961,0.2954283356666565,1.0,0.0,0.3,1.0,-0.25,0.3,90.0,2.656397581100464,2.510389566421509,3.72331476211548,1.045254144225541,-0.21811536235526421,0.31578651561598586,1.043852656474797,-0.21838065544298177,0.31607161437582276,0.14009553287178272,-0.0361901801079511,0.3648108839988708
E2_horizontal,E2_horizontal|QR_dynamic_hor_Light_0p3_0p05_NoWind_test1,E2_horizontal|QR_dynamic_hor_Light_0p3_0p05_NoWind_test1|segment2,1752508761.0,1.0372808821833674,-0.2133156233027862,0.3019987836011411,1.0367869138717651,-0.2232382446527481,0.2901577949523926,1.0,0.0,0.3,1.0,-0.25,0.3,90.0,1.4066200256347658,2.7352190017700195,3.183119058609009,1.049089620552664,-0.21062005275284745,0.31126130497294663,1.0477454854125756,-0.21091439855946753,0.31152820716009677,0.14009553287178272,-0.0361901801079511,0.3648108839988708
E2_horizontal,E2_horizontal|QR_dynamic_hor_Light_0p3_0p05_NoWind_test1,E2_horizontal|QR_dynamic_hor_Light_0p3_0p05_NoWind_test1|segment2,1752508761.17,1.0390501899059936,-0.2077188030913196,0.2978341514782289,1.025002360343933,-0.2127101868391037,0.2829783260822296,1.0,0.0,0.3,1.0,-0.25,0.3,90.0,3.195613145828247,-0.0624942071735858,2.754626750946045,1.0488063008033366,-0.20560595070164348,0.29543410171254164,1.047515651276893,-0.20591441053276585,0.2957305963086066,0.14009553287178272,-0.0361901801079511,0.3648108839988708
E2_horizontal,E2_horizontal|QR_dynamic_hor_Light_0p3_0p05_NoWind_test1,E2_horizontal|QR_dynamic_hor_Light_0p3_0p05_NoWind_test1|segment2,1752508761.3,1.0338060181838875,-0.2037210394070104,0.2833374960281691,1.0159826278686523,-0.2146263271570205,0.2838554382324219,1.0,0.0,0.3,1.0,-0.25,0.3,90.0,2.6408500671386723,-0.7551854848861694,3.254746437072754,1.044500890311076,-0.2012615149502636,0.2791140917702939,1.0432691464408868,-0.20155701309425034,0.2793772155145193,0.14009553287178272,-0.0361901801079511,0.3648108839988708
E2_horizontal,E2_horizontal|QR_dynamic_hor_Light_0p3_0p05_NoWind_test1,E2_horizontal|QR_dynamic_hor_Light_0p3_0p05_NoWind_test1|segment2,1752508761.42,1.0203757184658355,-0.201072504079865,0.2808415502877143,1.009086012840271,-0.2216265350580215,0.2872120440006256,1.0,0.0,0.3,1.0,-0.25,0.3,90.0,0.9717454910278319,-1.4722219705581665,3.2034313678741455,1.0312210324067694,-0.19907149122070636,0.275339170453041,1.0299998682853522,-0.19928273910779543,0.2755303087089284,0.14009553287178272,-0.0361901801079511,0.3648108839988708
E2_horizontal,E2_horizontal|QR_dynamic_hor_Light_0p3_0p05_NoWind_test1,E2_horizontal|QR_dynamic_hor_Light_0p3_0p05_NoWind_test1|segment2,1752508761.54,1.009782823364813,-0.2048267288655997,0.2817941498617854,1.0046950578689575,-0.2272439748048782,0.291383147239685,1.0,0.0,0.3,1.0,-0.25,0.3,90.0,0.4319729208946228,-0.7413976192474365,2.3215785026550293,1.0179242359999219,-0.20401443563957275,0.27907209316463105,1.016669161838877,-0.20413703255963092,0.27923087745325637,0.14009553287178272,-0.0361901801079511,0.3648108839988708
E2_horizontal,E2_horizontal|QR_dynamic_hor_Light_0p3_0p05_NoWind_test1,E2_horizontal|QR_dynamic_hor_Light_0p3_0p05_NoWind_test1|segment2,1752508761.67,1.0004629425219524,-0.2125208496068572,0.2877883441008973,1.0017950534820557,-0.233292356133461,0.2969743013381958,1.0,0.0,0.3,1.0,-0.25,0.3,90.0,0.2093224674463272,-0.1914126425981521,1.4903099536895752,1.005944309687362,-0.21239610855082156,0.2870768181934366,1.0046218055798708,-0.21243728614071625,0.2872137283171972,0.14009553287178272,-0.0361901801079511,0.3648108839988708
E2_horizontal,E2_horizontal|QR_dynamic_hor_Light_0p3_0p05_NoWind_test1,E2_horizontal|QR_dynamic_hor_Light_0p3_0p05_NoWind_test1|segment2,1752508761.78,0.997394989179003,-0.2205029671523106,0.2954021689365392,1.0001862049102783,-0.235578641295433,0.3018729388713836,1.0,0.0,0.3,1.0,-0.25,0.3,90.0,-0.3241918981075287,0.3746863603591919,1.0000967979431152,1.001270563176633,-0.22053983475808664,0.2968295727529824,0.9998767340427704,-0.22054517298456872,0.2969510438591143,0.14009553287178272,-0.0361901801079511,0.3648108839988708
E2_horizontal,E2_horizontal|QR_dynamic_hor_Light_0p3_0p05_NoWind_test1,E2_horizontal|QR_dynamic_hor_Light_0p3_0p05_NoWind_test1|segment2,1752508761.86,0.9929107812138402,-0.2265767105311902,0.3033486593962407,0.9988153576850892,-0.2393261790275573,0.306706964969635,1.0,0.0,0.3,1.0,-0.25,0.3,90.0,0.0228393953293561,0.2638720571994781,1.3515007495880127,0.9982576947610776,-0.2266630213710528,0.3043949304072907,0.996805903067284,-0.2266448023306365,0.3045174792944672,0.14009553287178272,-0.0361901801079511,0.3648108839988708
E2_horizontal,E2_horizontal|QR_dynamic_hor_Light_0p3_0p05_NoWind_test1,E2_horizontal|QR_dynamic_hor_Light_0p3_0p05_NoWind_test1|segment2,1752508761.98,0.9880726520355876,-0.2282555826594223,0.3085280025144543,0.9951502084732056,-0.2442871779203415,0.3108340501785278,1.0,0.0,0.3,1.0,-0.25,0.3,90.0,-0.1325071305036544,-0.5272864103317261,2.187594413757324,0.9967771318267062,-0.2286137781512898,0.30639945557633635,0.9953004574292105,-0.22858511969411582,0.30650821216580637,0.14009553287178272,-0.0361901801079511,0.3648108839988708
E2_horizontal,E2_horizontal|QR_dynamic_hor_Light_0p3_0p05_NoWind_test1,E2_horizontal|QR_dynamic_hor_Light_0p3_0p05_NoWind_test1|segment2,1752508762.12,0.9869549551393328,-0.2276492160233182,0.3066429319902139,0.9909557700157166,-0.2502330541610718,0.3120732605457306,1.0,0.0,0.3,1.0,-0.25,0.3,90.0,0.20916843414306643,-1.1714754104614258,3.525038719177246,1.0010063625498529,-0.22810811849588847,0.3020348974320062,0.9995382789791308,-0.228108811724342,0.30215037770691977,0.14009553287178272,-0.0361901801079511,0.3648108839988708
E2_horizontal,E2_horizontal|QR_dynamic_hor_Light_0p3_0p05_NoWind_test1,E2_horizontal|QR_dynamic_hor_Light_0p3_0p05_NoWind_test1|segment2,1752508762.27,0.9841966968263628,-0.2304607361420352,0.3012484713420936,0.9895262122154236,-0.2565189599990845,0.3073345422744751,1.0,0.0,0.3,1.0,-0.25,0.3,90.0,-0.815735399723053,-1.783685088157654,3.3419952392578125,0.9976376564957582,-0.2309113352007876,0.2938495053876819,0.9961623989062246,-0.23089379311156238,0.2939350931236531,0.14009553287178272,-0.0361901801079511,0.3648108839988708
E2_horizontal,E2_horizontal|QR_dynamic_hor_Light_0p3_0p05_NoWind_test1,E2_horizontal|QR_dynamic_hor_Light_0p3_0p05_NoWind_test1|segment2,1752508762.39,0.9869154426475408,-0.2361380269202317,0.2967822754029337,0.9914625287055968,-0.2626401782035827,0.3027829229831695,1.0,0.0,0.3,1.0,-0.25,0.3,90.0,-0.849355161190033,-1.8660054206848145,3.3773884773254395,1.0008847598210002,-0.23625994883665138,0.2889013097063459,0.9993852433986021,-0.23626520320444405,0.2889953201065992,0.14009553287178272,-0.0361901801079511,0.3648108839988708
E2_horizontal,E2_horizontal|QR_dynamic_hor_Light_0p3_0p05_NoWind_test1,E2_horizontal|QR_dynamic_hor_Light_0p3_0p05_NoWind_test1|segment2,1752508762.52,0.9917806457062204,-0.2396014911960252,0.2927292800791958,0.9965582489967346,-0.2646060585975647,0.3021349012851715,1.0,0.0,0.3,1.0,-0.25,0.3,90.0,-0.3812561631202698,1.422950267791748,3.9225053787231454,1.0082461969792913,-0.23970692663089063,0.2986269387909034,1.0067371515459216,-0.23975472179912505,0.2987430590293015,0.14009553287178272,-0.0361901801079511,0.3648108839988708
E2_horizontal,E2_horizontal|QR_dynamic_hor_Light_0p3_0p05_NoWind_test1,E2_horizontal|QR_dynamic_hor_Light_0p3_0p05_NoWind_test1|segment2,1752508762.6,0.9880742441352292,-0.2395237928156067,0.3059301884400991,0.997902512550354,-0.2659770250320434,0.3053560554981231,1.0,0.0,0.3,1.0,-0.25,0.3,90.0,-0.5702697932720184,0.09207255207002166,4.145958423614502,1.0053634459433105,-0.2397537902230207,0.3061960982855222,1.0038205876906448,-0.23978065862986128,0.30629896573914284,0.14009553287178272,-0.0361901801079511,0.3648108839988708
E2_horizontal,E2_horizontal|QR_dynamic_hor_Light_0p3_0p05_NoWind_test1,E2_horizontal|QR_dynamic_hor_Light_0p3_0p05_NoWind_test1|segment2,1752508762.77,0.9832587471380014,-0.24171958586364,0.3059837071790678,0.9974482655525208,-0.2677150666713714,0.3083861619234084,1.0,0.0,0.3,1.0,-0.25,0.3,90.0,-1.0625053644180298,-0.4183353781700134,2.917861938476563,0.995478856976438,-0.2422988346786727,0.3039072328061648,0.993919634392054,-0.24226341940933968,0.3039871367235039,0.14009553287178272,-0.0361901801079511,0.3648108839988708
E2_horizontal,E2_horizontal|QR_dynamic_hor_Light_0p3_0p05_NoWind_test1,E2_horizontal|QR_dynamic_hor_Light_0p3_0p05_NoWind_test1|segment2,1752508762.84,0.9890915705481698,-0.2458521509457663,0.3025189237085746,0.9969938397407532,-0.2664516121149062,0.3074990659952163,1.0,0.0,0.3,1.0,-0.25,0.3,90.0,-1.9697030782699585,-0.0835443660616874,1.955246925354004,0.9974061317152394,-0.24608678970584902,0.3017840162570957,0.9958294503992834,-0.24606459575317938,0.30185476879081846,0.14009553287178272,-0.0361901801079511,0.3648108839988708
E2_horizontal,E2_horizontal|QR_dynamic_hor_Light_0p3_0p05_NoWind_test1,E2_horizontal|QR_dynamic_hor_Light_0p3_0p05_NoWind_test1|segment2,1752508762.97,0.981222487405667,-0.249305183145637,0.3035524783859941,0.9959422945976256,-0.2607712298631668,0.303426906466484,1.0,0.0,0.3,1.0,-0.25,0.3,90.0,0.371433675289154,-0.3698497414588928,0.6298662424087524,0.9839878649008833,-0.2495148044601239,0.3020647784352461,0.9823913229662321,-0.2494062070893899,0.30218352549737526,0.14009553287178272,-0.0361901801079511,0.3648108839988708
E2_horizontal,E2_horizontal|QR_dynamic_hor_Light_0p3_0p05_NoWind_test1,E2_horizontal|QR_dynamic_hor_Light_0p3_0p05_NoWind_test1|segment2,1752508763.13,0.9836119993395682,-0.2484197703271895,0.2983714696712901,0.9976549762198864,-0.2574996329597175,0.3044796750944736,1.0,0.0,0.3,1.0,-0.25,0.3,90.0,0.5694177746772766,-0.3350992798805237,-0.4188672006130218,0.9817810719592198,-0.24828039439545269,0.2970815439056285,0.9802053699061785,-0.24816122525779746,0.29721075922715684,0.14009553287178272,-0.0361901801079511,0.3648108839988708
E2_horizontal,E2_horizontal|QR_dynamic_hor_Light_0p3_0p05_NoWind_test1,E2_horizontal|QR_dynamic_hor_Light_0p3_0p05_NoWind_test1|segment2,1752508763.26,0.9870796379986212,-0.2506163738245098,0.2997250475632921,1.0013750791549685,-0.2562564611434936,0.3028619885444641,1.0,0.0,0.3,1.0,-0.25,0.3,90.0,0.0423279143869876,-0.1072101667523384,-1.8911789655685427,0.9788158392101742,-0.25005253496030183,0.29926564750056645,0.9772245590223789,-0.2499129549521568,0.2993897398982971,0.14009553287178272,-0.0361901801079511,0.3648108839988708
E2_horizontal,E2_horizontal|QR_dynamic_hor_Light_0p3_0p05_NoWind_test1,E2_horizontal|QR_dynamic_hor_Light_0p3_0p05_NoWind_test1|segment2,1752508763.34,0.9902084666595992,-0.2545964254089751,0.3009151273069006,1.002729296684265,-0.2559238523244858,0.303218275308609,1.0,0.0,0.3,1.0,-0.25,0.3,90.0,-0.0754974633455276,1.846646070480347,-2.616267204284668,0.9786033755969155,-0.25372291341344366,0.30910599183611187,0.9769847539723244,-0.2535765659081998,0.3092344510752813,0.14009553287178272,-0.0361901801079511,0.3648108839988708
E2_horizontal,E2_horizontal|QR_dynamic_hor_Light_0p3_0p05_NoWind_test1,E2_horizontal|QR_dynamic_hor_Light_0p3_0p05_NoWind_test1|segment2,1752508763.46,0.9933970348355116,-0.2563703444297239,0.308004913292021,0.9997519850730896,-0.2552751004695892,0.3066611289978027,1.0,0.0,0.3,1.0,-0.25,0.3,90.0,-0.8342170119285583,0.701569139957428,-2.556759119033813,0.9818566146168691,-0.2556994820823857,0.3110464346479024,0.9802066237171102,-0.25557196789034575,0.3111634570260061,0.14009553287178272,-0.0361901801079511,0.3648108839988708
E2_horizontal,E2_horizontal|QR_dynamic_hor_Light_0p3_0p05_NoWind_test1,E2_horizontal|QR_dynamic_hor_Light_0p3_0p05_NoWind_test1|segment2,1752508763.59,0.9894766600596784,-0.2551655218116997,0.308672200488416,0.994001567363739,-0.2516639530658722,0.3098348379135132,1.0,0.0,0.3,1.0,-0.25,0.3,90.0,-0.1892830580472946,1.049842119216919,-3.006068229675293,0.9760918138081368,-0.25406023660755134,0.31331112595455723,0.9744518340966566,-0.2538940056642109,0.3134356381688674,0.14009553287178272,-0.0361901801079511,0.3648108839988708
E2_horizontal,E2_horizontal|QR_dynamic_hor_Light_0p3_0p05_NoWind_test1,E2_horizontal|QR_dynamic_hor_Light_0p3_0p05_NoWind_test1|segment2,1752508763.71,0.9783233354879036,-0.2541108926057156,0.3079182583889527,0.9852749705314636,-0.246518924832344,0.3076396584510803,1.0,0.0,0.3,1.0,-0.25,0.3,90.0,-0.4125188291072845,-0.8260453343391418,-3.3413290977478027,0.9634882144408033,-0.2524975651601675,0.30409773652446687,0.9618616617134369,-0.25225546726986675,0.3041915064545542,0.14009553287178272,-0.0361901801079511,0.3648108839988708
E2_horizontal,E2_horizontal|QR_dynamic_hor_Light_0p3_0p05_NoWind_test1,E2_horizontal|QR_dynamic_hor_Light_0p3_0p05_NoWind_test1|segment2,1752508763.87,0.9756993595311572,-0.2516450537549733,0.2942618800804153,0.9807563436828988,-0.2408652152226954,0.3055079880858177,1.0,0.0,0.3,1.0,-0.25,0.3,90.0,-0.8610936850627336,-1.7862526213133565,-3.5495423368364194,0.9602743899115975,-0.24935141640555783,0.28605628218884116,0.9586976740017918,-0.24909937392118398,0.2861327722322442,0.14009553287178272,-0.0361901801079511,0.3648108839988708
E2_horizontal,E2_horizontal|QR_dynamic_hor_Light_0p3_0p05_NoWind_test1,E2_horizontal|QR_dynamic_hor_Light_0p3_0p05_NoWind_test1|segment2,1752508763.99,0.972900448255428,-0.2467695017621249,0.2960619148896104,0.981569230556488,-0.2318407297134399,0.3014437556266784,1.0,0.0,0.3,1.0,-0.25,0.3,90.0,0.49780382215976715,0.041625383310020005,-3.6576089859008785,0.9571799494885146,-0.2445385684869655,0.2964767890269976,0.9556337820854554,-0.24426419180783668,0.2965758902698267,0.14009553287178272,-0.0361901801079511,0.3648108839988708
E2_horizontal,E2_horizontal|QR_dynamic_hor_Light_0p3_0p05_NoWind_test1,E2_horizontal|QR_dynamic_hor_Light_0p3_0p05_NoWind_test1|segment2,1752508764.07,0.9710953423800684,-0.2394886393229136,0.2980367599306464,0.982370138168335,-0.2234071344137191,0.2964486181735992,1.0,0.0,0.3,1.0,-0.25,0.3,90.0,1.00368270277977,-0.3015468716621399,-3.0677921772003174,0.9582906094379215,-0.23758595586410616,0.29728297524579245,0.956784636404806,-0.23731782104555996,0.2973873247506171,0.14009553287178272,-0.0361901801079511,0.3648108839988708
E2_horizontal,E2_horizontal|QR_dynamic_hor_Light_0p3_0p05_NoWind_test1,E2_horizontal|QR_dynamic_hor_Light_0p3_0p05_NoWind_test1|segment2,1752508764.21,0.9769534401920454,-0.2249756595217968,0.2873623103912294,0.9854350090026855,-0.2161746323108673,0.291756123304367,1.0,0.0,0.3,1.0,-0.25,0.3,90.0,3.6185870170593257,-1.210007667541504,-0.7051787376403809,0.9734382281043469,-0.22437995820256768,0.2840937394188965,0.9720466843646172,-0.22422308932201657,0.2842672044831088,0.14009553287178272,-0.0361901801079511,0.3648108839988708
E2_horizontal,E2_horizontal|QR_dynamic_hor_Light_0p3_0p05_NoWind_test1,E2_horizontal|QR_dynamic_hor_Light_0p3_0p05_NoWind_test1|segment2,1752508764.49,0.9902902851230088,-0.213054891723859,0.2906001851299459,0.9974052309989928,-0.22046859562397,0.2856397330760956,1.0,0.0,0.3,1.0,-0.25,0.3,90.0,-0.6567233800888062,1.6737061738967896,0.5662635564804077,0.9925065990294589,-0.21332624951198811,0.29671637683454416,0.9911712390278357,-0.21327653023173204,0.29680678812815303,0.14009553287178272,-0.0361901801079511,0.3648108839988708
E2_horizontal,E2_horizontal|QR_dynamic_hor_Light_0p3_0p05_NoWind_test1,E2_horizontal|QR_dynamic_hor_Light_0p3_0p05_NoWind_test1|segment2,1752508764.57,0.9941952093969616,-0.213810042105224,0.2912339772427693,0.997573345899582,-0.2228472754359245,0.2838527709245682,1.0,0.0,0.3,1.0,-0.25,0.3,90.0,-0.12143161892890932,1.4097394943237305,1.343287706375122,0.9992312098300481,-0.21403813512570205,0.2964845302519636,0.9978903182944566,-0.21403095702384642,0.296598304463834,0.14009553287178272,-0.0361901801079511,0.3648108839988708
E2_horizontal,E2_horizontal|QR_dynamic_hor_Light_0p3_0p05_NoWind_test1,E2_horizontal|QR_dynamic_hor_Light_0p3_0p05_NoWind_test1|segment2,1752508764.74,0.993033380439444,-0.2119413666004424,0.2867782331555613,0.9953477382659912,-0.2281260341405868,0.2853935956954956,1.0,0.0,0.3,1.0,-0.25,0.3,90.0,0.5941554307937622,-1.1175951957702637,3.333415269851685,1.0052150070271524,-0.21169953471469397,0.2827198817613365,1.00389899491366,-0.21173826587450845,0.28284784601944835,0.14009553287178272,-0.0361901801079511,0.3648108839988708
E2_horizontal,E2_horizontal|QR_dynamic_hor_Light_0p3_0p05_NoWind_test1,E2_horizontal|QR_dynamic_hor_Light_0p3_0p05_NoWind_test1|segment2,1752508764.86,0.995757214989367,-0.2119695408737694,0.2805065596346427,0.9960928559303284,-0.2366594970226287,0.2933858335018158,1.0,0.0,0.3,1.0,-0.25,0.3,90.0,2.354718089103699,-0.7007417380809784,4.151156425476074,1.0102989226312014,-0.2115270300770777,0.2781064064263451,1.0090049452943042,-0.21160398517257908,0.2782802827023392,0.14009553287178272,-0.0361901801079511,0.3648108839988708
E2_horizontal,E2_horizontal|QR_dynamic_hor_Light_0p3_0p05_NoWind_test1,E2_horizontal|QR_dynamic_hor_Light_0p3_0p05_NoWind_test1|segment2,1752508764.99,0.9927484721421476,-0.2149981228222104,0.2864291634232047,1.0013312101364136,-0.2454283982515335,0.297220230102539,1.0,0.0,0.3,1.0,-0.25,0.3,90.0,-1.5714768171310425,-0.8982024788856507,4.447455883026123,1.0097972831759134,-0.21464252037573517,0.28286679341557336,1.008459614938725,-0.21470566817190304,0.28294549770041033,0.14009553287178272,-0.0361901801079511,0.3648108839988708
E2_horizontal,E2_horizontal|QR_dynamic_hor_Light_0p3_0p05_NoWind_test1,E2_horizontal|QR_dynamic_hor_Light_0p3_0p05_NoWind_test1|segment2,1752508765.06,1.0017405680724851,-0.2228551777511456,0.2936862182322033,1.0052275657653809,-0.2500231564044952,0.2979859411716461,1.0,0.0,0.3,1.0,-0.25,0.3,90.0,-1.2386882305145264,-0.717685341835022,4.244139194488525,1.0183571203927597,-0.2220093575469388,0.2909344078846305,1.0169552405399653,-0.22212532430465431,0.2910454598831044,0.14009553287178272,-0.0361901801079511,0.3648108839988708
E2_horizontal,E2_horizontal|QR_dynamic_hor_Light_0p3_0p05_NoWind_test1,E2_horizontal|QR_dynamic_hor_Light_0p3_0p05_NoWind_test1|segment2,1752508765.19,1.0069616561358867,-0.2312372814687707,0.3006460413069424,1.013824701309204,-0.2551008760929107,0.2993454933166504,1.0,0.0,0.3,1.0,-0.25,0.3,90.0,-0.5059629082679749,0.2663619816303253,3.936723947525024,1.0228144071970418,-0.23020835771956977,0.3017824777413115,1.0213447745397894,-0.23034808747990293,0.30192913472536914,0.14009553287178272,-0.0361901801079511,0.3648108839988708
E2_horizontal,E2_horizontal|QR_dynamic_hor_Light_0p3_0p05_NoWind_test1,E2_horizontal|QR_dynamic_hor_Light_0p3_0p05_NoWind_test1|segment2,1752508765.32,1.0098080988253575,-0.2357889875483918,0.3037532467579231,1.0202828645706177,-0.2605402767658233,0.3023824691772461,1.0,0.0,0.3,1.0,-0.25,0.3,90.0,-1.5927082300186155,1.7869478464126587,3.22509503364563,1.022936323769049,-0.23463006000122813,0.31137507400727316,1.0214264272894114,-0.23476647955600527,0.3115039386029663,0.14009553287178272,-0.0361901801079511,0.3648108839988708
E2_horizontal,E2_horizontal|QR_dynamic_hor_Light_0p3_0p05_NoWind_test1,E2_horizontal|QR_dynamic_hor_Light_0p3_0p05_NoWind_test1|segment2,1752508765.48,1.0154686777230997,-0.2427011301175159,0.3095896382606647,1.0237150192260742,-0.2626386880874634,0.3045570254325866,1.0,0.0,0.3,1.0,-0.25,0.3,90.0,-0.7385175228118896,1.6163815259933472,1.3403230905532837,1.021007876719221,-0.24190324895971457,0.3166303028016714,1.0194384745491807,-0.24202270792447172,0.31679982943061025,0.14009553287178272,-0.0361901801079511,0.3648108839988708
E2_horizontal,E2_horizontal|QR_dynamic_hor_Light_0p3_0p05_NoWind_test1,E2_horizontal|QR_dynamic_hor_Light_0p3_0p05_NoWind_test1|segment2,1752508765.56,1.0132198781779276,-0.2479969163737222,0.3085639659200698,1.0235215425491333,-0.2620522379875183,0.3064813911914825,1.0,0.0,0.3,1.0,-0.25,0.3,90.0,0.24717042967677114,0.6869909763336182,0.24902277812361714,1.014333910992779,-0.24781713468793823,0.311479720070877,1.0127344008228591,-0.24789546616987473,0.31167262225455716,0.14009553287178272,-0.0361901801079511,0.3648108839988708
E2_horizontal,E2_horizontal|QR_dynamic_hor_Light_0p3_0p05_NoWind_test1,E2_horizontal|QR_dynamic_hor_Light_0p3_0p05_NoWind_test1|segment2,1752508765.72,1.0106907792865012,-0.2529969352440575,0.3051515927406522,1.021601676940918,-0.2608387172222137,0.3086042702198028,1.0,0.0,0.3,1.0,-0.25,0.3,90.0,-0.5482699275016785,0.2606121003627777,-0.7915984392166138,1.0071450508859965,-0.2530932896618966,0.3064043647897248,1.0055186353621355,-0.2531297020717672,0.30657111141301024,0.14009553287178272,-0.0361901801079511,0.3648108839988708
E2_horizontal,E2_horizontal|QR_dynamic_hor_Light_0p3_0p05_NoWind_test1,E2_horizontal|QR_dynamic_hor_Light_0p3_0p05_NoWind_test1|segment2,1752508765.81,1.0083717328644786,-0.253865223876878,0.3055370024022491,1.0214544534683228,-0.2591148614883423,0.3086994886398315,1.0,0.0,0.3,1.0,-0.25,0.3,90.0,0.4806635975837707,-0.8662740588188171,-1.866107702255249,1.000144819230489,-0.2540583110524491,0.3016278247392068,0.9985151700453472,-0.254052725858521,0.3018176811257796,0.14009553287178272,-0.0361901801079511,0.3648108839988708
E2_horizontal,E2_horizontal|QR_dynamic_hor_Light_0p3_0p05_NoWind_test1,E2_horizontal|QR_dynamic_hor_Light_0p3_0p05_NoWind_test1|segment2,1752508765.93,1.0084354569981695,-0.2578787732529676,0.3055396801712725,1.0211082696914673,-0.2576728165149688,0.3057695925235748,1.0,0.0,0.3,1.0,-0.25,0.3,90.0,0.45203182101249695,0.0325953774154186,-3.8013944625854488,0.9913635588226859,-0.25787038984456706,0.3056196628746971,0.989709618454687,-0.25780541576770966,0.3058122572305153,0.14009553287178272,-0.0361901801079511,0.3648108839988708
E2_horizontal,E2_horizontal|QR_dynamic_hor_Light_0p3_0p05_NoWind_test1,E2_horizontal|QR_dynamic_hor_Light_0p3_0p05_NoWind_test1|segment2,1752508766.05,1.0078781652724274,-0.2629593507060035,0.3046269474157086,1.0227296352386477,-0.2586249709129333,0.3062950670719147,1.0,0.0,0.3,1.0,-0.25,0.3,90.0,0.09717939049005506,0.06746845319867134,-4.944745779037476,0.9851913539540568,-0.26265483079362717,0.3049232222403044,0.9835081606333166,-0.26255100051477503,0.30510740806715636,0.14009553287178272,-0.0361901801079511,0.3648108839988708
E2_horizontal,E2_horizontal|QR_dynamic_hor_Light_0p3_0p05_NoWind_test1,E2_horizontal|QR_dynamic_hor_Light_0p3_0p05_NoWind_test1|segment2,1752508766.17,1.0089658121215437,-0.2664460914803338,0.3058965217599363,1.023489475250244,-0.2568163275718689,0.3032791316509247,1.0,0.0,0.3,1.0,-0.25,0.3,90.0,0.349436491727829,1.1424050331115725,-5.994184970855714,0.9811457773774268,-0.2657608086798878,0.31115281489674923,0.9794401788940011,-0.2656259399829676,0.3113502504494348,0.14009553287178272,-0.0361901801079511,0.3648108839988708
E2_horizontal,E2_horizontal|QR_dynamic_hor_Light_0p3_0p05_NoWind_test1,E2_horizontal|QR_dynamic_hor_Light_0p3_0p05_NoWind_test1|segment2,1752508766.3,1.010532585023766,-0.2697064315983029,0.3078387414125288,1.0202548503875732,-0.2571057975292206,0.3029593825340271,1.0,0.0,0.3,1.0,-0.25,0.3,90.0,-1.6065528392791748,0.3494411706924438,-6.714366912841797,0.9787103449646265,-0.26900767032899897,0.30977570214075595,0.976974005695625,-0.26885935664994365,0.3099191928995595,0.14009553287178272,-0.0361901801079511,0.3648108839988708
E2_horizontal,E2_horizontal|QR_dynamic_hor_Light_0p3_0p05_NoWind_test1,E2_horizontal|QR_dynamic_hor_Light_0p3_0p05_NoWind_test1|segment2,1752508766.42,1.012682795963339,-0.2694803182075764,0.2998663194172401,1.0172148942947388,-0.2528015077114105,0.29879230260849,1.0,0.0,0.3,1.0,-0.25,0.3,90.0,-1.894106686115265,-0.07105453871190545,-5.3750762939453125,0.9873808814602172,-0.26948333634977034,0.2999513967282473,0.9856596146292407,-0.26939721240505476,0.3000915478368651,0.14009553287178272,-0.0361901801079511,0.3648108839988708
E2_horizontal,E2_horizontal|QR_dynamic_hor_Light_0p3_0p05_NoWind_test1,E2_horizontal|QR_dynamic_hor_Light_0p3_0p05_NoWind_test1|segment2,1752508766.54,1.0057278962190572,-0.2572048300810947,0.2979800709980126,1.0143650770187378,-0.2422680258750915,0.2952602505683899,1.0,0.0,0.3,1.0,-0.25,0.3,90.0,0.7336165904998779,0.04645028430968515,-3.557761311531068,0.9897296935577543,-0.2570645496380701,0.2981154177458285,0.9880999355915479,-0.25699560683067396,0.2983088281806648,0.14009553287178272,-0.0361901801079511,0.3648108839988708
E2_horizontal,E2_horizontal|QR_dynamic_hor_Light_0p3_0p05_NoWind_test1,E2_horizontal|QR_dynamic_hor_Light_0p3_0p05_NoWind_test1|segment2,1752508766.68,1.0017431526200005,-0.2429339101111191,0.2955368538679686,1.0084577798843384,-0.2358283400535583,0.2944870293140411,1.0,0.0,0.3,1.0,-0.25,0.3,90.0,3.132918119430542,0.4179140031337738,-2.177254199981689,0.9922652002584833,-0.24284210748180854,0.2972203160103789,0.9907404525081495,-0.24279135530286747,0.29745805059595976,0.14009553287178272,-0.0361901801079511,0.3648108839988708
E2_horizontal,E2_horizontal|QR_dynamic_hor_Light_0p3_0p05_NoWind_test1,E2_horizontal|QR_dynamic_hor_Light_0p3_0p05_NoWind_test1|segment2,1752508766.79,0.9983036771369664,-0.2381842449483577,0.2949377579047904,1.0013575553894043,-0.23665551841259,0.2959449887275696,1.0,0.0,0.3,1.0,-0.25,0.3,90.0,3.1804757118225098,1.2620898485183716,-2.8780453205108643,0.9860660470101665,-0.23783607986672428,0.30028708119354114,0.9845745458353632,-0.23774362442304126,0.30051259917676043,0.14009553287178272,-0.0361901801079511,0.3648108839988708
E2_horizontal,E2_horizontal|QR_dynamic_hor_Light_0p3_0p05_NoWind_test1,E2_horizontal|QR_dynamic_hor_Light_0p3_0p05_NoWind_test1|segment2,1752508766.97,0.9845235879020277,-0.2457352827022968,0.3018149285731932,0.9811869263648988,-0.2478373348712921,0.304356962442398,1.0,0.0,0.3,1.0,-0.25,0.3,90.0,-1.0100103616714478,-0.2884894013404846,-4.883303165435791,0.9636312876708164,-0.24352795832843194,0.30030452886955256,0.9620750348021501,-0.24329033418503992,0.3003908564995467,0.14009553287178272,-0.0361901801079511,0.3648108839988708
E2_horizontal,E2_horizontal|QR_dynamic_hor_Light_0p3_0p05_NoWind_test1,E2_horizontal|QR_dynamic_hor_Light_0p3_0p05_NoWind_test1|segment2,1752508767.08,0.9673720748731623,-0.2590353481653016,0.2996821977077751,0.9665697813034058,-0.2526852190494537,0.3111819922924042,1.0,0.0,0.3,1.0,-0.25,0.3,90.0,-2.044642210006714,-1.4912269115447998,-5.208498001098633,0.9440349379145279,-0.2548809517724649,0.29177769224425626,0.9424110591861928,-0.2545198111437644,0.291804042045935,0.14009553287178272,-0.0361901801079511,0.3648108839988708
E2_horizontal,E2_horizontal|QR_dynamic_hor_Light_0p3_0p05_NoWind_test1,E2_horizontal|QR_dynamic_hor_Light_0p3_0p05_NoWind_test1|segment2,1752508767.15,0.9686051082885476,-0.264479916209229,0.2992172508546146,0.9587514996528624,-0.2539085149765014,0.3140613138675689,1.0,0.0,0.3,1.0,-0.25,0.3,90.0,-1.0728553533554075,-2.142239570617676,-5.064181327819824,0.9454225138004645,-0.26044285689726226,0.2887441441386775,0.9437639228335408,-0.26009245056435887,0.2888063060523432,0.14009553287178272,-0.0361901801079511,0.3648108839988708
E2_horizontal,E2_horizontal|QR_dynamic_hor_Light_0p3_0p05_NoWind_test1,E2_horizontal|QR_dynamic_hor_Light_0p3_0p05_NoWind_test1|segment2,1752508767.65,0.938191420959243,-0.2397106477545423,0.2990134212672717,0.9643924832344056,-0.2503778040409088,0.3121793270111084,1.0,0.0,0.3,1.0,-0.25,0.3,90.0,0.583688497543335,0.6234080791473389,0.8356695175170898,0.9416871023908576,-0.24057640404281327,0.3022512702615073,0.9401587233316429,-0.24020072450386776,0.3022587567495775,0.14009553287178272,-0.0361901801079511,0.3648108839988708
E2_horizontal,E2_horizontal|QR_dynamic_hor_Light_0p3_0p05_NoWind_test1,E2_horizontal|QR_dynamic_hor_Light_0p3_0p05_NoWind_test1|segment2,1752508767.83,0.9635110264156812,-0.2362132418407593,0.3099470072558039,0.9818709492683412,-0.2529052793979645,0.3048368990421295,1.0,0.0,0.3,1.0,-0.25,0.3,90.0,-1.1037431955337527,-0.1290175467729568,2.913088798522949,0.9753792221523803,-0.23779199039934518,0.3087103597859714,0.9738402025444736,-0.237626604722222,0.30873759078807506,0.14009553287178272,-0.0361901801079511,0.3648108839988708
E2_horizontal,E2_horizontal|QR_dynamic_hor_Light_0p3_0p05_NoWind_test1,E2_horizontal|QR_dynamic_hor_Light_0p3_0p05_NoWind_test1|segment2,1752508767.9,0.9770918160561212,-0.2337273538042785,0.3000189358204976,0.9880355000495912,-0.2537199556827545,0.3050040006637573,1.0,0.0,0.3,1.0,-0.25,0.3,90.0,-1.482951045036316,0.9773154854774476,3.104219436645508,0.9897881755229208,-0.23460036870793213,0.30341274222200987,0.9882923457332742,-0.23452979295567836,0.3034595106965755,0.14009553287178272,-0.0361901801079511,0.3648108839988708
E2_horizontal,E2_horizontal|QR_dynamic_hor_Light_0p3_0p05_NoWind_test1,E2_horizontal|QR_dynamic_hor_Light_0p3_0p05_NoWind_test1|segment2,1752508768.02,0.9879263174221437,-0.2337632691880697,0.3093079588476204,0.9961138367652892,-0.2505383789539337,0.3061529695987701,1.0,0.0,0.3,1.0,-0.25,0.3,90.0,-0.4839240610599518,1.2178701162338257,2.2332963943481445,0.9969570864351628,-0.23381097502161347,0.314172034676543,0.9954425971664238,-0.2337802897595593,0.3142717949026306,0.14009553287178272,-0.0361901801079511,0.3648108839988708
E2_horizontal,E2_horizontal|QR_dynamic_hor_Light_0p3_0p05_NoWind_test1,E2_horizontal|QR_dynamic_hor_Light_0p3_0p05_NoWind_test1|segment2,1752508768.14,0.9887845189089928,-0.2331003709674421,0.3081194170168485,1.0025596618652344,-0.2453632950782776,0.3096650838851928,1.0,0.0,0.3,1.0,-0.25,0.3,90.0,-0.2223957628011703,0.4195945560932159,1.4237096309661863,0.9945465149547837,-0.23324247904404272,0.30978265629602897,0.9930403770127142,-0.23319777099438357,0.3098923275866307,0.14009553287178272,-0.0361901801079511,0.3648108839988708
E2_horizontal,E2_horizontal|QR_dynamic_hor_Light_0p3_0p05_NoWind_test1,E2_horizontal|QR_dynamic_hor_Light_0p3_0p05_NoWind_test1|segment2,1752508768.33,0.9971858688715168,-0.2308704994093881,0.3076905961702326,1.0125125646591189,-0.2383752465248108,0.3098045587539673,1.0,0.0,0.3,1.0,-0.25,0.3,90.0,1.40623140335083,-0.4665043354034423,0.5634080767631531,0.9996463115891459,-0.23094064989899857,0.3058773488698882,0.9981608273225169,-0.23092915477749237,0.3060493816723309,0.14009553287178272,-0.0361901801079511,0.3648108839988708
E2_horizontal,E2_horizontal|QR_dynamic_hor_Light_0p3_0p05_NoWind_test1,E2_horizontal|QR_dynamic_hor_Light_0p3_0p05_NoWind_test1|segment2,1752508768.44,1.0009883040327463,-0.2282759702405554,0.3038415646430098,1.019024133682251,-0.237162247300148,0.3099251389503479,1.0,0.0,0.3,1.0,-0.25,0.3,90.0,0.9906801581382753,0.9513903260231017,-1.4073320627212524,0.9954501076719559,-0.22813807882344483,0.3076136997304449,0.9939901064292432,-0.2280986079130964,0.3077819792090554,0.14009553287178272,-0.0361901801079511,0.3648108839988708
E2_horizontal,E2_horizontal|QR_dynamic_hor_Light_0p3_0p05_NoWind_test1,E2_horizontal|QR_dynamic_hor_Light_0p3_0p05_NoWind_test1|segment2,1752508768.52,1.007324196708289,-0.2344400935588778,0.3098056846056095,1.0225411653518677,-0.2366038560867309,0.3092924952507019,1.0,0.0,0.3,1.0,-0.25,0.3,90.0,1.381534457206726,0.7926034927368164,-2.184981346130371,0.9986206853191247,-0.23440233697330595,0.31286835997187,0.997107676742703,-0.23437752117516494,0.31306770101671205,0.14009553287178272,-0.0361901801079511,0.3648108839988708
E2_horizontal,E2_horizontal|QR_dynamic_hor_Light_0p3_0p05_NoWind_test1,E2_horizontal|QR_dynamic_hor_Light_0p3_0p05_NoWind_test1|segment2,1752508768.68,1.007966617552991,-0.2384678937114214,0.3096427098238841,1.0289275646209717,-0.2379614412784576,0.3095546662807464,1.0,0.0,0.3,1.0,-0.25,0.3,90.0,-0.2540105879306794,2.1229374408721924,-4.590077400207521,0.9888564618861967,-0.23781667350080907,0.31850504100132815,0.9873155051432199,-0.2377268830863886,0.31866595369660705,0.14009553287178272,-0.0361901801079511,0.3648108839988708
E2_horizontal,E2_horizontal|QR_dynamic_hor_Light_0p3_0p05_NoWind_test1,E2_horizontal|QR_dynamic_hor_Light_0p3_0p05_NoWind_test1|segment2,1752508768.76,1.0157883885216012,-0.2457725107395515,0.3136507597866182,1.028348684310913,-0.2381307780742645,0.3090083599090576,1.0,0.0,0.3,1.0,-0.25,0.3,90.0,-0.1122603416442871,2.668146848678589,-4.885004043579102,0.9948522443226672,-0.24532191387353786,0.3251078209925694,0.9932520554067045,-0.24526351437261992,0.3252985622405976,0.14009553287178272,-0.0361901801079511,0.3648108839988708
E2_horizontal,E2_horizontal|QR_dynamic_hor_Light_0p3_0p05_NoWind_test1,E2_horizontal|QR_dynamic_hor_Light_0p3_0p05_NoWind_test1|segment2,1752508768.88,1.01638050595567,-0.2454264692545064,0.3103825962828028,1.0269954204559326,-0.23565673828125,0.3075986802577972,1.0,0.0,0.3,1.0,-0.25,0.3,90.0,0.3402733206748962,1.239087462425232,-4.416835784912109,0.9975138132114214,-0.2456848461146475,0.3155899440840192,0.9959240888922892,-0.24565066936149163,0.3157926148107822,0.14009553287178272,-0.0361901801079511,0.3648108839988708
E2_horizontal,E2_horizontal|QR_dynamic_hor_Light_0p3_0p05_NoWind_test1,E2_horizontal|QR_dynamic_hor_Light_0p3_0p05_NoWind_test1|segment3,1752508782.34,1.0013375520173742,0.0181291021786991,0.3026323339980643,1.009250521659851,0.0090997051447629,0.3046965003013611,1.0,0.25,0.3,1.0,0.0,0.3,90.0,0.7211960554122925,-0.4959072470664978,4.672789573669434,1.0202565655073919,0.01899754767722317,0.3006083246178458,1.018780564961239,0.018873358897958464,0.3007730696976855,0.14009553287178272,-0.0361901801079511,0.3648108839988708
E2_horizontal,E2_horizontal|QR_dynamic_hor_Light_0p3_0p05_NoWind_test1,E2_horizontal|QR_dynamic_hor_Light_0p3_0p05_NoWind_test1|segment3,1752508782.5,1.0132456889548151,0.0318876032637111,0.3025845598077561,1.0086590051651,0.0116154225543141,0.3065617084503174,1.0,0.25,0.3,1.0,0.0,0.3,90.0,1.588795781135559,0.6306158304214478,7.853209495544434,1.0429841867105534,0.03578937659911535,0.30461674673038575,1.0416170644497378,0.03552411751914761,0.3048230297512895,0.14009553287178272,-0.0361901801079511,0.3648108839988708
E2_horizontal,E2_horizontal|QR_dynamic_hor_Light_0p3_0p05_NoWind_test1,E2_horizontal|QR_dynamic_hor_Light_0p3_0p05_NoWind_test1|segment3,1752508782.58,1.0143480041118205,0.039857650635181,0.3047003386318019,1.0084164142608645,0.0110527407377958,0.3027503490447998,1.0,0.25,0.3,1.0,0.0,0.3,90.0,1.2761576175689695,-0.1388251036405563,7.8807477951049805,1.0431270123779155,0.043813565304750474,0.3038704460762034,1.041805173571766,0.0435452354057497,0.30406485433678343,0.14009553287178272,-0.0361901801079511,0.3648108839988708
E2_horizontal,E2_horizontal|QR_dynamic_hor_Light_0p3_0p05_NoWind_test1,E2_horizontal|QR_dynamic_hor_Light_0p3_0p05_NoWind_test1|segment3,1752508782.75,1.005162259460836,0.0379861446963954,0.302022231509333,1.0052510499954224,0.0071284123696386,0.291630208492279,1.0,0.25,0.3,1.0,0.0,0.3,90.0,0.3280918896198272,1.1674425601959229,6.080435752868652,1.0275931555848825,0.03981105791062042,0.30631185962550134,1.0262488748972007,0.03964355409636272,0.30646339052953975,0.14009553287178272,-0.0361901801079511,0.3648108839988708
E2_horizontal,E2_horizontal|QR_dynamic_hor_Light_0p3_0p05_NoWind_test1,E2_horizontal|QR_dynamic_hor_Light_0p3_0p05_NoWind_test1|segment3,1752508782.87,0.9983317013283122,0.0308665741175552,0.296631957092852,1.0001901388168335,0.0034657656215131,0.2888789474964142,1.0,0.25,0.3,1.0,0.0,0.3,90.0,0.24733938276767733,-0.0688110142946243,4.687671184539796,1.0162309351979777,0.031466229678307533,0.29637601820588205,1.0148477981866348,0.031365673773230296,0.29651294438893305,0.14009553287178272,-0.0361901801079511,0.3648108839988708
E2_horizontal,E2_horizontal|QR_dynamic_hor_Light_0p3_0p05_NoWind_test1,E2_horizontal|QR_dynamic_hor_Light_0p3_0p05_NoWind_test1|segment3,1752508782.95,0.9919337396324864,0.0235862027961421,0.2903602087174228,0.9965476989746094,0.0004468433035071,0.2907200753688812,1.0,0.25,0.3,1.0,0.0,0.3,90.0,-0.4260063767433166,-1.4121570587158203,4.090702056884766,1.008155404514837,0.02389975704613531,0.28472363885080626,1.0067366133021833,0.023845606719809204,0.28483404675454005,0.14009553287178272,-0.0361901801079511,0.3648108839988708
E2_horizontal,E2_horizontal|QR_dynamic_hor_Light_0p3_0p05_NoWind_test1,E2_horizontal|QR_dynamic_hor_Light_0p3_0p05_NoWind_test1|segment3,1752508783.07,0.9800835373628374,0.0184374716137275,0.2902104810807761,0.9941610097885132,-0.0006642359076067,0.2960538268089294,1.0,0.25,0.3,1.0,0.0,0.3,90.0,-1.275859832763672,-0.789364755153656,3.1066336631774907,0.9928759594702802,0.017873173003219195,0.2865802774906446,0.9914192776396884,0.017918802433811692,0.28664359115219534,0.14009553287178272,-0.0361901801079511,0.3648108839988708
E2_horizontal,E2_horizontal|QR_dynamic_hor_Light_0p3_0p05_NoWind_test1,E2_horizontal|QR_dynamic_hor_Light_0p3_0p05_NoWind_test1|segment3,1752508783.23,0.978628738092211,0.0150494979897688,0.2984771637030767,0.9900444149971008,0.0027653046417981,0.3037881553173065,1.0,0.25,0.3,1.0,0.0,0.3,90.0,-0.0159975886344909,-0.699486255645752,2.309640884399414,0.9881135542445361,0.01441526515169797,0.295603026661914,0.9866170547469943,0.014493807293085442,0.2956967182491862,0.14009553287178272,-0.0361901801079511,0.3648108839988708
E2_horizontal,E2_horizontal|QR_dynamic_hor_Light_0p3_0p05_NoWind_test1,E2_horizontal|QR_dynamic_hor_Light_0p3_0p05_NoWind_test1|segment3,1752508783.37,0.9765968172770764,0.0160251033100153,0.3001606830988468,0.98818176984787,0.0071885017678141,0.3077365458011627,1.0,0.25,0.3,1.0,0.0,0.3,90.0,0.11726593971252439,-0.2916856706142425,2.375676155090332,0.9863158361605019,0.015258087868588455,0.2990174468908717,0.9848209883538662,0.015349644819797725,0.2991081026060744,0.14009553287178272,-0.0361901801079511,0.3648108839988708
E2_horizontal,E2_horizontal|QR_dynamic_hor_Light_0p3_0p05_NoWind_test1,E2_horizontal|QR_dynamic_hor_Light_0p3_0p05_NoWind_test1|segment3,1752508783.45,0.969559804514547,0.0207008008246116,0.3052534394957958,0.9876199960708618,0.00933931581676,0.3089838325977325,1.0,0.25,0.3,1.0,0.0,0.3,90.0,1.8672916889190676,-1.54090416431427,2.770951271057129,0.9808717258504195,0.019421530751826205,0.3000742794083099,0.9793943350773787,0.01954892994418625,0.3001943024191971,0.14009553287178272,-0.0361901801079511,0.3648108839988708
E2_horizontal,E2_horizontal|QR_dynamic_hor_Light_0p3_0p05_NoWind_test1,E2_horizontal|QR_dynamic_hor_Light_0p3_0p05_NoWind_test1|segment3,1752508783.58,0.983725766027485,0.0238138513803942,0.3034178124221255,0.9882129728794098,0.0121627580374479,0.3083491325378417,1.0,0.25,0.3,1.0,0.0,0.3,90.0,1.3195527791976929,0.0576925575733184,2.8857462406158447,0.9952163473120476,0.023289464675589844,0.30401942786921354,0.9937668154484423,0.023327078682304103,0.3041521214051663,0.14009553287178272,-0.0361901801079511,0.3648108839988708
E2_horizontal,E2_horizontal|QR_dynamic_hor_Light_0p3_0p05_NoWind_test1,E2_horizontal|QR_dynamic_hor_Light_0p3_0p05_NoWind_test1|segment3,1752508783.73,0.986026542734012,0.0239980611559824,0.303385504148118,0.9910372495651244,0.0098689049482345,0.3083917498588562,1.0,0.25,0.3,1.0,0.0,0.3,90.0,1.1332987546920776,-0.3024219274520874,2.3992040157318115,0.9955699433438491,0.023597973221281987,0.3024682739046411,0.9941223153241333,0.023632431743710824,0.30260237817038693,0.14009553287178272,-0.0361901801079511,0.3648108839988708
E2_horizontal,E2_horizontal|QR_dynamic_hor_Light_0p3_0p05_NoWind_test1,E2_horizontal|QR_dynamic_hor_Light_0p3_0p05_NoWind_test1|segment3,1752508783.81,0.98268840831964,0.0205245573115698,0.3052673971208703,0.9930861592292786,0.0058595999144017,0.3086791932582855,1.0,0.25,0.3,1.0,0.0,0.3,90.0,0.24045573174953463,0.131068080663681,1.666614651679993,0.9893916281517946,0.02013160172552661,0.305864929449342,0.987915312028458,0.020207186141629335,0.30596979829392357,0.14009553287178272,-0.0361901801079511,0.3648108839988708
E2_horizontal,E2_horizontal|QR_dynamic_hor_Light_0p3_0p05_NoWind_test1,E2_horizontal|QR_dynamic_hor_Light_0p3_0p05_NoWind_test1|segment3,1752508783.99,0.9807223096222848,0.012837086135059,0.3103284739563362,0.9946912527084352,0.0023133920039981,0.3106380105018616,1.0,0.25,0.3,1.0,0.0,0.3,90.0,0.4817548394203186,-0.0754913538694381,0.6568689942359925,0.9835301522127762,0.012619055569044968,0.3101777093890872,0.9819943931205601,0.012735431102692263,0.31028965015697674,0.14009553287178272,-0.0361901801079511,0.3648108839988708
E2_horizontal,E2_horizontal|QR_dynamic_hor_Light_0p3_0p05_NoWind_test1,E2_horizontal|QR_dynamic_hor_Light_0p3_0p05_NoWind_test1|segment3,1752508784.1,0.985570598044462,0.0084007741950739,0.3074277264607757,0.9951732754707336,0.0015482491580769,0.3072468638420105,1.0,0.25,0.3,1.0,0.0,0.3,90.0,-0.7987541556358337,-0.46721997857093817,0.7921363115310669,0.9888106430746945,0.008172080578484814,0.3052555066900846,0.9872514854595201,0.008251291842066771,0.3053480979508449,0.14009553287178272,-0.0361901801079511,0.3648108839988708
E2_horizontal,E2_horizontal|QR_dynamic_hor_Light_0p3_0p05_NoWind_test1,E2_horizontal|QR_dynamic_hor_Light_0p3_0p05_NoWind_test1|segment3,1752508784.23,0.98477675310129,0.0075056356600621,0.3046211360082883,0.9943016171455384,0.0012299011577851,0.3013107478618622,1.0,0.25,0.3,1.0,0.0,0.3,90.0,-0.5786334276199341,0.4437528550624847,0.9514511823654177,0.9887589366852699,0.007327387457549017,0.30634511608659865,0.9872010430989493,0.007407083337839154,0.30644068073790626,0.14009553287178272,-0.0361901801079511,0.3648108839988708
E2_horizontal,E2_horizontal|QR_dynamic_hor_Light_0p3_0p05_NoWind_test1,E2_horizontal|QR_dynamic_hor_Light_0p3_0p05_NoWind_test1|segment3,1752508784.31,0.9782672907828044,0.008045098597352,0.3032561012976412,0.993499755859375,0.0005577233969233,0.3018735945224762,1.0,0.25,0.3,1.0,0.0,0.3,90.0,-0.5514467358589172,-0.037707932293415,0.1688045561313629,0.9789499048535807,0.00798007784748439,0.30288754808821966,0.9774002549521456,0.00812084351510109,0.30296855861834665,0.14009553287178272,-0.0361901801079511,0.3648108839988708
E2_horizontal,E2_horizontal|QR_dynamic_hor_Light_0p3_0p05_NoWind_test1,E2_horizontal|QR_dynamic_hor_Light_0p3_0p05_NoWind_test1|segment3,1752508784.43,0.9838173282160424,0.0039490700917229,0.3010956131313073,0.9919072985649108,0.000847436953336,0.3016356527805328,1.0,0.25,0.3,1.0,0.0,0.3,90.0,0.3600607812404632,-0.8499196171760559,-0.5381985902786255,0.9815141284645827,0.004121174914724496,0.2975473950197362,0.9799466261790291,0.004242850838248768,0.2976707990181577,0.14009553287178272,-0.0361901801079511,0.3648108839988708
E2_horizontal,E2_horizontal|QR_dynamic_hor_Light_0p3_0p05_NoWind_test1,E2_horizontal|QR_dynamic_hor_Light_0p3_0p05_NoWind_test1|segment3,1752508784.6,0.981001627984072,0.0044636652507636,0.3008190450071801,0.9896188974380492,-0.0002567776828072,0.3003388941287994,1.0,0.25,0.3,1.0,0.0,0.3,90.0,-0.0990077853202819,-0.5795696377754211,0.3087456226348877,0.9823235895277953,0.004369456854375203,0.29830251866816115,0.9807574660134329,0.0044864888985794715,0.2984058204314089,0.14009553287178272,-0.0361901801079511,0.3648108839988708
E2_horizontal,E2_horizontal|QR_dynamic_hor_Light_0p3_0p05_NoWind_test1,E2_horizontal|QR_dynamic_hor_Light_0p3_0p05_NoWind_test1|segment3,1752508784.69,0.9714142727298802,0.0069509322882044,0.2947555654197413,0.988033413887024,0.0003251444140914,0.2994674742221832,1.0,0.25,0.3,1.0,0.0,0.3,90.0,-0.0540978908538818,-0.5774891972541809,1.1540143489837646,0.9763187209200718,0.00649007601839377,0.2922791738258008,0.9747808725585503,0.006642007117682758,0.2923593112494203,0.14009553287178272,-0.0361901801079511,0.3648108839988708
E2_horizontal,E2_horizontal|QR_dynamic_hor_Light_0p3_0p05_NoWind_test1,E2_horizontal|QR_dynamic_hor_Light_0p3_0p05_NoWind_test1|segment3,1752508784.81,0.9673492573391448,0.0095247918877199,0.2928250508507877,0.9873594045639038,0.0028174554463475,0.2960246503353119,1.0,0.25,0.3,1.0,0.0,0.3,90.0,-0.532783567905426,-0.6886965036392212,0.7260839939117432,0.9704659977088796,0.009238456834437303,0.2896318444529133,0.9689497244862816,0.009426872998898689,0.28968847423134025,0.14009553287178272,-0.0361901801079511,0.3648108839988708
E2_horizontal,E2_horizontal|QR_dynamic_hor_Light_0p3_0p05_NoWind_test1,E2_horizontal|QR_dynamic_hor_Light_0p3_0p05_NoWind_test1|segment3,1752508784.96,0.9704066623318016,0.0089225903004482,0.2957584418109052,0.9890279173851012,0.0036170200910419,0.2965216934680938,1.0,0.25,0.3,1.0,0.0,0.3,90.0,-0.4625073969364166,-1.4213584661483765,-0.3100183308124542,0.9691388754525972,0.009271359874084312,0.2895411887645819,0.967615082487599,0.009468647425182636,0.2896096456314078,0.14009553287178272,-0.0361901801079511,0.3648108839988708
E2_horizontal,E2_horizontal|QR_dynamic_hor_Light_0p3_0p05_NoWind_test1,E2_horizontal|QR_dynamic_hor_Light_0p3_0p05_NoWind_test1|segment3,1752508785.1,0.9722623964453476,0.0065798757850542,0.2904977818569397,0.9951224327087402,0.0052343760617077,0.2966172695159912,1.0,0.25,0.3,1.0,0.0,0.3,90.0,0.7729493975639343,-0.9178869724273683,-1.1687161922454834,0.9671812241579012,0.007376239750453539,0.2869745407754779,0.9656599607228413,0.007581233159522582,0.2870799822214346,0.14009553287178272,-0.0361901801079511,0.3648108839988708
E2_horizontal,E2_horizontal|QR_dynamic_hor_Light_0p3_0p05_NoWind_test1,E2_horizontal|QR_dynamic_hor_Light_0p3_0p05_NoWind_test1|segment3,1752508785.23,0.9832215694233484,0.0041582713943803,0.2926876347836381,1.0023953318595886,0.0044574970379471,0.2939587086439132,1.0,0.25,0.3,1.0,0.0,0.3,90.0,1.5628583431243896,-0.48126485943794245,-0.4739272594451904,0.9809960254061855,0.004373286570728135,0.2910832438048272,0.9794531350587545,0.004492011149948044,0.29123668479620246,0.14009553287178272,-0.0361901801079511,0.3648108839988708
E2_horizontal,E2_horizontal|QR_dynamic_hor_Light_0p3_0p05_NoWind_test1,E2_horizontal|QR_dynamic_hor_Light_0p3_0p05_NoWind_test1|segment3,1752508785.34,0.993766991322868,0.0063523471731454,0.2921582504364138,1.0095839500427246,0.0009449124336242,0.291928082704544,1.0,0.25,0.3,1.0,0.0,0.3,90.0,0.1378368288278579,0.6241255402565002,0.3646119832992553,0.9952992066967253,0.006246697500305404,0.29482774476316803,0.9937669207443828,0.006278174514467383,0.29496584998083636,0.14009553287178272,-0.0361901801079511,0.3648108839988708
E2_horizontal,E2_horizontal|QR_dynamic_hor_Light_0p3_0p05_NoWind_test1,E2_horizontal|QR_dynamic_hor_Light_0p3_0p05_NoWind_test1|segment3,1752508785.42,0.9974805965958482,0.0051902712595564,0.2940109017620905,1.0146918296813965,-0.0022895168513059,0.2906211614608764,1.0,0.25,0.3,1.0,0.0,0.3,90.0,-0.4854268431663513,2.1729676723480225,0.0872393250465393,0.9979042600754265,0.005134949097982622,0.30327638491431663,0.9963586570936256,0.00515484176077724,0.30340721085844724,0.14009553287178272,-0.0361901801079511,0.3648108839988708
E2_horizontal,E2_horizontal|QR_dynamic_hor_Light_0p3_0p05_NoWind_test1,E2_horizontal|QR_dynamic_hor_Light_0p3_0p05_NoWind_test1|segment3,1752508785.58,0.9984409707998848,-0.0025613834212526,0.303796512945278,1.015139102935791,-0.0042504649609327,0.2922492325305938,1.0,0.25,0.3,1.0,0.0,0.3,90.0,-1.2935011386871338,1.870955228805542,-2.1493735313415527,0.9888942008762076,-0.0020647916390948984,0.3120041042984942,0.9872754068313035,-0.0019827749999464794,0.312118676093739,0.14009553287178272,-0.0361901801079511,0.3648108839988708
E2_horizontal,E2_horizontal|QR_dynamic_hor_Light_0p3_0p05_NoWind_test1,E2_horizontal|QR_dynamic_hor_Light_0p3_0p05_NoWind_test1|segment3,1752508785.71,0.9968040107282312,-0.0095414248611659,0.2996146719364876,1.0102416276931765,-0.0020848417188972,0.2971907258033752,1.0,0.25,0.3,1.0,0.0,0.3,90.0,-0.5828810334205627,-0.2070732712745666,-2.324026346206665,0.9862862416163971,-0.00919530976990035,0.2986441724344226,0.9846352433274349,-0.009103355277507497,0.2987795163103973,0.14009553287178272,-0.0361901801079511,0.3648108839988708
E2_horizontal,E2_horizontal|QR_dynamic_hor_Light_0p3_0p05_NoWind_test1,E2_horizontal|QR_dynamic_hor_Light_0p3_0p05_NoWind_test1|segment3,1752508785.83,0.9982517776688028,-0.0059521789316982,0.2956527137370972,1.005449295043945,0.0040841475129127,0.2990196049213409,1.0,0.25,0.3,1.0,0.0,0.3,90.0,1.1323732137680054,-0.2615365386009216,-0.9761823415756224,0.9938062545401148,-0.005861443463163807,0.2945198225230057,0.9921906595817743,-0.005821134979009601,0.29470526871894537,0.14009553287178272,-0.0361901801079511,0.3648108839988708
E2_horizontal,E2_horizontal|QR_dynamic_hor_Light_0p3_0p05_NoWind_test1,E2_horizontal|QR_dynamic_hor_Light_0p3_0p05_NoWind_test1|segment3,1752508785.96,0.9951421077611692,0.0033735932774636,0.2992357926061929,1.0012199878692627,0.0080153048038482,0.2991055250167846,1.0,0.25,0.3,1.0,0.0,0.3,90.0,0.48914369940757757,-0.769436240196228,0.6387485265731812,0.9978851064219771,0.0033666337268184188,0.2959654630095773,0.9963173922593106,0.0033825906333901368,0.2961193531022562,0.14009553287178272,-0.0361901801079511,0.3648108839988708
E2_horizontal,E2_horizontal|QR_dynamic_hor_Light_0p3_0p05_NoWind_test1,E2_horizontal|QR_dynamic_hor_Light_0p3_0p05_NoWind_test1|segment3,1752508786.1,0.98840166070917,0.0121601628597717,0.2953853785851101,0.9969298839569092,0.0114320470020174,0.3009145855903625,1.0,0.25,0.3,1.0,0.0,0.3,90.0,0.7033541202545166,-1.0810720920562744,1.982412099838257,0.9965760053381667,0.012025996024062097,0.2910415387362383,0.9950727733420662,0.012047219189829816,0.29117951939139786,0.14009553287178272,-0.0361901801079511,0.3648108839988708
E2_horizontal,E2_horizontal|QR_dynamic_hor_Light_0p3_0p05_NoWind_test1,E2_horizontal|QR_dynamic_hor_Light_0p3_0p05_NoWind_test1|segment3,1752508786.21,0.984992532529495,0.0193436493292386,0.2959253247360102,0.9958482384681702,0.0105439973995089,0.3041380047798157,1.0,0.25,0.3,1.0,0.0,0.3,90.0,0.7294254302978516,-1.0352697968482971,2.8586422204971313,0.9964585356292648,0.01898737567553474,0.29194986981640814,0.99499839479363,0.01901003074124402,0.29207553091134475,0.14009553287178272,-0.0361901801079511,0.3648108839988708
E2_horizontal,E2_horizontal|QR_dynamic_hor_Light_0p3_0p05_NoWind_test1,E2_horizontal|QR_dynamic_hor_Light_0p3_0p05_NoWind_test1|segment3,1752508786.28,0.9894520967039222,0.0245685942431161,0.2985849470946027,0.9980610013008118,0.0124460612423717,0.3043544292449951,1.0,0.25,0.3,1.0,0.0,0.3,90.0,-0.2963897883892059,-0.9838215708732604,2.652945041656494,0.9999024853659161,0.02438073303925925,0.2946599431475459,0.9984682742023767,0.024383407925224837,0.29476678522906796,0.14009553287178272,-0.0361901801079511,0.3648108839988708
E2_horizontal,E2_horizontal|QR_dynamic_hor_Light_0p3_0p05_NoWind_test1,E2_horizontal|QR_dynamic_hor_Light_0p3_0p05_NoWind_test1|segment3,1752508786.41,0.9836999604717732,0.0232232279522694,0.299834533594808,0.9982678294181824,0.0140907578170299,0.3020984232425689,1.0,0.25,0.3,1.0,0.0,0.3,90.0,1.9291627407073972,-0.0224010255187749,1.0778791904449463,0.9879725106987303,0.022956665658218883,0.300294686639347,0.9865314319008412,0.023037834901764698,0.300443052390894,0.14009553287178272,-0.0361901801079511,0.3648108839988708
E2_horizontal,E2_horizontal|QR_dynamic_hor_Light_0p3_0p05_NoWind_test1,E2_horizontal|QR_dynamic_hor_Light_0p3_0p05_NoWind_test1|segment3,1752508786.58,0.995698980332966,0.016537714167319,0.3005144444601348,1.0011858940124512,0.007362337782979,0.3016963899135589,1.0,0.25,0.3,1.0,0.0,0.3,90.0,0.9964582920074464,1.4651139974594116,-0.5269993543624878,0.9935622729703378,0.01667844502169788,0.30655819965370923,0.9920772214676047,0.01672865366915291,0.3067164641605409,0.14009553287178272,-0.0361901801079511,0.3648108839988708
E2_horizontal,E2_horizontal|QR_dynamic_hor_Light_0p3_0p05_NoWind_test1,E2_horizontal|QR_dynamic_hor_Light_0p3_0p05_NoWind_test1|segment3,1752508786.66,0.9841050591915576,0.0089662457312826,0.3058548479687085,1.0003807544708252,0.0023890796583145,0.3025487661361694,1.0,0.25,0.3,1.0,0.0,0.3,90.0,-0.6695339679718018,0.3528289496898651,-0.8364098072052002,0.9805214947165498,0.009264412409969836,0.30715288644664046,0.9789730955491127,0.009397427267868491,0.30724364333782556,0.14009553287178272,-0.0361901801079511,0.3648108839988708
E2_horizontal,E2_horizontal|QR_dynamic_hor_Light_0p3_0p05_NoWind_test1,E2_horizontal|QR_dynamic_hor_Light_0p3_0p05_NoWind_test1|segment3,1752508786.78,0.9847079410891348,0.0028332433262361,0.3025235664549517,0.997361183166504,-0.0015802301932126,0.3031715750694275,1.0,0.25,0.3,1.0,0.0,0.3,90.0,-0.4540989398956299,0.24458836764097214,-0.6728337407112122,0.9817871705259522,0.0030425940353740744,0.3034573891574053,0.9802077167746295,0.003165605145538153,0.30355922738412283,0.14009553287178272,-0.0361901801079511,0.3648108839988708
E2_horizontal,E2_horizontal|QR_dynamic_hor_Light_0p3_0p05_NoWind_test1,E2_horizontal|QR_dynamic_hor_Light_0p3_0p05_NoWind_test1|segment3,1752508786.9,0.979822019961974,0.0011331074600186,0.3016113333862258,0.9943152964115144,-0.0047476706095039,0.3029018938541412,1.0,0.25,0.3,1.0,0.0,0.3,90.0,-0.0016782759921625,-0.2218008339405059,0.11928994208574291,0.9803401666621373,0.0010872655072139137,0.300647330405929,0.9787514752972597,0.0012181424898917714,0.30075169673435237,0.14009553287178272,-0.0361901801079511,0.3648108839988708
E2_horizontal,E2_horizontal|QR_dynamic_hor_Light_0p3_0p05_NoWind_test1,E2_horizontal|QR_dynamic_hor_Light_0p3_0p05_NoWind_test1|segment3,1752508787.03,0.9739577017574512,0.000964144987136,0.2932486025843745,0.9928532838821412,-0.009927574545145,0.3011744916439056,1.0,0.25,0.3,1.0,0.0,0.3,90.0,0.8368632793426514,-1.353634476661682,0.6716015934944153,0.9767801356982896,0.0008948475418898705,0.28774844224444707,0.9752108945776666,0.0010404055265485768,0.2878649137299794,0.14009553287178272,-0.0361901801079511,0.3648108839988708
E2_horizontal,E2_horizontal|QR_dynamic_hor_Light_0p3_0p05_NoWind_test1,E2_horizontal|QR_dynamic_hor_Light_0p3_0p05_NoWind_test1|segment3,1752508787.15,0.977688968490849,-0.0028259849212873,0.2960201788835833,0.9950469732284546,-0.0150209637358784,0.3002549707889557,1.0,0.25,0.3,1.0,0.0,0.3,90.0,-1.0666441917419434,-0.4078678786754608,-0.15540073812007904,0.9770813768579235,-0.002727065175857968,0.2938058902650103,0.975480262926521,-0.002578515214810284,0.29387824369406557,0.14009553287178272,-0.0361901801079511,0.3648108839988708
E2_horizontal,E2_horizontal|QR_dynamic_hor_Light_0p3_0p05_NoWind_test1,E2_horizontal|QR_dynamic_hor_Light_0p3_0p05_NoWind_test1|segment3,1752508787.32,0.9817532467919674,-0.0122298548764871,0.2985539786571069,1.0011307001113892,-0.0191620476543903,0.3007695972919464,1.0,0.25,0.3,1.0,0.0,0.3,90.0,-0.7784174084663391,0.9761762619018556,-1.639735460281372,0.974278627317702,-0.011591757790839652,0.3027739884894186,0.9726152880602168,-0.011421870871913875,0.30286613864038386,0.14009553287178272,-0.0361901801079511,0.3648108839988708
E2_horizontal,E2_horizontal|QR_dynamic_hor_Light_0p3_0p05_NoWind_test1,E2_horizontal|QR_dynamic_hor_Light_0p3_0p05_NoWind_test1|segment3,1752508787.45,0.9856030549974606,-0.01759713471315,0.3042667892337421,1.0048725605010986,-0.0183598212897777,0.3009679615497589,1.0,0.25,0.3,1.0,0.0,0.3,90.0,-1.0783833265304563,1.11177396774292,-2.437771797180176,0.9741617832041124,-0.016611513290060775,0.30918648771030144,0.9724512016958391,-0.016436888267232552,0.3092818265944768,0.14009553287178272,-0.0361901801079511,0.3648108839988708
E2_horizontal,E2_horizontal|QR_dynamic_hor_Light_0p3_0p05_NoWind_test1,E2_horizontal|QR_dynamic_hor_Light_0p3_0p05_NoWind_test1|segment3,1752508787.56,0.985272452317264,-0.0209374722978823,0.305147917072364,1.0074231624603271,-0.0193634033203125,0.3046959340572357,1.0,0.25,0.3,1.0,0.0,0.3,90.0,-0.5725805163383484,1.184992790222168,-3.089995145797729,0.9706471918543397,-0.01958581968530987,0.31060255085630833,0.9689164077322864,-0.01938734028484035,0.3107138598129289,0.14009553287178272,-0.0361901801079511,0.3648108839988708
E2_horizontal,E2_horizontal|QR_dynamic_hor_Light_0p3_0p05_NoWind_test1,E2_horizontal|QR_dynamic_hor_Light_0p3_0p05_NoWind_test1|segment3,1752508787.68,0.991437441595657,-0.0218373816169424,0.3078647890321017,1.005411982536316,-0.0169068370014429,0.3079474866390228,1.0,0.25,0.3,1.0,0.0,0.3,90.0,-0.6588487029075623,1.3454084396362305,-3.251502990722656,0.9759577550125819,-0.020652150520968637,0.3141463151259368,0.9742125996761146,-0.02048489861661973,0.31427108833253525,0.14009553287178272,-0.0361901801079511,0.3648108839988708
E2_vertical,E2_vertical|dynamicperf_v3_2|QR_dynamic_Dim_1p2_0p05_NoWind_test1,E2_vertical|dynamicperf_v3_2|QR_dynamic_Dim_1p2_0p05_NoWind_test1|segment1,1751896371.77,1.0057660099266188,0.0037473255442852,0.9195614106832156,1.0128861665725708,0.0206803418695926,0.919183909893036,1.25,0.0,0.9,1.0,0.0,0.9,0.0,1.0679386854171753,-1.273407220840454,-9.111160278320312,1.009011934419009,0.04207348735162877,0.9141953180105644,1.0094108923952578,0.04438601168985737,0.9139174858375498,0.0030998283182270504,0.0754880160093307,0.5489713549613953
E2_vertical,E2_vertical|dynamicperf_v3_2|QR_dynamic_Dim_1p2_0p05_NoWind_test1,E2_vertical|dynamicperf_v3_2|QR_dynamic_Dim_1p2_0p05_NoWind_test1|segment1,1751896371.86,1.001090461007319,-0.0040288867083936,0.9001604926721459,1.0145269632339478,0.0201723966747522,0.9142042994499208,1.25,0.0,0.9,1.0,0.0,0.9,0.0,0.6465857028961182,-0.9422887861728669,-10.011203289031982,1.0042110431034874,0.039296022247427564,0.8960216095201927,1.0046043948435814,0.04165209475870373,0.8957202500443392,0.0030998283182270504,0.0754880160093307,0.5489713549613953
E2_vertical,E2_vertical|dynamicperf_v3_2|QR_dynamic_Dim_1p2_0p05_NoWind_test1,E2_vertical|dynamicperf_v3_2|QR_dynamic_Dim_1p2_0p05_NoWind_test1|segment1,1751896372.02,1.0008244399558863,-0.005425685984177,0.9053343758201232,1.0181081295013428,0.0222461465746164,0.9174857139587402,1.25,0.0,0.9,1.0,0.0,0.9,0.0,0.7184072881937027,-0.039720818400382996,-9.734742164611816,1.0034800991636743,0.03671990374412977,0.9050931834599657,1.0038380567368426,0.03908528730786751,0.9047949308706636,0.0030998283182270504,0.0754880160093307,0.5489713549613953
E2_vertical,E2_vertical|dynamicperf_v3_2|QR_dynamic_Dim_1p2_0p05_NoWind_test1,E2_vertical|dynamicperf_v3_2|QR_dynamic_Dim_1p2_0p05_NoWind_test1|segment1,1751896372.15,1.0075690778045403,-0.0042864086800982,0.9075453972714032,1.019942045211792,0.0202640946954488,0.921049177646637,1.25,0.0,0.9,1.0,0.0,0.9,0.0,0.23423728346824646,1.1762349009513855,-8.222105741500854,1.0096470845291474,0.03036799061099966,0.9125027807630391,1.0099339844797004,0.03267533335642543,0.9121938155698265,0.0030998283182270504,0.0754880160093307,0.5489713549613953
E2_vertical,E2_vertical|dynamicperf_v3_2|QR_dynamic_Dim_1p2_0p05_NoWind_test1,E2_vertical|dynamicperf_v3_2|QR_dynamic_Dim_1p2_0p05_NoWind_test1|segment1,1751896372.34,1.01064575472388,0.0029447133200259,0.909818974126905,1.017613649368286,0.0184763204306364,0.9275444149971008,1.25,0.0,0.9,1.0,0.0,0.9,0.0,-1.0672857761383057,1.46612811088562,-4.003393173217773,1.0117754576095088,0.01980720528927372,0.9158833353743028,1.0119524083490286,0.022087822461763638,0.9155245138156697,0.0030998283182270504,0.0754880160093307,0.5489713549613953
E2_vertical,E2_vertical|dynamicperf_v3_2|QR_dynamic_Dim_1p2_0p05_NoWind_test1,E2_vertical|dynamicperf_v3_2|QR_dynamic_Dim_1p2_0p05_NoWind_test1|segment1,1751896372.5,1.0062020598450392,0.0123324122943558,0.917200937896144,1.0152381658554075,0.0202713701874017,0.9307129383087158,1.25,0.0,0.9,1.0,0.0,0.9,0.0,0.083566315472126,1.1445064544677734,-1.4002374410629272,1.006968058795775,0.01825156815877858,0.9220851102681973,1.0071256461392275,0.020585107720694322,0.9217646010334777,0.0030998283182270504,0.0754880160093307,0.5489713549613953
E2_vertical,E2_vertical|dynamicperf_v3_2|QR_dynamic_Dim_1p2_0p05_NoWind_test1,E2_vertical|dynamicperf_v3_2|QR_dynamic_Dim_1p2_0p05_NoWind_test1|segment1,1751896372.57,1.0084919504909304,0.0235497351641801,0.918344043564114,1.013092875480652,0.022159406915307,0.9298674464225768,1.25,0.0,0.9,1.0,0.0,0.9,0.0,0.015384778380393996,0.8970419764518738,-1.000585913658142,1.0092567689273226,0.027753050752622948,0.9221290940815521,1.0095048905393602,0.030062989630567333,0.9218071299864873,0.0030998283182270504,0.0754880160093307,0.5489713549613953
E2_vertical,E2_vertical|dynamicperf_v3_2|QR_dynamic_Dim_1p2_0p05_NoWind_test1,E2_vertical|dynamicperf_v3_2|QR_dynamic_Dim_1p2_0p05_NoWind_test1|segment1,1751896372.72,1.006238806786934,0.0254707314917315,0.9108195037800314,1.006921648979187,0.022798478603363,0.9229641556739808,1.25,0.0,0.9,1.0,0.0,0.9,0.0,3.465559959411621,0.9776896834373473,-3.361992597579956,1.0083565683518074,0.0390082447063176,0.9164969066083632,1.008732049737892,0.04134037981633566,0.9163122136569445,0.0030998283182270504,0.0754880160093307,0.5489713549613953
E2_vertical,E2_vertical|dynamicperf_v3_2|QR_dynamic_Dim_1p2_0p05_NoWind_test1,E2_vertical|dynamicperf_v3_2|QR_dynamic_Dim_1p2_0p05_NoWind_test1|segment1,1751896372.86,1.0016727727758807,0.0090685110235274,0.9054199873604188,0.9967491030693054,0.0124497916549444,0.91334730386734,1.25,0.0,0.9,1.0,0.0,0.9,0.0,2.5843100547790527,-2.063823699951172,-6.857487678527832,1.0044534700483005,0.03840797118240591,0.8968766501443174,1.0048375305955974,0.04077050492051144,0.8966600209503262,0.0030998283182270504,0.0754880160093307,0.5489713549613953
E2_vertical,E2_vertical|dynamicperf_v3_2|QR_dynamic_Dim_1p2_0p05_NoWind_test1,E2_vertical|dynamicperf_v3_2|QR_dynamic_Dim_1p2_0p05_NoWind_test1|segment1,1751896373.05,0.98921525398052,-0.0101586967707355,0.9001557665283685,0.9897233843803406,-0.0172983966767787,0.9172292947769164,1.25,0.0,0.9,1.0,0.0,0.9,0.0,-0.5355750918388367,-1.887700200080872,-2.985133409500122,0.989173269484243,0.003430890182501661,0.8916601690213732,0.9892301229184184,0.005927088386118852,0.8912909260046923,0.0030998283182270504,0.0754880160093307,0.5489713549613953
E2_vertical,E2_vertical|dynamicperf_v3_2|QR_dynamic_Dim_1p2_0p05_NoWind_test1,E2_vertical|dynamicperf_v3_2|QR_dynamic_Dim_1p2_0p05_NoWind_test1|segment1,1751896373.19,0.9843568075275496,-0.0160436532906973,0.8969310000450587,0.9859408140182496,-0.0414227992296218,0.9249903559684752,1.25,0.0,0.9,1.0,0.0,0.9,0.0,-3.537324905395508,-0.23459480702877042,0.48134565353393555,0.9845130131549378,-0.01843343875574706,0.8968390776411443,0.9843566752155795,-0.015915338580338535,0.8963326748244971,0.0030998283182270504,0.0754880160093307,0.5489713549613953
E2_vertical,E2_vertical|dynamicperf_v3_2|QR_dynamic_Dim_1p2_0p05_NoWind_test1,E2_vertical|dynamicperf_v3_2|QR_dynamic_Dim_1p2_0p05_NoWind_test1|segment1,1751896373.33,0.9800976518192156,-0.0256081433658044,0.906906641999256,0.9820331335067748,-0.0549158491194248,0.9292782545089722,1.25,0.0,0.9,1.0,0.0,0.9,0.0,-4.567185878753662,-0.8204744458198547,0.9428419470787048,0.9804450891976968,-0.02941636236924403,0.9050580580438123,0.9801693475071893,-0.026869491403855528,0.9044950718406931,0.0030998283182270504,0.0754880160093307,0.5489713549613953
E2_vertical,E2_vertical|dynamicperf_v3_2|QR_dynamic_Dim_1p2_0p05_NoWind_test1,E2_vertical|dynamicperf_v3_2|QR_dynamic_Dim_1p2_0p05_NoWind_test1|segment1,1751896373.43,0.9802381896304824,-0.0354339065898064,0.9068499765662592,0.9841249585151672,-0.0554925203323364,0.927391529083252,1.25,0.0,0.9,1.0,0.0,0.9,0.0,-4.251621246337891,-2.2386043071746826,1.74961256980896,0.981263839365037,-0.0430536190475737,0.8989136744968591,0.9808716619534407,-0.040511153026679105,0.8983561053078531,0.0030998283182270504,0.0754880160093307,0.5489713549613953
E2_vertical,E2_vertical|dynamicperf_v3_2|QR_dynamic_Dim_1p2_0p05_NoWind_test1,E2_vertical|dynamicperf_v3_2|QR_dynamic_Dim_1p2_0p05_NoWind_test1|segment1,1751896373.62,0.985897898152348,-0.0268759842321483,0.9015945437699184,0.9975559115409852,-0.0387415029108524,0.9228352904319764,1.25,0.0,0.9,1.0,0.0,0.9,0.0,-1.2441282272338867,0.247673898935318,4.495652675628662,0.9888257319943603,-0.047452766986950334,0.903319327586865,0.9883797023025833,-0.0449564591416741,0.9029185463481799,0.0030998283182270504,0.0754880160093307,0.5489713549613953
E2_vertical,E2_vertical|dynamicperf_v3_2|QR_dynamic_Dim_1p2_0p05_NoWind_test1,E2_vertical|dynamicperf_v3_2|QR_dynamic_Dim_1p2_0p05_NoWind_test1|segment1,1751896373.86,1.0040528218259412,0.006466016436771,0.9105842301259504,1.0106395483016968,-0.0147731788456439,0.9089308381080629,1.25,0.0,0.9,1.0,0.0,0.9,0.0,2.341110944747925,2.865410566329956,1.8096312284469607,1.004834066284224,-0.0017146271306073225,0.923120872534931,1.0048073067215388,0.0006537245706974778,0.9228902938981132,0.0030998283182270504,0.0754880160093307,0.5489713549613953
E2_vertical,E2_vertical|dynamicperf_v3_2|QR_dynamic_Dim_1p2_0p05_NoWind_test1,E2_vertical|dynamicperf_v3_2|QR_dynamic_Dim_1p2_0p05_NoWind_test1|segment1,1751896374.0,1.0034242816391643,0.0013527472632489,0.8995137473710346,1.0070606470108032,-0.0097774881869554,0.8990868926048279,1.25,0.0,0.9,1.0,0.0,0.9,0.0,0.7334186434745789,0.3487091660499573,-1.145719051361084,1.003502461551513,0.006288894617169204,0.9010317922612227,1.003573111880528,0.008654309854491483,0.9007368749115333,0.0030998283182270504,0.0754880160093307,0.5489713549613953
E2_vertical,E2_vertical|dynamicperf_v3_2|QR_dynamic_Dim_1p2_0p05_NoWind_test1,E2_vertical|dynamicperf_v3_2|QR_dynamic_Dim_1p2_0p05_NoWind_test1|segment1,1751896374.14,0.99330916768263,-0.0038250604279728,0.8881681936340552,0.997917890548706,-0.0055763297714293,0.8967828750610352,1.25,0.0,0.9,1.0,0.0,0.9,0.0,-1.0440000295639038,-0.1444065123796463,-2.251473188400269,0.9933790442723591,0.006046148364227751,0.8875929336129386,0.9934673026526182,0.008496929996925102,0.8872100235634702,0.0030998283182270504,0.0754880160093307,0.5489713549613953
E2_vertical,E2_vertical|dynamicperf_v3_2|QR_dynamic_Dim_1p2_0p05_NoWind_test1,E2_vertical|dynamicperf_v3_2|QR_dynamic_Dim_1p2_0p05_NoWind_test1|segment1,1751896374.34,0.9880485738158448,-0.0030380482670227,0.8827258814911052,0.9872681498527528,0.0058328206650912,0.8991905450820923,1.25,0.0,0.9,1.0,0.0,0.9,0.0,-0.3432316780090332,-2.605048894882202,-4.297633647918701,0.9896017342309755,0.016418296423519652,0.8708562645757453,0.9898117954253829,0.018916464980224933,0.8704967774584852,0.0030998283182270504,0.0754880160093307,0.5489713549613953
E2_vertical,E2_vertical|dynamicperf_v3_2|QR_dynamic_Dim_1p2_0p05_NoWind_test1,E2_vertical|dynamicperf_v3_2|QR_dynamic_Dim_1p2_0p05_NoWind_test1|segment1,1751896374.44,0.9806582739216296,-0.0014180470610091,0.8773365309412209,0.9864320755004884,0.0126605816185474,0.8989270329475403,1.25,0.0,0.9,1.0,0.0,0.9,0.0,0.1895370781421661,-2.62858247756958,-6.193716049194336,0.9834008314840506,0.027581400279581787,0.8650034458932983,0.9837237164332309,0.030142111090367716,0.864658762854042,0.0030998283182270504,0.0754880160093307,0.5489713549613953
E2_vertical,E2_vertical|dynamicperf_v3_2|QR_dynamic_Dim_1p2_0p05_NoWind_test1,E2_vertical|dynamicperf_v3_2|QR_dynamic_Dim_1p2_0p05_NoWind_test1|segment1,1751896374.62,0.9742219727286074,-0.0051748060699969,0.8808468507268407,0.9974302649497986,0.0214449223130941,0.9012190699577332,1.25,0.0,0.9,1.0,0.0,0.9,0.0,2.0126781463623047,0.8248061537742615,-9.623197555541992,0.9771044512216142,0.04170733041795582,0.8846487747396482,0.9775327586462396,0.04432516481881269,0.8843787252920988,0.0030998283182270504,0.0754880160093307,0.5489713549613953
E2_vertical,E2_vertical|dynamicperf_v3_2|QR_dynamic_Dim_1p2_0p05_NoWind_test1,E2_vertical|dynamicperf_v3_2|QR_dynamic_Dim_1p2_0p05_NoWind_test1|segment1,1751896374.72,0.9822149917229248,-0.0078441498735044,0.8928372421268672,0.9996798634529114,0.0198560040444135,0.8990713357925415,1.25,0.0,0.9,1.0,0.0,0.9,0.0,1.889394998550415,-0.9421387314796447,-8.054239273071289,0.9839476993002936,0.029968601621419743,0.8881804122411159,0.9842603049804961,0.03252591656982179,0.8879117541481684,0.0030998283182270504,0.0754880160093307,0.5489713549613953
E2_vertical,E2_vertical|dynamicperf_v3_2|QR_dynamic_Dim_1p2_0p05_NoWind_test1,E2_vertical|dynamicperf_v3_2|QR_dynamic_Dim_1p2_0p05_NoWind_test1|segment1,1751896374.86,0.9946851821728304,-0.0024345939332748,0.8823027518876626,1.0087127685546875,0.0108700431883335,0.8954620957374573,1.25,0.0,0.9,1.0,0.0,0.9,0.0,0.6995002031326294,1.7984437942504887,-7.0813636779785165,0.9959319782991745,0.02932651571460618,0.8902957810432683,0.996236211207913,0.03175683417460754,0.8899890549106572,0.0030998283182270504,0.0754880160093307,0.5489713549613953
E2_vertical,E2_vertical|dynamicperf_v3_2|QR_dynamic_Dim_1p2_0p05_NoWind_test1,E2_vertical|dynamicperf_v3_2|QR_dynamic_Dim_1p2_0p05_NoWind_test1|segment1,1751896375.0,1.0043512934243275,-0.0100204440951589,0.8892662346160671,1.014814853668213,-0.0049044452607631,0.8946831226348877,1.25,0.0,0.9,1.0,0.0,0.9,0.0,4.446167945861816,2.970341205596924,-8.001903533935547,1.005206007935086,0.025163618250688836,0.9012664228909733,1.0054593509157115,0.027522778348449538,0.9011303445932065,0.0030998283182270504,0.0754880160093307,0.5489713549613953
E2_vertical,E2_vertical|dynamicperf_v3_2|QR_dynamic_Dim_1p2_0p05_NoWind_test1,E2_vertical|dynamicperf_v3_2|QR_dynamic_Dim_1p2_0p05_NoWind_test1|segment1,1751896375.13,1.0199019207070954,-0.0297832701268391,0.9011181288075776,1.011481523513794,-0.0293301120400428,0.894250214099884,1.25,0.0,0.9,1.0,0.0,0.9,0.0,-1.506185613582101,1.798981961502312,-8.35574873498696,1.0181933757302966,0.003984600094921871,0.9091231240554142,1.0182285043362884,0.006200344142404605,0.9087720588281344,0.0030998283182270504,0.0754880160093307,0.5489713549613953
E2_vertical,E2_vertical|dynamicperf_v3_2|QR_dynamic_Dim_1p2_0p05_NoWind_test1,E2_vertical|dynamicperf_v3_2|QR_dynamic_Dim_1p2_0p05_NoWind_test1|segment1,1751896375.3,1.0288889088789044,-0.0509647808893735,0.8834090516917278,1.0040090084075928,-0.0549044348299503,0.8936417102813721,1.25,0.0,0.9,1.0,0.0,0.9,0.0,-4.353348255157471,0.3648649454116821,-9.713594436645508,1.0231971203768384,-0.014011064924784034,0.8887338148450246,1.0230976896848896,-0.011871755788847515,0.8882873546204803,0.0030998283182270504,0.0754880160093307,0.5489713549613953
E2_vertical,E2_vertical|dynamicperf_v3_2|QR_dynamic_Dim_1p2_0p05_NoWind_test1,E2_vertical|dynamicperf_v3_2|QR_dynamic_Dim_1p2_0p05_NoWind_test1|segment1,1751896375.49,1.037409794815042,-0.0673285400901569,0.8831531784375658,1.0052461624145508,-0.0559130981564521,0.8940703868865967,1.25,0.0,0.9,1.0,0.0,0.9,0.0,-4.796036720275879,0.4381789267063141,-10.956477165222168,1.0281876555315494,-0.026832060744647893,0.8904675603534092,1.0279643218300571,-0.024742825683936275,0.8900253699417583,0.0030998283182270504,0.0754880160093307,0.5489713549613953
E2_vertical,E2_vertical|dynamicperf_v3_2|QR_dynamic_Dim_1p2_0p05_NoWind_test1,E2_vertical|dynamicperf_v3_2|QR_dynamic_Dim_1p2_0p05_NoWind_test1|segment1,1751896375.64,1.0398586083983132,-0.0691620568969507,0.8815429549376882,1.0088762044906616,-0.0333326458930969,0.887756884098053,1.25,0.0,0.9,1.0,0.0,0.9,0.0,-3.108295440673828,-1.2815165519714355,-11.17447280883789,1.0306385500903599,-0.02808184505600195,0.8806242067843946,1.0304176694524652,-0.02600186227186026,0.8802272824161397,0.0030998283182270504,0.0754880160093307,0.5489713549613953
E2_vertical,E2_vertical|dynamicperf_v3_2|QR_dynamic_Dim_1p2_0p05_NoWind_test1,E2_vertical|dynamicperf_v3_2|QR_dynamic_Dim_1p2_0p05_NoWind_test1|segment1,1751896375.74,1.0320272128726953,-0.0568817565462138,0.8741633355108632,1.0169975757598877,-0.0100690918043255,0.8854362964630127,1.25,0.0,0.9,1.0,0.0,0.9,0.0,-0.99108225107193,-0.24014180898666382,-9.89267921447754,1.0255248887246478,-0.019037654601390418,0.874237711418652,1.0253910096894028,-0.01689844605910011,0.8739146136660003,0.0030998283182270504,0.0754880160093307,0.5489713549613953
E2_vertical,E2_vertical|dynamicperf_v3_2|QR_dynamic_Dim_1p2_0p05_NoWind_test1,E2_vertical|dynamicperf_v3_2|QR_dynamic_Dim_1p2_0p05_NoWind_test1|segment1,1751896375.99,1.0278668848902184,0.0028304913416972,0.8762099679478829,1.0486596822738647,0.0497721545398235,0.8858764171600342,1.25,0.0,0.9,1.0,0.0,0.9,0.0,5.326976776123047,2.918188571929932,-11.731575965881348,1.0326435574686537,0.05027145999964437,0.8879146644947938,1.0331423021364834,0.05235852342581536,0.8878171416877747,0.0030998283182270504,0.0754880160093307,0.5489713549613953
E2_vertical,E2_vertical|dynamicperf_v3_2|QR_dynamic_Dim_1p2_0p05_NoWind_test1,E2_vertical|dynamicperf_v3_2|QR_dynamic_Dim_1p2_0p05_NoWind_test1|segment1,1751896376.13,1.0451897721191292,0.0237706866397117,0.8861248816535293,1.0528573989868164,0.0690726861357688,0.8890694975852966,1.25,0.0,0.9,1.0,0.0,0.9,0.0,7.632049560546875,4.488036632537842,-11.42752456665039,1.0540858477670705,0.06551782093083519,0.9054638807082225,1.0547271122674846,0.06740731148516638,0.9054357678401813,0.0030998283182270504,0.0754880160093307,0.5489713549613953
E2_vertical,E2_vertical|dynamicperf_v3_2|QR_dynamic_Dim_1p2_0p05_NoWind_test1,E2_vertical|dynamicperf_v3_2|QR_dynamic_Dim_1p2_0p05_NoWind_test1|segment1,1751896376.31,1.035799262571245,0.0382007896661146,0.8807999848051653,1.0307574272155762,0.0611062757670879,0.8864070177078247,1.25,0.0,0.9,1.0,0.0,0.9,0.0,3.214571714401245,0.9456970691680908,-5.470435619354249,1.0402627924393415,0.059482937475296205,0.8865099761458249,1.0408560582490607,0.061497745335688206,0.8863348700289547,0.0030998283182270504,0.0754880160093307,0.5489713549613953
E2_vertical,E2_vertical|dynamicperf_v3_2|QR_dynamic_Dim_1p2_0p05_NoWind_test1,E2_vertical|dynamicperf_v3_2|QR_dynamic_Dim_1p2_0p05_NoWind_test1|segment1,1751896376.42,1.0196669051664935,0.0455841868619738,0.878812244878935,1.0169672966003418,0.0447967685759067,0.8913549184799194,1.25,0.0,0.9,1.0,0.0,0.9,0.0,0.38547670841217047,-0.7082635760307312,-2.206715583801269,1.0218738860477945,0.05455013612620954,0.8762738031662033,1.022437452963178,0.056735676770680504,0.8759890899379954,0.0030998283182270504,0.0754880160093307,0.5489713549613953
E2_vertical,E2_vertical|dynamicperf_v3_2|QR_dynamic_Dim_1p2_0p05_NoWind_test1,E2_vertical|dynamicperf_v3_2|QR_dynamic_Dim_1p2_0p05_NoWind_test1|segment1,1751896376.56,1.015891981079172,0.0395816153280669,0.8831018437152358,1.0032230615615845,0.0260387789458036,0.9023999571800232,1.25,0.0,0.9,1.0,0.0,0.9,0.0,-0.7011516690254211,-0.7065901160240173,1.1236845254898071,1.0153969940746863,0.03477781730361312,0.8797330437598069,1.0157696414193895,0.037021883921894934,0.8794005895494443,0.0030998283182270504,0.0754880160093307,0.5489713549613953
E2_vertical,E2_vertical|dynamicperf_v3_2|QR_dynamic_Dim_1p2_0p05_NoWind_test1,E2_vertical|dynamicperf_v3_2|QR_dynamic_Dim_1p2_0p05_NoWind_test1|segment1,1751896376.7,0.9949006459537468,0.0339713048610174,0.8872387671764531,0.9939508438110352,0.0070295454934239,0.9114707708358764,1.25,0.0,0.9,1.0,0.0,0.9,0.0,-1.2651128768920898,-2.9025721549987797,3.063653945922852,0.9944749808129623,0.020053304871092567,0.873591505435493,0.9947179662735322,0.022503636978645727,0.8732185020739243,0.0030998283182270504,0.0754880160093307,0.5489713549613953
E2_vertical,E2_vertical|dynamicperf_v3_2|QR_dynamic_Dim_1p2_0p05_NoWind_test1,E2_vertical|dynamicperf_v3_2|QR_dynamic_Dim_1p2_0p05_NoWind_test1|segment1,1751896376.86,0.990763758930976,0.0244359502259921,0.8988898406327361,0.9920977354049684,-0.0113154835999012,0.9188709259033204,1.25,0.0,0.9,1.0,0.0,0.9,0.0,-2.0868234634399414,-1.5573806762695312,4.280331134796143,0.9898169087991004,0.004974062678481385,0.8909559658072328,0.9898913326269614,0.007455009436498309,0.8905300056711367,0.0030998283182270504,0.0754880160093307,0.5489713549613953
E2_vertical,E2_vertical|dynamicperf_v3_2|QR_dynamic_Dim_1p2_0p05_NoWind_test1,E2_vertical|dynamicperf_v3_2|QR_dynamic_Dim_1p2_0p05_NoWind_test1|segment1,1751896376.99,0.9900953074167462,0.0129339794056337,0.905517400066619,0.9917035698890686,-0.0217051859945058,0.9211729168891908,1.25,0.0,0.9,1.0,0.0,0.9,0.0,-1.9583530426025393,-0.1072713732719421,3.912084102630615,0.9897971103305878,-0.004648386080366693,0.9045855717300721,0.9897574433642646,-0.0021686049270350054,0.9041578386119024,0.0030998283182270504,0.0754880160093307,0.5489713549613953
E2_vertical,E2_vertical|dynamicperf_v3_2|QR_dynamic_Dim_1p2_0p05_NoWind_test1,E2_vertical|dynamicperf_v3_2|QR_dynamic_Dim_1p2_0p05_NoWind_test1|segment1,1751896377.13,0.9894281454425068,0.0030328511375448,0.9082379506694472,0.9944930672645568,-0.0278510842472314,0.9231281876564026,1.25,0.0,0.9,1.0,0.0,0.9,0.0,-1.9903056621551516,-0.2033072263002395,3.7602627277374263,0.9897444220976819,-0.01378058381448961,0.9072029914097104,0.9896134017504123,-0.011300393446089772,0.9067730321686497,0.0030998283182270504,0.0754880160093307,0.5489713549613953
E2_vertical,E2_vertical|dynamicperf_v3_2|QR_dynamic_Dim_1p2_0p05_NoWind_test1,E2_vertical|dynamicperf_v3_2|QR_dynamic_Dim_1p2_0p05_NoWind_test1|segment1,1751896377.31,0.9940077904395046,0.0001560105606542,0.9114826757613884,0.9975425004959106,-0.0271390601992607,0.9217973947525024,1.25,0.0,0.9,1.0,0.0,0.9,0.0,-1.073857307434082,0.1849119663238525,3.8380022048950195,0.9945953502808597,-0.016762096408532667,0.9123038434415863,0.9944286963135318,-0.014321220432024615,0.9119205249438629,0.0030998283182270504,0.0754880160093307,0.5489713549613953
E2_vertical,E2_vertical|dynamicperf_v3_2|QR_dynamic_Dim_1p2_0p05_NoWind_test1,E2_vertical|dynamicperf_v3_2|QR_dynamic_Dim_1p2_0p05_NoWind_test1|segment1,1751896377.47,0.9861455898188484,0.0021489539302962,0.9091014554885712,0.9966107606887816,-0.0239172372967004,0.9176458120346068,1.25,0.0,0.9,1.0,0.0,0.9,0.0,0.2647388279438019,0.1447964608669281,3.7082486152648926,0.9865855712291725,-0.014961030850469233,0.909778064137566,0.9864419877531864,-0.012435028592126897,0.9094418489433922,0.0030998283182270504,0.0754880160093307,0.5489713549613953
E2_vertical,E2_vertical|dynamicperf_v3_2|QR_dynamic_Dim_1p2_0p05_NoWind_test1,E2_vertical|dynamicperf_v3_2|QR_dynamic_Dim_1p2_0p05_NoWind_test1|segment1,1751896377.56,0.9801212525703964,0.0043126953604998,0.9072025187691052,0.9864835739135742,-0.0203890446573495,0.918864607810974,1.25,0.0,0.9,1.0,0.0,0.9,0.0,-0.3894104361534118,0.1839569360017776,3.6683421134948726,0.9804195164160366,-0.012912915944535499,0.9080394903140312,0.9802973897516907,-0.010331982422748302,0.9076659048081812,0.0030998283182270504,0.0754880160093307,0.5489713549613953
E2_vertical,E2_vertical|dynamicperf_v3_2|QR_dynamic_Dim_1p2_0p05_NoWind_test1,E2_vertical|dynamicperf_v3_2|QR_dynamic_Dim_1p2_0p05_NoWind_test1|segment1,1751896377.69,0.9769504093247016,0.0048905176641761,0.90595070495035,0.98121440410614,-0.0246099755167961,0.9197360277175904,1.25,0.0,0.9,1.0,0.0,0.9,0.0,-0.3555879294872284,-1.0503361225128174,3.726600408554077,0.9771449909222893,-0.012834157345487526,0.900914027795793,0.9770336487856027,-0.010221932013990178,0.9005387308951833,0.0030998283182270504,0.0754880160093307,0.5489713549613953
E2_vertical,E2_vertical|dynamicperf_v3_2|QR_dynamic_Dim_1p2_0p05_NoWind_test1,E2_vertical|dynamicperf_v3_2|QR_dynamic_Dim_1p2_0p05_NoWind_test1|segment1,1751896377.84,0.980295243348609,0.0038599596219968,0.8994286398007791,0.981730818748474,-0.0225032735615968,0.9154442548751832,1.25,0.0,0.9,1.0,0.0,0.9,0.0,-0.538845032453537,-0.7470279932022095,3.2693467140197754,0.9805451743222758,-0.011531335151147869,0.8958760783511354,0.9804532220904769,-0.008951969024032577,0.8954968599473561,0.0030998283182270504,0.0754880160093307,0.5489713549613953
E2_vertical,E2_vertical|dynamicperf_v3_2|QR_dynamic_Dim_1p2_0p05_NoWind_test1,E2_vertical|dynamicperf_v3_2|QR_dynamic_Dim_1p2_0p05_NoWind_test1|segment1,1751896377.98,0.97940491046463,0.0018311570899311,0.89965306317569,0.9838213920593262,-0.021218778565526,0.9122422933578492,1.25,0.0,0.9,1.0,0.0,0.9,0.0,-1.0473525524139404,-0.6800572872161865,2.2039968967437744,0.9795584780960735,-0.008582348632275192,0.8964079943840321,0.9794944684709364,-0.005997344824697275,0.8960043461942445,0.0030998283182270504,0.0754880160093307,0.5489713549613953
E2_vertical,E2_vertical|dynamicperf_v3_2|QR_dynamic_Dim_1p2_0p05_NoWind_test1,E2_vertical|dynamicperf_v3_2|QR_dynamic_Dim_1p2_0p05_NoWind_test1|segment1,1751896378.12,0.9736291404600426,-0.0004299392899709,0.8989106471091625,0.986667275428772,-0.0167038328945636,0.9080243110656738,1.25,0.0,0.9,1.0,0.0,0.9,0.0,1.1602870225906372,1.0696866512298586,0.5071471333503723,0.9736712437414826,-0.0028537650322107426,0.9040617767209116,0.9736521881174711,-0.00019908854804060147,0.9037511027521502,0.0030998283182270504,0.0754880160093307,0.5489713549613953
E2_vertical,E2_vertical|dynamicperf_v3_2|QR_dynamic_Dim_1p2_0p05_NoWind_test1,E2_vertical|dynamicperf_v3_2|QR_dynamic_Dim_1p2_0p05_NoWind_test1|segment1,1751896378.28,0.9784195086493308,-0.0029207751011308,0.9011848205699678,0.9833599328994752,-0.0180223621428012,0.9059333801269532,1.25,0.0,0.9,1.0,0.0,0.9,0.0,1.1760497093200686,0.1873415559530258,1.0582520961761477,0.9785253402960532,-0.007959682708638926,0.9020126100092704,0.9784593180037844,-0.005351412560109718,0.9017083365847794,0.0030998283182270504,0.0754880160093307,0.5489713549613953
E2_vertical,E2_vertical|dynamicperf_v3_2|QR_dynamic_Dim_1p2_0p05_NoWind_test1,E2_vertical|dynamicperf_v3_2|QR_dynamic_Dim_1p2_0p05_NoWind_test1|segment1,1751896378.42,0.972224659623954,-0.0005762661692974,0.8977343711635423,0.9786861538887024,-0.0228077769279479,0.9090760350227356,1.25,0.0,0.9,1.0,0.0,0.9,0.0,-2.4270451068878174,0.1320815235376358,2.2191925048828125,0.9724545798295868,-0.011427524565975957,0.8984011558945546,0.97236156486181,-0.008785726325073427,0.897922688105108,0.0030998283182270504,0.0754880160093307,0.5489713549613953
E2_vertical,E2_vertical|dynamicperf_v3_2|QR_dynamic_Dim_1p2_0p05_NoWind_test1,E2_vertical|dynamicperf_v3_2|QR_dynamic_Dim_1p2_0p05_NoWind_test1|segment1,1751896378.55,0.9706909025722794,-0.0015124961576632,0.9003240689924086,0.9741156101226808,-0.0214639753103256,0.911825954914093,1.25,0.0,0.9,1.0,0.0,0.9,0.0,-0.7923345565795898,-1.2751492261886597,2.2353527545928955,0.9710237052243635,-0.012398599335981416,0.8941292028659059,0.9709266836605417,-0.009729511635676417,0.8937242305766889,0.0030998283182270504,0.0754880160093307,0.5489713549613953
E2_vertical,E2_vertical|dynamicperf_v3_2|QR_dynamic_Dim_1p2_0p05_NoWind_test1,E2_vertical|dynamicperf_v3_2|QR_dynamic_Dim_1p2_0p05_NoWind_test1|segment1,1751896378.75,0.9696496937855856,0.0045882904400258,0.8960802960113378,0.9698078036308287,-0.0144824981689453,0.9073790907859802,1.25,0.0,0.9,1.0,0.0,0.9,0.0,0.2861547470092773,-1.0956754684448242,4.611031532287598,0.9703120106991028,-0.017934589455711265,0.8907431201307895,0.970164777948185,-0.01525027200932569,0.8903881122619083,0.0030998283182270504,0.0754880160093307,0.5489713549613953
E2_vertical,E2_vertical|dynamicperf_v3_2|QR_dynamic_Dim_1p2_0p05_NoWind_test1,E2_vertical|dynamicperf_v3_2|QR_dynamic_Dim_1p2_0p05_NoWind_test1|segment2,1751896383.87,0.9848886776142428,0.0324680582986044,1.2055815837043435,0.9827085137367249,0.0191041808575391,1.212834119796753,1.25,0.0,1.2,1.0,0.0,1.2,0.0,1.6882823705673218,-1.1001724004745486,4.961872100830078,0.9830130479859072,0.009231667776207448,1.2014442672014622,0.9831128158316569,0.01179802667713404,1.2011745793602582,0.0030998283182270504,0.0754880160093307,0.5489713549613953
E2_vertical,E2_vertical|dynamicperf_v3_2|QR_dynamic_Dim_1p2_0p05_NoWind_test1,E2_vertical|dynamicperf_v3_2|QR_dynamic_Dim_1p2_0p05_NoWind_test1|segment2,1751896383.98,0.9848274311534776,0.0340711843620668,1.2023636940555291,0.9844666719436646,0.0164602845907211,1.210925579071045,1.25,0.0,1.2,1.0,0.0,1.2,0.0,1.2954500913619995,-0.8950608372688295,4.870106220245361,0.9828809776563938,0.011372472241708972,1.1989906936078047,0.9830038313955174,0.013938670481464662,1.198702564906609,0.0030998283182270504,0.0754880160093307,0.5489713549613953
E2_vertical,E2_vertical|dynamicperf_v3_2|QR_dynamic_Dim_1p2_0p05_NoWind_test1,E2_vertical|dynamicperf_v3_2|QR_dynamic_Dim_1p2_0p05_NoWind_test1|segment2,1751896384.09,0.9849694583334556,0.0323890208975912,1.2015082826187091,0.992277204990387,0.0125630134716629,1.21241557598114,1.25,0.0,1.2,1.0,0.0,1.2,0.0,0.5658597946166992,-0.9290780425071716,4.439327716827393,0.9832640285856296,0.011761564841020242,1.197530434583357,0.9833923214684621,0.014320400778240287,1.19721011168698,0.0030998283182270504,0.0754880160093307,0.5489713549613953
E2_vertical,E2_vertical|dynamicperf_v3_2|QR_dynamic_Dim_1p2_0p05_NoWind_test1,E2_vertical|dynamicperf_v3_2|QR_dynamic_Dim_1p2_0p05_NoWind_test1|segment2,1751896384.32,0.9918762176853172,0.0251012507741639,1.2046738283087433,1.004122614860535,0.0058134039863944,1.21044921875,1.25,0.0,1.2,1.0,0.0,1.2,0.0,-0.9077650904655458,1.5311318635940552,3.92302131652832,0.9909647758697098,0.007467450898826361,1.211171136682037,0.9910316367580723,0.009944333064866353,1.2107843190613397,0.0030998283182270504,0.0754880160093307,0.5489713549613953
E2_vertical,E2_vertical|dynamicperf_v3_2|QR_dynamic_Dim_1p2_0p05_NoWind_test1,E2_vertical|dynamicperf_v3_2|QR_dynamic_Dim_1p2_0p05_NoWind_test1|segment2,1751896384.38,1.002085065883681,0.0202942084310074,1.2100159831792616,1.0069752931594849,0.0054038125090301,1.2110679149627686,1.25,0.0,1.2,1.0,0.0,1.2,0.0,-0.627008080482483,1.654611110687256,3.549356698989868,1.001682919228614,0.0050393658645695085,1.216947612269792,1.0017183245773256,0.007417309885367891,1.2165886267111343,0.0030998283182270504,0.0754880160093307,0.5489713549613953
E2_vertical,E2_vertical|dynamicperf_v3_2|QR_dynamic_Dim_1p2_0p05_NoWind_test1,E2_vertical|dynamicperf_v3_2|QR_dynamic_Dim_1p2_0p05_NoWind_test1|segment2,1751896384.58,1.008444408009198,0.0181198900893119,1.2118933719873786,1.007331371307373,0.0058057862333953,1.2138819694519043,1.25,0.0,1.2,1.0,0.0,1.2,0.0,-0.0109156593680381,0.855599582195282,3.4238991737365723,1.0079973922456391,0.0036756545653499357,1.2154956167902662,1.008023339687659,0.005995473857804901,1.215173559022587,0.0030998283182270504,0.0754880160093307,0.5489713549613953
E2_vertical,E2_vertical|dynamicperf_v3_2|QR_dynamic_Dim_1p2_0p05_NoWind_test1,E2_vertical|dynamicperf_v3_2|QR_dynamic_Dim_1p2_0p05_NoWind_test1|segment2,1751896384.66,1.004852658894148,0.0196128066072128,1.212423330052511,1.008304476737976,0.0062198503874242,1.2168476581573486,1.25,0.0,1.2,1.0,0.0,1.2,0.0,0.2382450401782989,-0.15556922554969788,3.325269103050232,1.0040977907581898,0.005306523215512303,1.211839107450932,1.0041450413645379,0.007663121097887636,1.2115254524105914,0.0030998283182270504,0.0754880160093307,0.5489713549613953
E2_vertical,E2_vertical|dynamicperf_v3_2|QR_dynamic_Dim_1p2_0p05_NoWind_test1,E2_vertical|dynamicperf_v3_2|QR_dynamic_Dim_1p2_0p05_NoWind_test1|segment2,1751896384.83,1.0033336155076564,0.0217833954887709,1.2135781596926405,1.0059564113616943,0.0081319455057382,1.2203112840652466,1.25,0.0,1.2,1.0,0.0,1.2,0.0,0.2028335034847259,-0.1588373333215713,2.732868432998657,1.0025409644312968,0.00994778934091984,1.2129713214754603,1.0026312463759,0.012319009890502294,1.2126542366012611,0.0030998283182270504,0.0754880160093307,0.5489713549613953
E2_vertical,E2_vertical|dynamicperf_v3_2|QR_dynamic_Dim_1p2_0p05_NoWind_test1,E2_vertical|dynamicperf_v3_2|QR_dynamic_Dim_1p2_0p05_NoWind_test1|segment2,1751896384.95,0.9993008892255484,0.0212443508597994,1.21281091416043,1.0039418935775757,0.0103832213208079,1.2216386795043943,1.25,0.0,1.2,1.0,0.0,1.2,0.0,-0.45173060894012457,-0.7663811445236206,1.9471312761306767,0.998573811196892,0.012809303453981164,1.2092886725181073,0.9986952414127204,0.015213832153070485,1.208941125812123,0.0030998283182270504,0.0754880160093307,0.5489713549613953
E2_vertical,E2_vertical|dynamicperf_v3_2|QR_dynamic_Dim_1p2_0p05_NoWind_test1,E2_vertical|dynamicperf_v3_2|QR_dynamic_Dim_1p2_0p05_NoWind_test1|segment2,1751896385.1,1.0004037107687151,0.0178478298182533,1.2102174754334012,1.0055397748947144,0.0132775362581014,1.2178364992141724,1.25,0.0,1.2,1.0,0.0,1.2,0.0,0.9244706630706789,0.09925028681755062,0.3549471795558929,1.0003175391514172,0.016134191628901538,1.2109364544784171,1.0004714026356845,0.018531349687881404,1.210645074336213,0.0030998283182270504,0.0754880160093307,0.5489713549613953
E2_vertical,E2_vertical|dynamicperf_v3_2|QR_dynamic_Dim_1p2_0p05_NoWind_test1,E2_vertical|dynamicperf_v3_2|QR_dynamic_Dim_1p2_0p05_NoWind_test1|segment2,1751896385.23,1.0150316674552806,0.0128813196492136,1.212280331827588,1.0087405443191528,0.0157648064196109,1.218023419380188,1.25,0.0,1.2,1.0,0.0,1.2,0.0,0.2937521040439605,0.1707247495651245,-1.2732199430465698,1.0154123228202447,0.01803519311052419,1.213046293321082,1.0155796910638955,0.020284928098461417,1.2127472622507058,0.0030998283182270504,0.0754880160093307,0.5489713549613953
E2_vertical,E2_vertical|dynamicperf_v3_2|QR_dynamic_Dim_1p2_0p05_NoWind_test1,E2_vertical|dynamicperf_v3_2|QR_dynamic_Dim_1p2_0p05_NoWind_test1|segment2,1751896385.42,1.0032302963172923,0.0102987267411985,1.208548702764264,1.011252522468567,0.0179205052554607,1.206504464149475,1.25,0.0,1.2,1.0,0.0,1.2,0.0,-0.23176959156990046,0.12370483390986915,-3.353321671485901,1.004276144178,0.024748747037497663,1.209039742647656,1.0045124227310411,0.027101943556170367,1.2087042983168157,0.0030998283182270504,0.0754880160093307,0.5489713549613953
E2_vertical,E2_vertical|dynamicperf_v3_2|QR_dynamic_Dim_1p2_0p05_NoWind_test1,E2_vertical|dynamicperf_v3_2|QR_dynamic_Dim_1p2_0p05_NoWind_test1|segment2,1751896385.52,0.9990253977050784,0.0065853305878717,1.2021055154164044,1.0113242864608765,0.0188127793371677,1.2022420167922974,1.25,0.0,1.2,1.0,0.0,1.2,0.0,0.8816884458065033,0.17490845918655396,-3.6510438919067383,0.9999599054997629,0.022520317448407188,1.2029727454566144,1.0001843420307006,0.024920139959590748,1.2026785124555863,0.0030998283182270504,0.0754880160093307,0.5489713549613953
E2_vertical,E2_vertical|dynamicperf_v3_2|QR_dynamic_Dim_1p2_0p05_NoWind_test1,E2_vertical|dynamicperf_v3_2|QR_dynamic_Dim_1p2_0p05_NoWind_test1|segment2,1751896385.65,1.005231116908347,0.0063437560894732,1.198437015026259,1.0132919549942017,0.0199735388159751,1.2033253908157349,1.25,0.0,1.2,1.0,0.0,1.2,0.0,0.8014768958091736,-0.0956335142254829,-3.1152889728546143,1.0059415401038856,0.019657469438968036,1.1981173577931876,1.0061438623447045,0.02199901037900795,1.1978274523084462,0.0030998283182270504,0.0754880160093307,0.5489713549613953
E2_vertical,E2_vertical|dynamicperf_v3_2|QR_dynamic_Dim_1p2_0p05_NoWind_test1,E2_vertical|dynamicperf_v3_2|QR_dynamic_Dim_1p2_0p05_NoWind_test1|segment2,1751896385.79,1.0155549904802803,0.0087245054202465,1.2021273604341072,1.015256404876709,0.0179775040596723,1.2084312438964844,1.25,0.0,1.2,1.0,0.0,1.2,0.0,1.7281203269958496,1.6690903902053833,-2.5095425844192505,1.016327770394526,0.018906035200321986,1.209217162804072,1.0165110747613229,0.02115443812072661,1.2089731089723528,0.0030998283182270504,0.0754880160093307,0.5489713549613953
E2_vertical,E2_vertical|dynamicperf_v3_2|QR_dynamic_Dim_1p2_0p05_NoWind_test1,E2_vertical|dynamicperf_v3_2|QR_dynamic_Dim_1p2_0p05_NoWind_test1|segment2,1751896386.0,1.007356974626482,0.0074720369822241,1.205659183738075,1.0025771856307983,0.0068452171981334,1.2112786769866943,1.25,0.0,1.2,1.0,0.0,1.2,0.0,-1.432342290878296,-0.7194589376449585,-3.1153788566589355,1.0080797245813276,0.02078948642036078,1.2024234387530819,1.0082857001426186,0.023097735491072826,1.2020462940402226,0.0030998283182270504,0.0754880160093307,0.5489713549613953
E2_vertical,E2_vertical|dynamicperf_v3_2|QR_dynamic_Dim_1p2_0p05_NoWind_test1,E2_vertical|dynamicperf_v3_2|QR_dynamic_Dim_1p2_0p05_NoWind_test1|segment2,1751896386.08,0.9937493610944348,-0.0026501823244555,1.2033636962512697,0.998026728630066,0.0039702509529888,1.212756633758545,1.25,0.0,1.2,1.0,0.0,1.2,0.0,-1.172937035560608,-0.2943654060363769,-3.566521406173706,0.9940709651236981,0.013365781765688709,1.2021006768934552,0.9942074361479744,0.01581007733585003,1.2017127728909087,0.0030998283182270504,0.0754880160093307,0.5489713549613953
E2_vertical,E2_vertical|dynamicperf_v3_2|QR_dynamic_Dim_1p2_0p05_NoWind_test1,E2_vertical|dynamicperf_v3_2|QR_dynamic_Dim_1p2_0p05_NoWind_test1|segment2,1751896386.26,0.9863914732242448,-0.009305905736744,1.2075865823847216,0.9901776313781738,0.0020714802667498,1.213200569152832,1.25,0.0,1.2,1.0,0.0,1.2,0.0,-0.6913255453109741,-0.5096203088760376,-3.466525077819824,0.9862587510852723,0.00674586391117622,1.2053533581737914,0.9863279383177019,0.00926843250427652,1.2049750929504384,0.0030998283182270504,0.0754880160093307,0.5489713549613953
E2_vertical,E2_vertical|dynamicperf_v3_2|QR_dynamic_Dim_1p2_0p05_NoWind_test1,E2_vertical|dynamicperf_v3_2|QR_dynamic_Dim_1p2_0p05_NoWind_test1|segment2,1751896386.43,0.9833340408784608,-0.0095681964801598,1.2063788089715173,0.9859797954559326,0.0037470804527401,1.213526964187622,1.25,0.0,1.2,1.0,0.0,1.2,0.0,0.35841119289398193,-0.8444649875164032,-2.7988511323928833,0.9831189022971354,0.003427912929412511,1.2023879790306669,0.9831612427161653,0.0059867920925452765,1.2020516514440531,0.0030998283182270504,0.0754880160093307,0.5489713549613953
E2_vertical,E2_vertical|dynamicperf_v3_2|QR_dynamic_Dim_1p2_0p05_NoWind_test1,E2_vertical|dynamicperf_v3_2|QR_dynamic_Dim_1p2_0p05_NoWind_test1|segment2,1751896386.54,0.9895671146545122,-0.0071606777759854,1.203937226222631,0.98246967792511,0.0046263472177088,1.2115933895111084,1.25,0.0,1.2,1.0,0.0,1.2,0.0,1.3696489334106445,0.3047319948673248,-2.3166987895965576,0.9895104883296191,0.0032797075699561484,1.2051500149415024,0.9895486091525628,0.00578348295170007,1.2048671507577389,0.0030998283182270504,0.0754880160093307,0.5489713549613953
E2_vertical,E2_vertical|dynamicperf_v3_2|QR_dynamic_Dim_1p2_0p05_NoWind_test1,E2_vertical|dynamicperf_v3_2|QR_dynamic_Dim_1p2_0p05_NoWind_test1|segment2,1751896386.81,0.9826022349729832,-0.0045672503359407,1.2061586803838162,0.9812279939651488,-0.0039973398670554,1.2068246603012085,1.25,0.0,1.2,1.0,0.0,1.2,0.0,0.9561900496482849,-0.3360256552696228,-0.6035284399986267,0.9825368185454187,-0.0018522055271270696,1.2045132872746906,0.9825263180566892,0.0007160870424512002,1.2042036351151213,0.0030998283182270504,0.0754880160093307,0.5489713549613953
E2_vertical,E2_vertical|dynamicperf_v3_2|QR_dynamic_Dim_1p2_0p05_NoWind_test1,E2_vertical|dynamicperf_v3_2|QR_dynamic_Dim_1p2_0p05_NoWind_test1|segment2,1751896386.89,0.9870349221102952,-0.0071185276275316,1.200796406771688,0.9820504784584044,-0.0093524847179651,1.2058595418930054,1.25,0.0,1.2,1.0,0.0,1.2,0.0,0.6578500866889954,-0.2713655233383178,0.3636298775672912,0.9870850155693066,-0.008795968329372694,1.199469159322064,0.9870135489279006,-0.006272686320020595,1.1991515616101773,0.0030998283182270504,0.0754880160093307,0.5489713549613953
E2_vertical,E2_vertical|dynamicperf_v3_2|QR_dynamic_Dim_1p2_0p05_NoWind_test1,E2_vertical|dynamicperf_v3_2|QR_dynamic_Dim_1p2_0p05_NoWind_test1|segment2,1751896386.94,0.9732584310024286,-0.008390091849603,1.1988999085789855,0.9811678528785706,-0.0140719264745712,1.2058838605880735,1.25,0.0,1.2,1.0,0.0,1.2,0.0,0.280886560678482,-0.126592144370079,1.07731032371521,0.9734681883358752,-0.013586213572590319,1.1982473471153778,0.9733530901677012,-0.01093432907994992,1.1978958181095092,0.0030998283182270504,0.0754880160093307,0.5489713549613953
E2_vertical,E2_vertical|dynamicperf_v3_2|QR_dynamic_Dim_1p2_0p05_NoWind_test1,E2_vertical|dynamicperf_v3_2|QR_dynamic_Dim_1p2_0p05_NoWind_test1|segment2,1751896387.12,0.974861789327282,-0.0091720866593581,1.1981946985657512,0.9804595112800598,-0.0275436453521251,1.2023271322250366,1.25,0.0,1.2,1.0,0.0,1.2,0.0,-1.4852606058120728,-0.0652077421545982,3.6754705905914316,0.9760204430899043,-0.026834472721534053,1.198119912702788,0.9757800963285711,-0.024218313169851357,1.1976893730765217,0.0030998283182270504,0.0754880160093307,0.5489713549613953
E2_vertical,E2_vertical|dynamicperf_v3_2|QR_dynamic_Dim_1p2_0p05_NoWind_test1,E2_vertical|dynamicperf_v3_2|QR_dynamic_Dim_1p2_0p05_NoWind_test1|segment2,1751896387.21,0.9513896584116884,-0.0137874309575386,1.196337967364311,0.9826291799545288,-0.0315965563058853,1.2013529539108276,1.25,0.0,1.2,1.0,0.0,1.2,0.0,-2.263954997062683,-0.7660243511199951,3.9430224895477295,0.953121948075586,-0.034417445770158615,1.1928935556608815,0.9528201159770531,-0.031587798628361315,1.192386370849343,0.0030998283182270504,0.0754880160093307,0.5489713549613953
E2_vertical,E2_vertical|dynamicperf_v3_2|QR_dynamic_Dim_1p2_0p05_NoWind_test1,E2_vertical|dynamicperf_v3_2|QR_dynamic_Dim_1p2_0p05_NoWind_test1|segment2,1751896387.41,0.9799765980714124,-0.0126024104549657,1.1944621528594308,0.993504762649536,-0.0279405023902654,1.2024967670440674,1.25,0.0,1.2,1.0,0.0,1.2,0.0,-2.059465169906616,-0.1396860480308532,4.830968379974365,0.9820264085791794,-0.03548713141220903,1.1942603227899935,0.981710347947298,-0.032931701506247114,1.1938119690806528,0.0030998283182270504,0.0754880160093307,0.5489713549613953
E2_vertical,E2_vertical|dynamicperf_v3_2|QR_dynamic_Dim_1p2_0p05_NoWind_test1,E2_vertical|dynamicperf_v3_2|QR_dynamic_Dim_1p2_0p05_NoWind_test1|segment2,1751896387.51,0.9916818115279522,-0.0100376023402068,1.200110689903202,0.998213529586792,-0.026034478098154,1.2077405452728271,1.25,0.0,1.2,1.0,0.0,1.2,0.0,-0.9571576714515686,0.645983636379242,4.846363067626953,0.9934725751910493,-0.03182062265695654,1.2031906900643767,0.9931757335438076,-0.029367507055895026,1.2028103197390816,0.0030998283182270504,0.0754880160093307,0.5489713549613953
E2_vertical,E2_vertical|dynamicperf_v3_2|QR_dynamic_Dim_1p2_0p05_NoWind_test1,E2_vertical|dynamicperf_v3_2|QR_dynamic_Dim_1p2_0p05_NoWind_test1|segment2,1751896387.69,0.9935856154201306,-0.003126457791035,1.2091103599567683,1.0063892602920532,-0.015598127618432,1.21548330783844,1.25,0.0,1.2,1.0,0.0,1.2,0.0,0.0383464992046356,0.38028365373611456,4.412318706512451,0.9946524704523088,-0.022845013941098842,1.210809926376073,0.9944312973601138,-0.020397170704278496,1.2104739521938996,0.0030998283182270504,0.0754880160093307,0.5489713549613953
E2_vertical,E2_vertical|dynamicperf_v3_2|QR_dynamic_Dim_1p2_0p05_NoWind_test1,E2_vertical|dynamicperf_v3_2|QR_dynamic_Dim_1p2_0p05_NoWind_test1|segment2,1751896387.92,1.0021026102488266,0.0048648592842106,1.2103922355262102,1.015441656112671,-0.0026425635442137,1.2202223539352417,1.25,0.0,1.2,1.0,0.0,1.2,0.0,0.8984224200248719,0.6502506136894226,3.9938466548919687,1.0025116042303366,-0.012566607500281522,1.213279894420697,1.0023869400661145,-0.010189204162144465,1.212989762478689,0.0030998283182270504,0.0754880160093307,0.5489713549613953
E2_vertical,E2_vertical|dynamicperf_v3_2|QR_dynamic_Dim_1p2_0p05_NoWind_test1,E2_vertical|dynamicperf_v3_2|QR_dynamic_Dim_1p2_0p05_NoWind_test1|segment2,1751896387.94,1.0095100776721968,0.0116072859579708,1.212817293509498,1.0159567594528198,-0.0019238744862377,1.220119833946228,1.25,0.0,1.2,1.0,0.0,1.2,0.0,0.9214053750038147,0.8071162700653076,3.8884341716766366,1.009497171588361,-0.004921090035030802,1.2163886314352457,1.0094419587756551,-0.0026103798106194187,1.2161068172213585,0.0030998283182270504,0.0754880160093307,0.5489713549613953
E2_vertical,E2_vertical|dynamicperf_v3_2|QR_dynamic_Dim_1p2_0p05_NoWind_test1,E2_vertical|dynamicperf_v3_2|QR_dynamic_Dim_1p2_0p05_NoWind_test1|segment2,1751896388.11,1.0118950166930778,0.0147946310674893,1.2137682251299489,1.0119259357452393,-0.0001171860203612,1.2173393964767456,1.25,0.0,1.2,1.0,0.0,1.2,0.0,1.972253680229187,1.538382649421692,3.330296277999878,1.0119338163968998,0.0004831223294633963,1.2206564039636993,1.0119288885852529,0.0027775639350381977,1.2204171314237735,0.0030998283182270504,0.0754880160093307,0.5489713549613953
E2_vertical,E2_vertical|dynamicperf_v3_2|QR_dynamic_Dim_1p2_0p05_NoWind_test1,E2_vertical|dynamicperf_v3_2|QR_dynamic_Dim_1p2_0p05_NoWind_test1|segment2,1751896388.26,1.0180533952715336,0.0121312064080097,1.211738789318186,1.0093990564346311,-0.0058053014799952,1.2092679738998413,1.25,0.0,1.2,1.0,0.0,1.2,0.0,0.2657133340835571,0.35605075955390936,2.1767737865448,1.0178397839169848,0.003260910750489731,1.2132360612721056,1.0178650116106258,0.005487262778358379,1.2129394706731116,0.0030998283182270504,0.0754880160093307,0.5489713549613953
E2_vertical,E2_vertical|dynamicperf_v3_2|QR_dynamic_Dim_1p2_0p05_NoWind_test1,E2_vertical|dynamicperf_v3_2|QR_dynamic_Dim_1p2_0p05_NoWind_test1|segment2,1751896388.46,1.0101977241788027,0.001844338427847,1.2055037888683675,1.0044724941253662,-0.0202193967998027,1.206706166267395,1.25,0.0,1.2,1.0,0.0,1.2,0.0,-0.2240146696567535,0.6874022483825684,0.6374306678771974,1.0102750025583132,-0.0008011554706448874,1.2083730828650285,1.0102671852869365,0.0014954383357318744,1.2080477313017757,0.0030998283182270504,0.0754880160093307,0.5489713549613953
E2_vertical,E2_vertical|dynamicperf_v3_2|QR_dynamic_Dim_1p2_0p05_NoWind_test1,E2_vertical|dynamicperf_v3_2|QR_dynamic_Dim_1p2_0p05_NoWind_test1|segment2,1751896388.61,0.997114038476722,-0.0107672116127917,1.2004691741068487,0.9995923638343812,-0.0341543033719062,1.2003380060195925,1.25,0.0,1.2,1.0,0.0,1.2,0.0,-1.526732087135315,-1.4157758951187134,0.7045189142227173,0.997323866879271,-0.01385880818175419,1.1945074875742516,0.9972120847707333,-0.011446273473126076,1.1941080356900664,0.0030998283182270504,0.0754880160093307,0.5489713549613953
E2_vertical,E2_vertical|dynamicperf_v3_2|QR_dynamic_Dim_1p2_0p05_NoWind_test1,E2_vertical|dynamicperf_v3_2|QR_dynamic_Dim_1p2_0p05_NoWind_test1|segment2,1751896388.66,0.9956322253341334,-0.0205463330126064,1.1995836601318262,0.9988262057304382,-0.0370926298201084,1.199090600013733,1.25,0.0,1.2,1.0,0.0,1.2,0.0,-3.2747366428375244,-0.9451621770858762,0.2260907143354416,0.9957373482849037,-0.02154005833654035,1.1965620126117293,0.9955512360034667,-0.019125803291634148,1.1960859130436254,0.0030998283182270504,0.0754880160093307,0.5489713549613953
E2_vertical,E2_vertical|dynamicperf_v3_2|QR_dynamic_Dim_1p2_0p05_NoWind_test1,E2_vertical|dynamicperf_v3_2|QR_dynamic_Dim_1p2_0p05_NoWind_test1|segment2,1751896388.82,1.003508183283052,-0.0296981825841367,1.192408772374844,0.9940349459648132,-0.042148433625698,1.195388674736023,1.25,0.0,1.2,1.0,0.0,1.2,0.0,-1.6508125066757202,-0.4968366920948028,0.2074596583843231,1.0036857256490577,-0.030796613679018526,1.191130313931535,1.0034176005379376,-0.028445247852718077,1.1907364885594884,0.0030998283182270504,0.0754880160093307,0.5489713549613953
E2_vertical,E2_vertical|dynamicperf_v3_2|QR_dynamic_Dim_1p2_0p05_NoWind_test1,E2_vertical|dynamicperf_v3_2|QR_dynamic_Dim_1p2_0p05_NoWind_test1|segment2,1751896388.98,0.9989619347239382,-0.0341470906254292,1.1884687575136097,0.9923614263534546,-0.0367603711783885,1.1945117712020874,1.25,0.0,1.2,1.0,0.0,1.2,0.0,-2.2912721633911133,0.5628499388694763,-0.6255809664726257,0.9985116799433202,-0.031836894379288945,1.1923097073943547,0.9982334034619167,-0.029442633462705068,1.1918873080041081,0.0030998283182270504,0.0754880160093307,0.5489713549613953
E2_vertical,E2_vertical|dynamicperf_v3_2|QR_dynamic_Dim_1p2_0p05_NoWind_test1,E2_vertical|dynamicperf_v3_2|QR_dynamic_Dim_1p2_0p05_NoWind_test1|segment2,1751896389.11,0.9936562555825696,-0.0343007339705817,1.1918180956336326,0.9915875196456908,-0.0260478444397449,1.1975926160812378,1.25,0.0,1.2,1.0,0.0,1.2,0.0,-0.7096144556999207,-1.5804208517074585,-0.997256338596344,0.9934077684163709,-0.029938102586021288,1.1851765079548717,0.9931548636647238,-0.027480486596740197,1.1848013813374492,0.0030998283182270504,0.0754880160093307,0.5489713549613953
E2_vertical,E2_vertical|dynamicperf_v3_2|QR_dynamic_Dim_1p2_0p05_NoWind_test1,E2_vertical|dynamicperf_v3_2|QR_dynamic_Dim_1p2_0p05_NoWind_test1|segment2,1751896389.25,0.9923946851765244,-0.0252688144208958,1.1867604354452983,0.9907666444778442,-0.0139644676819443,1.196992039680481,1.25,0.0,1.2,1.0,0.0,1.2,0.0,1.3942779302597046,0.2545753717422485,0.7518760561943054,0.9926851336052012,-0.028318193785755383,1.1872942253255858,0.9924388109569517,-0.025845112504106767,1.1870168826732965,0.0030998283182270504,0.0754880160093307,0.5489713549613953
E2_vertical,E2_vertical|dynamicperf_v3_2|QR_dynamic_Dim_1p2_0p05_NoWind_test1,E2_vertical|dynamicperf_v3_2|QR_dynamic_Dim_1p2_0p05_NoWind_test1|segment2,1751896389.56,0.9922844879929498,0.0147209428377862,1.1953798540405576,0.9939599633216858,0.0035896736662834,1.2057623863220217,1.25,0.0,1.2,1.0,0.0,1.2,0.0,0.9680139422416689,0.0026204648893326,5.040607452392578,0.9919808768212514,-0.007903684057095692,1.1956409991774124,0.9919220902957192,-0.005425586577330637,1.1953424718211334,0.0030998283182270504,0.0754880160093307,0.5489713549613953
E2_vertical,E2_vertical|dynamicperf_v3_2|QR_dynamic_Dim_1p2_0p05_NoWind_test1,E2_vertical|dynamicperf_v3_2|QR_dynamic_Dim_1p2_0p05_NoWind_test1|segment2,1751896389.64,0.9920115160949016,0.023264048303783,1.1984716140760596,0.99543297290802,0.0060528609901666,1.208224534988403,1.25,0.0,1.2,1.0,0.0,1.2,0.0,0.5200024843215942,0.6448231339454651,4.698913097381592,0.9909733005237983,0.0020645360566295067,1.201586311445094,0.9910032514527793,0.0045490061500031865,1.2012651164687431,0.0030998283182270504,0.0754880160093307,0.5489713549613953
E2_vertical,E2_vertical|dynamicperf_v3_2|QR_dynamic_Dim_1p2_0p05_NoWind_test1,E2_vertical|dynamicperf_v3_2|QR_dynamic_Dim_1p2_0p05_NoWind_test1|segment2,1751896389.77,0.9894168605877912,0.0259651453302121,1.2039492925853008,0.995436429977417,0.0086641423404216,1.2117618322372437,1.25,0.0,1.2,1.0,0.0,1.2,0.0,0.3526264727115631,-0.1502268463373184,4.039098262786865,0.988227074078478,0.007520478127843714,1.2034257689764518,0.9883071235625168,0.01003012839174777,1.2030972852931565,0.0030998283182270504,0.0754880160093307,0.5489713549613953
E2_vertical,E2_vertical|dynamicperf_v3_2|QR_dynamic_Dim_1p2_0p05_NoWind_test1,E2_vertical|dynamicperf_v3_2|QR_dynamic_Dim_1p2_0p05_NoWind_test1|segment2,1751896389.91,0.9942403769231416,0.0250499877461253,1.2036233423024971,0.9980611205101012,0.011554941534996,1.2125658988952637,1.25,0.0,1.2,1.0,0.0,1.2,0.0,0.2098640650510788,-0.5906240344047546,3.231229305267334,0.9932111158862884,0.010579281673644848,1.2010784650403517,0.9933231565851004,0.013040246339889686,1.2007518789110212,0.0030998283182270504,0.0754880160093307,0.5489713549613953
E2_vertical,E2_vertical|dynamicperf_v3_2|QR_dynamic_Dim_1p2_0p05_NoWind_test1,E2_vertical|dynamicperf_v3_2|QR_dynamic_Dim_1p2_0p05_NoWind_test1|segment2,1751896390.05,1.000845776193869,0.0244917241124409,1.2050392778864705,1.0033249855041504,0.0155850239098072,1.2152303457260132,1.25,0.0,1.2,1.0,0.0,1.2,0.0,0.1961608827114105,0.2512648403644562,2.5828659534454346,1.000020814422657,0.013222636746776142,1.2062156872189478,1.0001512464933804,0.015618392062728501,1.205893412645993,0.0030998283182270504,0.0754880160093307,0.5489713549613953
E2_vertical,E2_vertical|dynamicperf_v3_2|QR_dynamic_Dim_1p2_0p05_NoWind_test1,E2_vertical|dynamicperf_v3_2|QR_dynamic_Dim_1p2_0p05_NoWind_test1|segment2,1751896390.24,1.0028600165704125,0.0261083448444891,1.207455684909114,1.0078351497650146,0.0192173067480325,1.2122220993041992,1.25,0.0,1.2,1.0,0.0,1.2,0.0,0.8651615381240845,0.056285545229911804,2.1828458309173584,1.002057144376784,0.016561005735654975,1.2080918324246284,1.0022182237782786,0.018940620243459248,1.2078005509267855,0.0030998283182270504,0.0754880160093307,0.5489713549613953
E2_vertical,E2_vertical|dynamicperf_v3_2|QR_dynamic_Dim_1p2_0p05_NoWind_test1,E2_vertical|dynamicperf_v3_2|QR_dynamic_Dim_1p2_0p05_NoWind_test1|segment2,1751896390.36,1.00861951068026,0.0272349421085008,1.2064364184966718,1.0131345987319946,0.0206129103899002,1.2126868963241575,1.25,0.0,1.2,1.0,0.0,1.2,0.0,0.8781265616416931,0.6839376091957092,2.03214955329895,1.007908108562096,0.01856013165873051,1.209733847737843,1.0080861500301592,0.020884326536085015,1.2094469189082104,0.0030998283182270504,0.0754880160093307,0.5489713549613953
E2_vertical,E2_vertical|dynamicperf_v3_2|QR_dynamic_Dim_1p2_0p05_NoWind_test1,E2_vertical|dynamicperf_v3_2|QR_dynamic_Dim_1p2_0p05_NoWind_test1|segment2,1751896390.49,1.0143647377644698,0.0266572330338207,1.2078186110055475,1.017569065093994,0.020381512120366,1.2111687660217283,1.25,0.0,1.2,1.0,0.0,1.2,0.0,0.6337120532989502,0.9129948616027833,1.963510394096374,1.0137518469972724,0.018485407590987084,1.2118665693811415,1.013925786200985,0.02075286148437479,1.2115758316880387,0.0030998283182270504,0.0754880160093307,0.5489713549613953
E2_vertical,E2_vertical|dynamicperf_v3_2|QR_dynamic_Dim_1p2_0p05_NoWind_test1,E2_vertical|dynamicperf_v3_2|QR_dynamic_Dim_1p2_0p05_NoWind_test1|segment2,1751896390.63,1.01881775457179,0.0245671629327789,1.2074262946754328,1.0198895931243896,0.0175185818225145,1.2116024494171145,1.25,0.0,1.2,1.0,0.0,1.2,0.0,0.5826333165168762,1.1166586875915527,1.8192461729049687,1.0183501898768428,0.0171449480460463,1.2121795802392685,1.018510530518594,0.01936841680226287,1.2118918416652813,0.0030998283182270504,0.0754880160093307,0.5489713549613953
E2_vertical,E2_vertical|dynamicperf_v3_2|QR_dynamic_Dim_1p2_0p05_NoWind_test1,E2_vertical|dynamicperf_v3_2|QR_dynamic_Dim_1p2_0p05_NoWind_test1|segment2,1751896390.77,1.0187254939410957,0.0217890764075886,1.20573693019687,1.0209901332855225,0.0139282112941145,1.2066489458084106,1.25,0.0,1.2,1.0,0.0,1.2,0.0,0.2094727605581283,1.1273189783096311,1.9040184020996094,1.0182890492149745,0.01407706894505808,1.2103655577652763,1.0184214256853634,0.01629898043301821,1.2100638226740208,0.0030998283182270504,0.0754880160093307,0.5489713549613953
E2_vertical,E2_vertical|dynamicperf_v3_2|QR_dynamic_Dim_1p2_0p05_NoWind_test1,E2_vertical|dynamicperf_v3_2|QR_dynamic_Dim_1p2_0p05_NoWind_test1|segment2,1751896390.95,1.0167834961124091,0.0176741627026076,1.2036440038530638,1.0185017585754397,0.0093026785179972,1.2051931619644165,1.25,0.0,1.2,1.0,0.0,1.2,0.0,-0.4191953837871551,0.49217069149017334,1.6369798183441162,1.0164118111621603,0.011031985247216854,1.2055177725426975,1.0165206449405009,0.013267558443682048,1.2051918330880247,0.0030998283182270504,0.0754880160093307,0.5489713549613953
E2_vertical,E2_vertical|dynamicperf_v3_2|QR_dynamic_Dim_1p2_0p05_NoWind_test1,E2_vertical|dynamicperf_v3_2|QR_dynamic_Dim_1p2_0p05_NoWind_test1|segment2,1751896391.1,1.0107409087083323,0.0142570527724411,1.2018419820191246,1.0148190259933472,0.0062929494306445,1.206204175949097,1.25,0.0,1.2,1.0,0.0,1.2,0.0,-0.409124493598938,0.7103345990180969,1.0725218057632446,1.010555677020117,0.009789651763646679,1.204706179796975,1.0106540295144308,0.012081399923691269,1.2043721168139008,0.0030998283182270504,0.0754880160093307,0.5489713549613953
E2_vertical,E2_vertical|dynamicperf_v3_2|QR_dynamic_Dim_1p2_0p05_NoWind_test1,E2_vertical|dynamicperf_v3_2|QR_dynamic_Dim_1p2_0p05_NoWind_test1|segment2,1751896391.25,1.0130052558906752,0.0091465452022155,1.2019383191852515,1.009130358695984,0.0043442035093903,1.2076271772384644,1.25,0.0,1.2,1.0,0.0,1.2,0.0,0.3751560151576996,0.1446903645992279,0.7175552845001221,1.0129152581686658,0.006165040037947702,1.2025966474432397,1.0129822056072508,0.008438420520506732,1.2022985443567438,0.0030998283182270504,0.0754880160093307,0.5489713549613953
E2_vertical,E2_vertical|dynamicperf_v3_2|QR_dynamic_Dim_1p2_0p05_NoWind_test1,E2_vertical|dynamicperf_v3_2|QR_dynamic_Dim_1p2_0p05_NoWind_test1|segment2,1751896391.39,1.0076119280796876,0.0069834107006574,1.2004854150349238,1.0048422813415527,0.0014993728836998,1.2055532932281494,1.25,0.0,1.2,1.0,0.0,1.2,0.0,-0.0193649232387542,-0.3384796679019928,0.8586493134498596,1.0075358683403766,0.00335045665677851,1.1990511265877268,1.0075805616948528,0.005673338759879565,1.198731055103927,0.0030998283182270504,0.0754880160093307,0.5489713549613953
E2_vertical,E2_vertical|dynamicperf_v3_2|QR_dynamic_Dim_1p2_0p05_NoWind_test1,E2_vertical|dynamicperf_v3_2|QR_dynamic_Dim_1p2_0p05_NoWind_test1|segment2,1751896391.48,0.99761923426583,0.0046575665435981,1.1984720383927985,1.0039451122283936,-0.0008614706457592,1.204513669013977,1.25,0.0,1.2,1.0,0.0,1.2,0.0,-0.0781366899609565,-0.8207457661628723,0.9059033989906313,0.9976250403073402,0.0006654281568829297,1.1948506863716102,0.9976500637809574,0.003083468819568412,1.1945154384285483,0.0030998283182270504,0.0754880160093307,0.5489713549613953
E2_vertical,E2_vertical|dynamicperf_v3_2|QR_dynamic_Dim_1p2_0p05_NoWind_test1,E2_vertical|dynamicperf_v3_2|QR_dynamic_Dim_1p2_0p05_NoWind_test1|segment2,1751896391.64,0.9998228703526588,0.0029299512986573,1.1968615727584664,1.003590703010559,-0.0043347962200641,1.2043627500534058,1.25,0.0,1.2,1.0,0.0,1.2,0.0,-0.0688274353742599,-0.3085165917873382,1.2080049514770508,0.9998373231679024,-0.0023482978315314007,1.195510996074918,0.9998324931954063,4.8412813085179396e-05,1.195178513287529,0.0030998283182270504,0.0754880160093307,0.5489713549613953
E2_vertical,E2_vertical|dynamicperf_v3_2|QR_dynamic_Dim_1p2_0p05_NoWind_test1,E2_vertical|dynamicperf_v3_2|QR_dynamic_Dim_1p2_0p05_NoWind_test1|segment2,1751896391.77,1.0008227309881392,0.0015383394887078,1.1995620902114013,1.0043379068374634,-0.006844688206911,1.2053426504135132,1.25,0.0,1.2,1.0,0.0,1.2,0.0,-0.2085454910993576,0.2357576787471771,1.422343373298645,1.0008616455200687,-0.004648815508856897,1.2005817963316043,1.0008279921406678,-0.0022628191469077296,1.2002445290002175,0.0030998283182270504,0.0754880160093307,0.5489713549613953
E2_vertical,E2_vertical|dynamicperf_v3_2|QR_dynamic_Dim_1p2_0p05_NoWind_test1,E2_vertical|dynamicperf_v3_2|QR_dynamic_Dim_1p2_0p05_NoWind_test1|segment2,1751896391.98,1.001277099980276,-0.0002813956740399,1.20124421500622,1.006274700164795,-0.0114845149219036,1.2044222354888916,1.25,0.0,1.2,1.0,0.0,1.2,0.0,-0.60356205701828,0.1312796026468277,1.4548259973526,1.0013675953793517,-0.006582867794352602,1.2018169955654738,1.001313668090267,-0.004203926246518119,1.2014640949848296,0.0030998283182270504,0.0754880160093307,0.5489713549613953
E2_vertical,E2_vertical|dynamicperf_v3_2|QR_dynamic_Dim_1p2_0p05_NoWind_test1,E2_vertical|dynamicperf_v3_2|QR_dynamic_Dim_1p2_0p05_NoWind_test1|segment2,1751896392.09,1.001679639863338,-0.0029608245477922,1.2006020815070215,1.0076824426651,-0.013904302380979,1.2036375999450684,1.25,0.0,1.2,1.0,0.0,1.2,0.0,-0.55308598279953,0.59443598985672,1.351638913154602,1.001838335493898,-0.008811053323324478,1.2032068444676685,1.0017611140655,-0.006436122396272491,1.2028569356037446,0.0030998283182270504,0.0754880160093307,0.5489713549613953
E2_vertical,E2_vertical|dynamicperf_v3_2|QR_dynamic_Dim_1p2_0p05_NoWind_test1,E2_vertical|dynamicperf_v3_2|QR_dynamic_Dim_1p2_0p05_NoWind_test1|segment2,1751896392.24,1.0075899720189363,-0.0059783082837707,1.2015959512416308,1.0105847120285034,-0.0147125888615846,1.2050988674163818,1.25,0.0,1.2,1.0,0.0,1.2,0.0,-0.6007848978042603,0.1208089813590049,0.9169801473617554,1.0077204536414657,-0.009839859995069611,1.2021696699430424,1.0076345710435022,-0.007521487527285595,1.2018261895277338,0.0030998283182270504,0.0754880160093307,0.5489713549613953
E2_vertical,E2_vertical|dynamicperf_v3_2|QR_dynamic_Dim_1p2_0p05_NoWind_test1,E2_vertical|dynamicperf_v3_2|QR_dynamic_Dim_1p2_0p05_NoWind_test1|segment2,1751896392.39,1.0057058235072944,-0.0082220384586572,1.2006001168037868,1.0083825588226318,-0.0128744123503565,1.2027833461761477,1.25,0.0,1.2,1.0,0.0,1.2,0.0,-0.5386074781417847,0.6878294944763184,0.3519520163536072,1.0057866354618772,-0.009716342438216525,1.2036099855174522,1.0057000133340042,-0.0073789308014546185,1.2032672037072352,0.0030998283182270504,0.0754880160093307,0.5489713549613953
E2_vertical,E2_vertical|dynamicperf_v3_2|QR_dynamic_Dim_1p2_0p05_NoWind_test1,E2_vertical|dynamicperf_v3_2|QR_dynamic_Dim_1p2_0p05_NoWind_test1|segment2,1751896392.47,1.0002500505014038,-0.0106543149174099,1.2012975965424657,1.007615327835083,-0.0131600694730877,1.202617883682251,1.25,0.0,1.2,1.0,0.0,1.2,0.0,-0.3186255991458893,0.0970814898610115,0.2647367417812347,1.0003045682431155,-0.01180078073692459,1.2017799975954562,1.0002008292353168,-0.009409651164796773,1.2014381265351755,0.0030998283182270504,0.0754880160093307,0.5489713549613953
E2_vertical,E2_vertical|dynamicperf_v3_2|QR_dynamic_Dim_1p2_0p05_NoWind_test1,E2_vertical|dynamicperf_v3_2|QR_dynamic_Dim_1p2_0p05_NoWind_test1|segment2,1751896392.66,1.0056920538331169,-0.0096475543414783,1.1981841850377395,1.0060975551605225,-0.0095726093277335,1.1997531652450562,1.25,0.0,1.2,1.0,0.0,1.2,0.0,-0.3301462233066559,-0.0743169113993644,0.0928474888205528,1.0057105137182547,-0.010053739868751814,1.1979229213105858,1.0056285410036339,-0.007714668356025152,1.1975877460387727,0.0030998283182270504,0.0754880160093307,0.5489713549613953
E2_vertical,E2_vertical|dynamicperf_v3_2|QR_dynamic_Dim_1p2_0p05_NoWind_test1,E2_vertical|dynamicperf_v3_2|QR_dynamic_Dim_1p2_0p05_NoWind_test1|segment2,1751896392.82,1.0086714945808266,-0.0068563647520005,1.1956953218014703,1.0058977603912354,-0.0055208001285791,1.197805881500244,1.25,0.0,1.2,1.0,0.0,1.2,0.0,0.0122861098498106,-0.16022989153862,0.16570110619068143,1.008705315822812,-0.007553303579392092,1.1950189847695412,1.0086507820000163,-0.005241099571613047,1.194701569483883,0.0030998283182270504,0.0754880160093307,0.5489713549613953
E2_vertical,E2_vertical|dynamicperf_v3_2|QR_dynamic_Dim_1p2_0p05_NoWind_test1,E2_vertical|dynamicperf_v3_2|QR_dynamic_Dim_1p2_0p05_NoWind_test1|segment2,1751896392.91,0.9993350973843138,-0.0032837211780262,1.194449882050315,1.006534218788147,-0.0025383962783962,1.1994291543960571,1.25,0.0,1.2,1.0,0.0,1.2,0.0,0.3622069954872131,0.105636142194271,0.1856520622968673,0.9993370946720211,-0.004060797396229286,1.194891394083965,0.9993162995137649,-0.0016573066368181964,1.1945763773544782,0.0030998283182270504,0.0754880160093307,0.5489713549613953
E2_vertical,E2_vertical|dynamicperf_v3_2|QR_dynamic_Dim_1p2_0p05_NoWind_test1,E2_vertical|dynamicperf_v3_2|QR_dynamic_Dim_1p2_0p05_NoWind_test1|segment2,1751896393.04,1.0036988830664133,-0.0010107934755681,1.1952499912364063,1.0085554122924805,-0.0006052908138372,1.2004261016845703,1.25,0.0,1.2,1.0,0.0,1.2,0.0,0.5065557360649109,0.060001481324434204,0.3392713069915771,1.0037040891186386,-0.002427210353096316,1.1954991753578779,1.0036978750082834,-6.479359338276343e-05,1.195195469243314,0.0030998283182270504,0.0754880160093307,0.5489713549613953
E2_vertical,E2_vertical|dynamicperf_v3_2|QR_dynamic_Dim_1p2_0p05_NoWind_test1,E2_vertical|dynamicperf_v3_2|QR_dynamic_Dim_1p2_0p05_NoWind_test1|segment2,1751896393.25,1.0062833920427463,0.0008738269845288,1.1958926864630537,1.0085647106170654,-0.0028326013125479,1.199694037437439,1.25,0.0,1.2,1.0,0.0,1.2,0.0,0.2142888605594635,0.465461254119873,0.7229652404785156,1.0062662784243104,-0.0021863723406425964,1.1978760096206327,1.0062594438902408,0.00014973308681804097,1.1975633056023791,0.0030998283182270504,0.0754880160093307,0.5489713549613953
E2_vertical,E2_vertical|dynamicperf_v3_2|QR_dynamic_Dim_1p2_0p05_NoWind_test1,E2_vertical|dynamicperf_v3_2|QR_dynamic_Dim_1p2_0p05_NoWind_test1|segment2,1751896393.37,1.0064906031400316,0.0012019365726528,1.1982178609265708,1.0075457096099854,-0.0044655594974756,1.199723243713379,1.25,0.0,1.2,1.0,0.0,1.2,0.0,0.155383750796318,0.3316022455692291,0.6740296483039856,1.0064870402099155,-0.001657978792643759,1.1996304720536568,1.0064830153219573,0.0006759432534312176,1.1993156723450142,0.0030998283182270504,0.0754880160093307,0.5489713549613953
E2_vertical,E2_vertical|dynamicperf_v3_2|QR_dynamic_Dim_1p2_0p05_NoWind_test1,E2_vertical|dynamicperf_v3_2|QR_dynamic_Dim_1p2_0p05_NoWind_test1|segment2,1751896393.48,1.00965975557709,3.537497644092412e-05,1.199090932052954,1.0117385387420654,-0.0060453349724411,1.206899642944336,1.25,0.0,1.2,1.0,0.0,1.2,0.0,-0.2166668027639389,-0.45520374178886414,0.7088746428489685,1.009692562067602,-0.002941343061356061,1.1971813974122794,1.0096794498015855,-0.0006398607914820201,1.196856041399082,0.0030998283182270504,0.0754880160093307,0.5489713549613953
E2_vertical,E2_vertical|dynamicperf_v3_2|QR_dynamic_Dim_1p2_0p05_NoWind_test1,E2_vertical|dynamicperf_v3_2|QR_dynamic_Dim_1p2_0p05_NoWind_test1|segment2,1751896393.65,1.003729908942655,-0.0024382381581456,1.2020537200205752,1.0140888690948486,-0.0080285025760531,1.2083286046981812,1.25,0.0,1.2,1.0,0.0,1.2,0.0,-0.3821265399456024,0.6976346969604492,1.311169147491455,1.0038933148643847,-0.008058064531797828,1.2050682983527263,1.0038206831465066,-0.005701554833379685,1.2047282921505529,0.0030998283182270504,0.0754880160093307,0.5489713549613953
E2_vertical,E2_vertical|dynamicperf_v3_2|QR_dynamic_Dim_1p2_0p05_NoWind_test1,E2_vertical|dynamicperf_v3_2|QR_dynamic_Dim_1p2_0p05_NoWind_test1|segment2,1751896393.75,1.0070731840444336,-0.0019017234680762,1.2058723168744776,1.0147523880004885,-0.0086868181824684,1.2089861631393433,1.25,0.0,1.2,1.0,0.0,1.2,0.0,-0.2508042156696319,0.6103507280349731,1.3205819129943848,1.00725734734928,-0.007472344049952404,1.2084680119522806,1.0071856208535686,-0.005146882144540575,1.2081379021778489,0.0030998283182270504,0.0754880160093307,0.5489713549613953
E2_vertical,E2_vertical|dynamicperf_v3_2|QR_dynamic_Dim_1p2_0p05_NoWind_test1,E2_vertical|dynamicperf_v3_2|QR_dynamic_Dim_1p2_0p05_NoWind_test1|segment2,1751896393.9,1.011696810836996,-0.0045911610674134,1.20642999557477,1.0139139890670776,-0.0081346370279788,1.2059106826782229,1.25,0.0,1.2,1.0,0.0,1.2,0.0,-0.6875897645950317,0.7460169792175293,1.303701877593994,1.0119657953767722,-0.00993197562724409,1.2095868064455357,1.0118681811367942,-0.007653763311839307,1.209246097574905,0.0030998283182270504,0.0754880160093307,0.5489713549613953
E2_vertical,E2_vertical|dynamicperf_v3_2|QR_dynamic_Dim_1p2_0p05_NoWind_test1,E2_vertical|dynamicperf_v3_2|QR_dynamic_Dim_1p2_0p05_NoWind_test1|segment2,1751896394.03,1.0108782472139068,-6.896177358470951e-05,1.2035488392409208,1.0107975006103516,-0.0081190578639507,1.2014209032058716,1.25,0.0,1.2,1.0,0.0,1.2,0.0,0.013997995294630501,1.3743739128112793,3.011336088180542,1.0113658016866187,-0.01262355818016695,1.209283148462634,1.0112437320661296,-0.01033548043595105,1.2089685025297148,0.0030998283182270504,0.0754880160093307,0.5489713549613953
E2_vertical,E2_vertical|dynamicperf_v3_2|QR_dynamic_Dim_1p2_0p05_NoWind_test1,E2_vertical|dynamicperf_v3_2|QR_dynamic_Dim_1p2_0p05_NoWind_test1|segment2,1751896394.23,1.0062391256234238,0.0090248497109934,1.2059890307201773,0.9979403018951416,-0.0023920491803437,1.196816325187683,1.25,0.0,1.2,1.0,0.0,1.2,0.0,-1.0527410507202148,0.98099023103714,6.083713054656982,1.0067786387395885,-0.016737848489958105,1.2099947052315634,1.0066150494610406,-0.01441297953413861,1.2096287148780647,0.0030998283182270504,0.0754880160093307,0.5489713549613953
E2_vertical,E2_vertical|dynamicperf_v3_2|QR_dynamic_Dim_1p2_0p05_NoWind_test1,E2_vertical|dynamicperf_v3_2|QR_dynamic_Dim_1p2_0p05_NoWind_test1|segment3,1751896399.62,1.00763988652773,-0.0216019323792773,1.5125745250185092,1.0028598308563232,-0.0206392426043748,1.520098090171814,1.25,0.0,1.5,1.0,0.0,1.5,0.0,-0.9698251485824585,-0.3086007535457611,-0.4172897040843963,1.0074243899646103,-0.019619842104563145,1.5116327974280528,1.007231003432371,-0.017300338577804098,1.5112738349682548,0.0030998283182270504,0.0754880160093307,0.5489713549613953
E2_vertical,E2_vertical|dynamicperf_v3_2|QR_dynamic_Dim_1p2_0p05_NoWind_test1,E2_vertical|dynamicperf_v3_2|QR_dynamic_Dim_1p2_0p05_NoWind_test1|segment3,1751896399.71,1.0067652584424636,-0.0202571746093988,1.514041039061845,1.002760410308838,-0.0165161862969398,1.5220208168029783,1.25,0.0,1.5,1.0,0.0,1.5,0.0,-0.5524945855140686,0.0316445068456232,-0.3284984827041626,1.0066617957746715,-0.018726004284297586,1.5143700567010128,1.0064737512871778,-0.016395923989051632,1.5140279458959385,0.0030998283182270504,0.0754880160093307,0.5489713549613953
E2_vertical,E2_vertical|dynamicperf_v3_2|QR_dynamic_Dim_1p2_0p05_NoWind_test1,E2_vertical|dynamicperf_v3_2|QR_dynamic_Dim_1p2_0p05_NoWind_test1|segment3,1751896399.86,1.003339156739347,-0.0167301791423804,1.516673130991045,1.0038272142410278,-0.0117998020723462,1.5232568979263306,1.25,0.0,1.5,1.0,0.0,1.5,0.0,-0.0334683693945407,0.1557738035917282,-0.5816003680229187,1.0032284070361583,-0.014216273098942531,1.517353451371454,1.003080808460122,-0.011849880857440894,1.5170281226855624,0.0030998283182270504,0.0754880160093307,0.5489713549613953
E2_vertical,E2_vertical|dynamicperf_v3_2|QR_dynamic_Dim_1p2_0p05_NoWind_test1,E2_vertical|dynamicperf_v3_2|QR_dynamic_Dim_1p2_0p05_NoWind_test1|segment3,1751896400.04,1.0024289200131231,-0.0117079394186738,1.5178625330687994,1.0014894008636477,-0.0070601310580968,1.5222821235656738,1.25,0.0,1.5,1.0,0.0,1.5,0.0,0.2864181697368622,0.250956192612648,-0.29542122781276703,1.0024517387071723,-0.010520855064371344,1.5188879728543394,1.00233848097993,-0.008145123490840357,1.518574566991572,0.0030998283182270504,0.0754880160093307,0.5489713549613953
E2_vertical,E2_vertical|dynamicperf_v3_2|QR_dynamic_Dim_1p2_0p05_NoWind_test1,E2_vertical|dynamicperf_v3_2|QR_dynamic_Dim_1p2_0p05_NoWind_test1|segment3,1751896400.14,0.9978015666730528,-0.0073542758852331,1.5165083289777783,0.9988327026367188,-0.0045738909393548,1.520241618156433,1.25,0.0,1.5,1.0,0.0,1.5,0.0,0.3256190717220306,-0.0443212501704692,-0.3721340298652649,0.9977458503148651,-0.00580972793009375,1.5162711738976997,0.9976813945170151,-0.0033898307957999207,1.5159527566990472,0.0030998283182270504,0.0754880160093307,0.5489713549613953
E2_vertical,E2_vertical|dynamicperf_v3_2|QR_dynamic_Dim_1p2_0p05_NoWind_test1,E2_vertical|dynamicperf_v3_2|QR_dynamic_Dim_1p2_0p05_NoWind_test1|segment3,1751896400.33,0.9986157912178896,-0.0036746855011377,1.5144513931894863,0.99679297208786,-0.0017972606001421,1.5209470987319946,1.25,0.0,1.5,1.0,0.0,1.5,0.0,-0.0097736911848187,-0.3788335323333741,0.3335431218147278,0.9985513701203422,-0.005136088554282875,1.512789590676114,0.9984970469416274,-0.002726922735162436,1.5124577284836191,0.0030998283182270504,0.0754880160093307,0.5489713549613953
E2_vertical,E2_vertical|dynamicperf_v3_2|QR_dynamic_Dim_1p2_0p05_NoWind_test1,E2_vertical|dynamicperf_v3_2|QR_dynamic_Dim_1p2_0p05_NoWind_test1|segment3,1751896400.42,0.9927728248353382,-0.0013307850243039,1.5137348224372853,0.9963036775588988,-0.0024478631094098,1.5202771425247192,1.25,0.0,1.5,1.0,0.0,1.5,0.0,0.1791079491376876,-0.2234404683113098,0.1908121109008789,0.9927272363581594,-0.0022305199930670334,1.5127273661064036,0.9927014985338034,0.00023578924806657236,1.5123960286397058,0.0030998283182270504,0.0754880160093307,0.5489713549613953
E2_vertical,E2_vertical|dynamicperf_v3_2|QR_dynamic_Dim_1p2_0p05_NoWind_test1,E2_vertical|dynamicperf_v3_2|QR_dynamic_Dim_1p2_0p05_NoWind_test1|segment3,1751896400.62,0.997526984173834,-0.000279895061816,1.514188095249741,0.9974501729011536,-0.0012053822865709,1.5214494466781616,1.25,0.0,1.5,1.0,0.0,1.5,0.0,0.11640672385692588,-0.13763308525085452,0.5132268071174622,0.9975065275305032,-0.0025705026927617587,1.513580978779999,0.9974760678070262,-0.000150247679442698,1.51325312053269,0.0030998283182270504,0.0754880160093307,0.5489713549613953
E2_vertical,E2_vertical|dynamicperf_v3_2|QR_dynamic_Dim_1p2_0p05_NoWind_test1,E2_vertical|dynamicperf_v3_2|QR_dynamic_Dim_1p2_0p05_NoWind_test1|segment3,1751896400.75,0.9961035623653935,-0.0007666627852913,1.5137582034388364,0.9981511235237122,-0.0034513450227677,1.5167696475982666,1.25,0.0,1.5,1.0,0.0,1.5,0.0,0.0638883039355278,0.0664434060454368,0.5578362941741943,0.9961393331171453,-0.0032537264755091062,1.514051763271891,0.9961016561538156,-0.0008202095706592398,1.5137198843165438,0.0030998283182270504,0.0754880160093307,0.5489713549613953
E2_vertical,E2_vertical|dynamicperf_v3_2|QR_dynamic_Dim_1p2_0p05_NoWind_test1,E2_vertical|dynamicperf_v3_2|QR_dynamic_Dim_1p2_0p05_NoWind_test1|segment3,1751896400.86,0.9934239809809632,-0.0019468758905953,1.5121519479465566,0.999540150165558,-0.0040509165264666,1.5153493881225586,1.25,0.0,1.5,1.0,0.0,1.5,0.0,-0.2488265186548233,0.2668224573135376,0.4724789559841156,0.9935077333318917,-0.004009311677337483,1.5133550087838366,0.9934631807279309,-0.0015520494671976805,1.5130063523136756,0.0030998283182270504,0.0754880160093307,0.5489713549613953
E2_vertical,E2_vertical|dynamicperf_v3_2|QR_dynamic_Dim_1p2_0p05_NoWind_test1,E2_vertical|dynamicperf_v3_2|QR_dynamic_Dim_1p2_0p05_NoWind_test1|segment3,1751896401.03,0.9967768322712556,-0.0029047029503476,1.5102001039119206,0.998255729675293,-0.0042447326704859,1.510084629058838,1.25,0.0,1.5,1.0,0.0,1.5,0.0,-0.256129652261734,0.17248670756816864,0.3642784059047699,0.99683202024219,-0.004468761928886566,1.5109752578919857,0.9967861377274272,-0.0020436685594594686,1.5106308732213878,0.0030998283182270504,0.0754880160093307,0.5489713549613953
E2_vertical,E2_vertical|dynamicperf_v3_2|QR_dynamic_Dim_1p2_0p05_NoWind_test1,E2_vertical|dynamicperf_v3_2|QR_dynamic_Dim_1p2_0p05_NoWind_test1|segment3,1751896401.2,0.9984384202326828,-0.0029344872068559,1.5062867562410385,1.0013515949249268,-0.0035318853333592,1.5105974674224854,1.25,0.0,1.5,1.0,0.0,1.5,0.0,-0.0397284813225269,-0.18546727299690244,0.2764067351818084,0.9984364443253189,-0.004143765639760631,1.50547444945762,0.9984012607435813,-0.0017334162407217138,1.5051412651114975,0.0030998283182270504,0.0754880160093307,0.5489713549613953
E2_vertical,E2_vertical|dynamicperf_v3_2|QR_dynamic_Dim_1p2_0p05_NoWind_test1,E2_vertical|dynamicperf_v3_2|QR_dynamic_Dim_1p2_0p05_NoWind_test1|segment3,1751896401.32,1.0000828979032463,-0.0012196545130642,1.504263999431284,0.9979825019836426,-0.0010926269460469,1.5092992782592771,1.25,0.0,1.5,1.0,0.0,1.5,0.0,-0.14987254142761233,0.4427137672901153,0.3975779116153717,1.0001377312236774,-0.0029423588127561223,1.5061980912615212,1.000112911871783,-0.0005485657064118424,1.505862544770568,0.0030998283182270504,0.0754880160093307,0.5489713549613953
E2_vertical,E2_vertical|dynamicperf_v3_2|QR_dynamic_Dim_1p2_0p05_NoWind_test1,E2_vertical|dynamicperf_v3_2|QR_dynamic_Dim_1p2_0p05_NoWind_test1|segment3,1751896401.46,0.9994197953770954,6.079975848541884e-05,1.50452113947089,0.9953684210777284,-0.0016674731159582,1.5040693283081057,1.25,0.0,1.5,1.0,0.0,1.5,0.0,-0.0427242890000343,-0.3715106546878814,0.4087486565113067,0.9994016673511059,-0.0017236286125926197,1.5028962260931646,0.9993930377829354,0.0006772097524937511,1.5025642197387454,0.0030998283182270504,0.0754880160093307,0.5489713549613953
E2_vertical,E2_vertical|dynamicperf_v3_2|QR_dynamic_Dim_1p2_0p05_NoWind_test1,E2_vertical|dynamicperf_v3_2|QR_dynamic_Dim_1p2_0p05_NoWind_test1|segment3,1751896401.6,0.9978377425161308,0.001174458417167,1.500199317009544,0.9986371397972108,-0.0002140644064638,1.5064544677734375,1.25,0.0,1.5,1.0,0.0,1.5,0.0,0.2024061232805252,-0.41104856133461,0.6560129523277283,0.9978458612355328,-0.0017133627382795635,1.498394424937296,0.997843291405198,0.0007038841297347538,1.4980707418593922,0.0030998283182270504,0.0754880160093307,0.5489713549613953
E2_vertical,E2_vertical|dynamicperf_v3_2|QR_dynamic_Dim_1p2_0p05_NoWind_test1,E2_vertical|dynamicperf_v3_2|QR_dynamic_Dim_1p2_0p05_NoWind_test1|segment3,1751896401.76,0.9998034701837616,0.0023359057142334,1.5015732851098615,1.0033726692199707,0.0019267823081463,1.511985182762146,1.25,0.0,1.5,1.0,0.0,1.5,0.0,0.5821694731712341,0.2505395114421844,0.7228773832321167,0.9998034898774021,-0.0008368101357851726,1.5026909635634773,0.9998038769744737,0.0015637593542145063,1.5023853497245465,0.0030998283182270504,0.0754880160093307,0.5489713549613953
E2_vertical,E2_vertical|dynamicperf_v3_2|QR_dynamic_Dim_1p2_0p05_NoWind_test1,E2_vertical|dynamicperf_v3_2|QR_dynamic_Dim_1p2_0p05_NoWind_test1|segment3,1751896401.85,1.0046049802515542,0.0028148460754489,1.5049416741363388,1.0078117847442627,0.0017288282979279,1.5121034383773804,1.25,0.0,1.5,1.0,0.0,1.5,0.0,0.000590764102526,0.6247897744178772,0.4909771680831909,1.0046583436581706,0.0007124731072390785,1.5076173003457547,1.0046666001276885,0.0030639356558834828,1.5072934507900853,0.0030998283182270504,0.0754880160093307,0.5489713549613953
E2_vertical,E2_vertical|dynamicperf_v3_2|QR_dynamic_Dim_1p2_0p05_NoWind_test1,E2_vertical|dynamicperf_v3_2|QR_dynamic_Dim_1p2_0p05_NoWind_test1|segment3,1751896401.99,1.005167314211007,0.0017440630626573,1.5083274765253736,1.006645441055298,0.000953777693212,1.5066328048706057,1.25,0.0,1.5,1.0,0.0,1.5,0.0,0.1873170137405395,0.8184825778007507,0.5401064157485962,1.0053060194731411,-0.000589804166695367,1.511829652440587,1.00529657957723,0.00175740045938649,1.5115143488275018,0.0030998283182270504,0.0754880160093307,0.5489713549613953
E2_vertical,E2_vertical|dynamicperf_v3_2|QR_dynamic_Dim_1p2_0p05_NoWind_test1,E2_vertical|dynamicperf_v3_2|QR_dynamic_Dim_1p2_0p05_NoWind_test1|segment3,1751896402.13,1.0087957694877672,0.0032996703049835,1.5057737277174943,1.0065408945083618,-0.0010878583416342,1.5099314451217651,1.25,0.0,1.5,1.0,0.0,1.5,0.0,0.5779606103897095,0.0411500632762908,1.4952855110168457,1.0087975568719258,-0.0030538816370965765,1.505979950574251,1.008772231934272,-0.0007394914703174706,1.505685212332746,0.0030998283182270504,0.0754880160093307,0.5489713549613953
E2_vertical,E2_vertical|dynamicperf_v3_2|QR_dynamic_Dim_1p2_0p05_NoWind_test1,E2_vertical|dynamicperf_v3_2|QR_dynamic_Dim_1p2_0p05_NoWind_test1|segment3,1751896402.28,1.0081751604544251,0.0063197786973553,1.506237828660214,1.0085940957069397,-0.0031575681641697,1.512060046195984,1.25,0.0,1.5,1.0,0.0,1.5,0.0,-0.4121895730495453,0.8513829708099365,2.1620304584503174,1.0082258246545572,-0.002758548370161705,1.5097847676181564,1.0081971094874507,-0.00044333331702690605,1.509448212834542,0.0030998283182270504,0.0754880160093307,0.5489713549613953
E2_vertical,E2_vertical|dynamicperf_v3_2|QR_dynamic_Dim_1p2_0p05_NoWind_test1,E2_vertical|dynamicperf_v3_2|QR_dynamic_Dim_1p2_0p05_NoWind_test1|segment3,1751896402.46,1.0054993366933898,0.0062179687569029,1.507522742961154,1.003349542617798,-0.003331656102091,1.5103862285614014,1.25,0.0,1.5,1.0,0.0,1.5,0.0,-0.2762436270713806,0.4574014246463775,3.3940482139587402,1.0056254186847209,-0.008227895271036652,1.5094443052092077,1.0055451473479722,-0.005887407845169068,1.5091100273453928,0.0030998283182270504,0.0754880160093307,0.5489713549613953
E2_vertical,E2_vertical|dynamicperf_v3_2|QR_dynamic_Dim_1p2_0p05_NoWind_test1,E2_vertical|dynamicperf_v3_2|QR_dynamic_Dim_1p2_0p05_NoWind_test1|segment3,1751896402.6,1.0014339626551845,0.0095430033055323,1.50571010125672,0.9967036247253418,-0.0049046766944229,1.509141445159912,1.25,0.0,1.5,1.0,0.0,1.5,0.0,-0.6486424207687378,-0.2449284642934799,4.257170677185059,1.001385003590576,-0.00887295817784845,1.5045390817652817,1.0013052942277085,-0.006494762600304925,1.5041845512727992,0.0030998283182270504,0.0754880160093307,0.5489713549613953
E2_vertical,E2_vertical|dynamicperf_v3_2|QR_dynamic_Dim_1p2_0p05_NoWind_test1,E2_vertical|dynamicperf_v3_2|QR_dynamic_Dim_1p2_0p05_NoWind_test1|segment3,1751896402.69,0.9928670262698877,0.0124938047290049,1.5015400014356597,0.9926754236221312,-0.0050353086553514,1.508385419845581,1.25,0.0,1.5,1.0,0.0,1.5,0.0,-1.1856865882873537,0.0692208334803581,4.51773738861084,0.9926812614722436,-0.007769552362796205,1.5015917910933383,0.992616669902546,-0.005311416635731144,1.5012013249292813,0.0030998283182270504,0.0754880160093307,0.5489713549613953
E2_vertical,E2_vertical|dynamicperf_v3_2|QR_dynamic_Dim_1p2_0p05_NoWind_test1,E2_vertical|dynamicperf_v3_2|QR_dynamic_Dim_1p2_0p05_NoWind_test1|segment3,1751896402.88,0.9867167838274488,0.0147041335072239,1.4990326918723846,0.9848975539207458,0.0019410578534007,1.5049076080322266,1.25,0.0,1.5,1.0,0.0,1.5,0.0,-0.1246172711253166,-1.1945747137069702,3.0915119647979736,0.986384996715754,0.00048571129178359934,1.4935120670963444,0.9864105968053564,0.0030118322693735355,1.4931622711923414,0.0030998283182270504,0.0754880160093307,0.5489713549613953
E2_vertical,E2_vertical|dynamicperf_v3_2|QR_dynamic_Dim_1p2_0p05_NoWind_test1,E2_vertical|dynamicperf_v3_2|QR_dynamic_Dim_1p2_0p05_NoWind_test1|segment3,1751896403.04,0.973414753203464,0.0170393636075565,1.490478921104701,0.9782575368881226,0.0111193936318159,1.502680420875549,1.25,0.0,1.5,1.0,0.0,1.5,0.0,1.1233371496200562,-1.376544952392578,1.3800430297851562,0.9733805762649225,0.010563717850828547,1.4841730647747757,0.9735127754522591,0.013223028912948933,1.4838644563389967,0.0030998283182270504,0.0754880160093307,0.5489713549613953
E2_vertical,E2_vertical|dynamicperf_v3_2|QR_dynamic_Dim_1p2_0p05_NoWind_test1,E2_vertical|dynamicperf_v3_2|QR_dynamic_Dim_1p2_0p05_NoWind_test1|segment3,1751896403.13,0.9736159255578892,0.0157919142990948,1.490735755145784,0.9791313409805298,0.0134013406932353,1.5048028230667114,1.25,0.0,1.5,1.0,0.0,1.5,0.0,1.6866270303726196,-1.378296136856079,0.6494733691215515,0.9737431714757208,0.012927149027254023,1.4845591157343496,0.973896334534026,0.015585498048560935,1.4842765919087855,0.0030998283182270504,0.0754880160093307,0.5489713549613953
E2_vertical,E2_vertical|dynamicperf_v3_2|QR_dynamic_Dim_1p2_0p05_NoWind_test1,E2_vertical|dynamicperf_v3_2|QR_dynamic_Dim_1p2_0p05_NoWind_test1|segment3,1751896403.27,0.9730037545381808,0.0135209984712059,1.4947244006231544,0.9798172116279602,0.0144571596756577,1.5081908702850342,1.25,0.0,1.5,1.0,0.0,1.5,0.0,1.067590475082398,-0.6297203302383423,0.1891802698373794,0.9730322357304109,0.012702519359546275,1.4919332220922226,0.973176372419075,0.015362395284630853,1.4916187487542845,0.0030998283182270504,0.0754880160093307,0.5489713549613953
E2_vertical,E2_vertical|dynamicperf_v3_2|QR_dynamic_Dim_1p2_0p05_NoWind_test1,E2_vertical|dynamicperf_v3_2|QR_dynamic_Dim_1p2_0p05_NoWind_test1|segment3,1751896403.46,0.9852935767956486,0.010601148281051,1.5001627903282777,0.9936665892601012,0.0097369514405727,1.5098553895950315,1.25,0.0,1.5,1.0,0.0,1.5,0.0,-0.0816221162676811,0.49984350800514216,0.2477781921625137,0.9852615672582374,0.009456588089828761,1.502456929454343,0.9853612566817818,0.011992254143462893,1.5021030232337784,0.0030998283182270504,0.0754880160093307,0.5489713549613953
E2_vertical,E2_vertical|dynamicperf_v3_2|QR_dynamic_Dim_1p2_0p05_NoWind_test1,E2_vertical|dynamicperf_v3_2|QR_dynamic_Dim_1p2_0p05_NoWind_test1|segment3,1751896403.61,0.991053542747166,0.008999227832953,1.508390832302372,1.0041582584381104,0.0100630186498165,1.5134726762771606,1.25,0.0,1.5,1.0,0.0,1.5,0.0,0.1838106960058212,1.3631263971328735,-0.2626210749149322,0.9913709589316981,0.010157818182993885,1.5145773021496314,0.9914616510195328,0.01263955496248311,1.5142416167942487,0.0030998283182270504,0.0754880160093307,0.5489713549613953
E2_vertical,E2_vertical|dynamicperf_v3_2|QR_dynamic_Dim_1p2_0p05_NoWind_test1,E2_vertical|dynamicperf_v3_2|QR_dynamic_Dim_1p2_0p05_NoWind_test1|segment3,1751896403.74,1.006033960409998,0.0089957019489731,1.5129176474596349,1.012142300605774,0.0108551112934947,1.5169997215270996,1.25,0.0,1.5,1.0,0.0,1.5,0.0,0.3424220979213714,1.272823929786682,0.0911926850676536,1.0063684017900327,0.008530584664894737,1.5183872298514147,1.0064383979739064,0.010870339899235125,1.5180775681891838,0.0030998283182270504,0.0754880160093307,0.5489713549613953
E2_vertical,E2_vertical|dynamicperf_v3_2|QR_dynamic_Dim_1p2_0p05_NoWind_test1,E2_vertical|dynamicperf_v3_2|QR_dynamic_Dim_1p2_0p05_NoWind_test1|segment3,1751896403.85,1.009930632098863,0.0102900540923953,1.5129884137919178,1.01220965385437,0.0111429207026958,1.513137698173523,1.25,0.0,1.5,1.0,0.0,1.5,0.0,0.45800179243087774,1.5414896011352541,0.4479728639125824,1.0102967976495476,0.00831203109794192,1.519523586567813,1.0103634348183326,0.01061545024732683,1.519222756162553,0.0030998283182270504,0.0754880160093307,0.5489713549613953
E2_vertical,E2_vertical|dynamicperf_v3_2|QR_dynamic_Dim_1p2_0p05_NoWind_test1,E2_vertical|dynamicperf_v3_2|QR_dynamic_Dim_1p2_0p05_NoWind_test1|segment3,1751896404.07,1.012021981887819,0.0096530861295579,1.511231902298793,1.0098971128463743,0.0032770112156867,1.5071626901626587,1.25,0.0,1.5,1.0,0.0,1.5,0.0,0.0942211747169494,0.6813801527023315,0.8105624318122864,1.0120600715438761,0.006269210005740883,1.514077011681261,1.0121129214024145,0.008550964578866902,1.5137656691356782,0.0030998283182270504,0.0754880160093307,0.5489713549613953
E2_vertical,E2_vertical|dynamicperf_v3_2|QR_dynamic_Dim_1p2_0p05_NoWind_test1,E2_vertical|dynamicperf_v3_2|QR_dynamic_Dim_1p2_0p05_NoWind_test1|segment3,1751896404.16,1.0141164910953748,0.0074969543612184,1.5066820452599454,1.0089349746704102,0.0022891210392117,1.510342717170715,1.25,0.0,1.5,1.0,0.0,1.5,0.0,-0.5071180462837219,0.0404264703392982,0.5334473252296448,1.014061094236312,0.0053593774712042295,1.506781861607495,1.014113900232981,0.007617174299408406,1.5064506138548952,0.0030998283182270504,0.0754880160093307,0.5489713549613953
E2_vertical,E2_vertical|dynamicperf_v3_2|QR_dynamic_Dim_1p2_0p05_NoWind_test1,E2_vertical|dynamicperf_v3_2|QR_dynamic_Dim_1p2_0p05_NoWind_test1|segment3,1751896404.27,1.0119939453356872,0.003903128345654,1.5045576771908271,1.0066204071044922,0.0014469273155555,1.5112487077713013,1.25,0.0,1.5,1.0,0.0,1.5,0.0,-0.2716118693351745,0.0235575847327709,0.3643028140068054,1.0119756885950517,0.002411323043385909,1.5046369807537816,1.0120035874094624,0.004690469757214652,1.504312305256061,0.0030998283182270504,0.0754880160093307,0.5489713549613953
E2_vertical,E2_vertical|dynamicperf_v3_2|QR_dynamic_Dim_1p2_0p05_NoWind_test1,E2_vertical|dynamicperf_v3_2|QR_dynamic_Dim_1p2_0p05_NoWind_test1|segment3,1751896404.47,1.0065670587069817,0.0029434210603278,1.5051427912676962,1.0023401975631714,0.0001663346774876,1.5094342231750488,1.25,0.0,1.5,1.0,0.0,1.5,0.0,0.079029195010662,-0.3179804384708404,0.5899263024330139,1.0065249158984837,0.0004295342427537125,1.5037957684630983,1.0065354678703482,0.0027627152087458624,1.5034782086907834,0.0030998283182270504,0.0754880160093307,0.5489713549613953
E2_vertical,E2_vertical|dynamicperf_v3_2|QR_dynamic_Dim_1p2_0p05_NoWind_test1,E2_vertical|dynamicperf_v3_2|QR_dynamic_Dim_1p2_0p05_NoWind_test1|segment3,1751896404.6,1.0019842920095527,0.0017366050096787,1.5044445254583974,1.002796292304993,0.0007822002517059,1.5110667943954468,1.25,0.0,1.5,1.0,0.0,1.5,0.0,-0.1376284956932068,-0.2232704758644104,0.074742205440998,1.0019668037000369,0.001423718652398755,1.5034738410924424,1.0019873832255919,0.0037993892037545317,1.5031412697913067,0.0030998283182270504,0.0754880160093307,0.5489713549613953
E2_vertical,E2_vertical|dynamicperf_v3_2|QR_dynamic_Dim_1p2_0p05_NoWind_test1,E2_vertical|dynamicperf_v3_2|QR_dynamic_Dim_1p2_0p05_NoWind_test1|segment3,1751896404.73,1.0015520685522186,-2.62951930517872e-05,1.5051374900852843,1.0009925365447998,-0.0003373813524376,1.5081273317337036,1.25,0.0,1.5,1.0,0.0,1.5,0.0,-0.1858624815940857,0.11515011638402932,-0.0048454916104674,1.0015628955518348,1.1380755042160853e-05,1.5056368555405397,1.001567022117087,0.0023909991780117776,1.505301675174305,0.0030998283182270504,0.0754880160093307,0.5489713549613953
E2_vertical,E2_vertical|dynamicperf_v3_2|QR_dynamic_Dim_1p2_0p05_NoWind_test1,E2_vertical|dynamicperf_v3_2|QR_dynamic_Dim_1p2_0p05_NoWind_test1|segment3,1751896404.88,1.0023392793561017,-0.000631880801527,1.5047402093300015,1.0028187036514282,0.0028045454528182,1.510208249092102,1.25,0.0,1.5,1.0,0.0,1.5,0.0,-0.4200583398342132,-0.0473806150257587,-0.3683546185493469,1.0023367198252455,0.0009951252946749313,1.5045399103981918,1.0023515285619407,0.003365779881791058,1.5041961324901163,0.0030998283182270504,0.0754880160093307,0.5489713549613953
E2_vertical,E2_vertical|dynamicperf_v3_2|QR_dynamic_Dim_1p2_0p05_NoWind_test1,E2_vertical|dynamicperf_v3_2|QR_dynamic_Dim_1p2_0p05_NoWind_test1|segment3,1751896404.97,1.0027163819894136,-0.0001878654312444,1.5041352712958451,1.0060312747955322,0.0045086708851158,1.511433243751526,1.25,0.0,1.5,1.0,0.0,1.5,0.0,0.0265806019306182,0.1734839230775833,-0.5496593117713928,1.002739594024287,0.0021823394600936144,1.5048839051713319,1.0027656597546348,0.004551840634520272,1.504559084205519,0.0030998283182270504,0.0754880160093307,0.5489713549613953
E2_vertical,E2_vertical|dynamicperf_v3_2|QR_dynamic_Dim_1p2_0p05_NoWind_test1,E2_vertical|dynamicperf_v3_2|QR_dynamic_Dim_1p2_0p05_NoWind_test1|segment3,1751896405.11,1.0033107866298412,0.0024911949051245,1.506303537591409,1.0029945373535156,0.0094697270542383,1.508108615875244,1.25,0.0,1.5,1.0,0.0,1.5,0.0,0.2785796821117401,0.9504074454307556,-0.6562657356262207,1.0034938357625438,0.005284282912380996,1.510406535371946,1.0035428196152885,0.007649220914171213,1.51009238760816,0.0030998283182270504,0.0754880160093307,0.5489713549613953
E2_vertical,E2_vertical|dynamicperf_v3_2|QR_dynamic_Dim_1p2_0p05_NoWind_test1,E2_vertical|dynamicperf_v3_2|QR_dynamic_Dim_1p2_0p05_NoWind_test1|segment3,1751896405.28,0.9996656509532864,0.0072350501884344,1.5066632328386358,0.9992926716804504,0.0114753367379307,1.5077687501907349,1.25,0.0,1.5,1.0,0.0,1.5,0.0,0.4179849624633789,-0.2414985597133636,-0.004237557761371101,0.9996401000181804,0.007204764858411502,1.5056606342543157,0.9997138444930774,0.009605621511150773,1.5053482083618699,0.0030998283182270504,0.0754880160093307,0.5489713549613953
E2_vertical,E2_vertical|dynamicperf_v3_2|QR_dynamic_Dim_1p2_0p05_NoWind_test1,E2_vertical|dynamicperf_v3_2|QR_dynamic_Dim_1p2_0p05_NoWind_test1|segment3,1751896405.4,0.995473223384702,0.0092628181256891,1.5035092612457062,0.9990813732147216,0.0130739314481616,1.5101215839385986,1.25,0.0,1.5,1.0,0.0,1.5,0.0,1.0074981451034546,-0.24339175224304196,-0.7731213569641113,0.9956072276714201,0.01263338004587921,1.502590332775863,0.9957374680614199,0.015075794643352548,1.502297824263956,0.0030998283182270504,0.0754880160093307,0.5489713549613953
E2_vertical,E2_vertical|dynamicperf_v3_2|QR_dynamic_Dim_1p2_0p05_NoWind_test1,E2_vertical|dynamicperf_v3_2|QR_dynamic_Dim_1p2_0p05_NoWind_test1|segment3,1751896405.59,1.001184766241784,0.0076252806390668,1.5026432758269463,0.99797523021698,0.0143719334155321,1.511071801185608,1.25,0.0,1.5,1.0,0.0,1.5,0.0,0.993595361709595,-0.4329298138618469,-2.22446870803833,1.0016525585079203,0.017230776837572494,1.5008949837927898,1.001828604783802,0.01961480037638087,1.5006087402712736,0.0030998283182270504,0.0754880160093307,0.5489713549613953
E2_vertical,E2_vertical|dynamicperf_v3_2|QR_dynamic_Dim_1p2_0p05_NoWind_test1,E2_vertical|dynamicperf_v3_2|QR_dynamic_Dim_1p2_0p05_NoWind_test1|segment3,1751896405.69,1.000490321310079,0.0023654230308079,1.5018575966135557,0.9971657395362854,0.0095222303643822,1.5064516067504885,1.25,0.0,1.5,1.0,0.0,1.5,0.0,1.210262656211853,-0.0818033888936042,-2.9919252395629883,1.0009493509072924,0.015345830864150752,1.5015509070993773,1.0011067013663537,0.017737872080281512,1.5012725724211438,0.0030998283182270504,0.0754880160093307,0.5489713549613953
E2_vertical,E2_vertical|dynamicperf_v3_2|QR_dynamic_Dim_1p2_0p05_NoWind_test1,E2_vertical|dynamicperf_v3_2|QR_dynamic_Dim_1p2_0p05_NoWind_test1|segment3,1751896405.87,0.9937437764202376,-0.0023678979967522,1.500224969138554,0.99587881565094,0.0037324174772948,1.5050368309020996,1.25,0.0,1.5,1.0,0.0,1.5,0.0,-0.0351868197321891,0.33911073207855225,-2.457095146179199,0.9938836913173017,0.008620194054073198,1.501743088241148,0.993975952192439,0.011073634130797734,1.5014040109566646,0.0030998283182270504,0.0754880160093307,0.5489713549613953
E2_vertical,E2_vertical|dynamicperf_v3_2|QR_dynamic_Dim_1p2_0p05_NoWind_test1,E2_vertical|dynamicperf_v3_2|QR_dynamic_Dim_1p2_0p05_NoWind_test1|segment3,1751896406.01,0.9997497726857552,-0.0057304193471224,1.5014910574222975,0.9960576891899108,-0.0020652897655963,1.5054945945739746,1.25,0.0,1.5,1.0,0.0,1.5,0.0,-0.6958611011505127,-0.2020270675420761,-1.0947867631912231,0.9996823745308678,-0.0009293713938534172,1.500678142513991,0.9996842206088405,0.0014648768932737104,1.5003192999304913,0.0030998283182270504,0.0754880160093307,0.5489713549613953
E2_vertical,E2_vertical|dynamicperf_v3_2|QR_dynamic_Dim_1p2_0p05_NoWind_test1,E2_vertical|dynamicperf_v3_2|QR_dynamic_Dim_1p2_0p05_NoWind_test1|segment3,1751896406.16,0.9951474014046088,-0.0075968500332008,1.4993878163176242,0.9977424144744872,-0.0077238455414772,1.5062379837036133,1.25,0.0,1.5,1.0,0.0,1.5,0.0,-0.7769563794136047,-9.516208956483752e-05,-0.4809980690479278,0.9950925440654408,-0.005464722405564347,1.4994904628448842,0.9950529465819437,-0.0030269850462511065,1.4991218057777298,0.0030998283182270504,0.0754880160093307,0.5489713549613953
E2_vertical,E2_vertical|dynamicperf_v3_2|QR_dynamic_Dim_1p2_0p05_NoWind_test1,E2_vertical|dynamicperf_v3_2|QR_dynamic_Dim_1p2_0p05_NoWind_test1|segment3,1751896406.26,0.9965810900422922,-0.0094063219586286,1.5007733209550806,0.9985941052436828,-0.0100989611819386,1.5088376998901367,1.25,0.0,1.5,1.0,0.0,1.5,0.0,-0.5435365438461304,-0.09757547825574871,-0.0387169085443019,0.9965736955504529,-0.00922731516048845,1.5004309410820849,0.9964966512031186,-0.006802020963463002,1.5000741742615642,0.0030998283182270504,0.0754880160093307,0.5489713549613953
E2_vertical,E2_vertical|dynamicperf_v3_2|QR_dynamic_Dim_1p2_0p05_NoWind_test1,E2_vertical|dynamicperf_v3_2|QR_dynamic_Dim_1p2_0p05_NoWind_test1|segment3,1751896406.47,0.9977965104196872,-0.0107826512709309,1.5017329499892926,1.003861665725708,-0.0157466139644384,1.5065364837646484,1.25,0.0,1.5,1.0,0.0,1.5,0.0,-0.3479823172092438,-0.0241104662418365,0.3375180065631866,0.9978636068005778,-0.012257416781111096,1.5016922762254916,0.9977557298224267,-0.009843085441688666,1.5013456121855098,0.0030998283182270504,0.0754880160093307,0.5489713549613953
E2_vertical,E2_vertical|dynamicperf_v3_2|QR_dynamic_Dim_1p2_0p05_NoWind_test1,E2_vertical|dynamicperf_v3_2|QR_dynamic_Dim_1p2_0p05_NoWind_test1|segment3,1751896406.56,1.004215162762896,-0.0120882944853819,1.5022165264894454,1.005910038948059,-0.0155366687104105,1.5050073862075806,1.25,0.0,1.5,1.0,0.0,1.5,0.0,-0.6382691860198975,0.7374956011772156,1.2009236812591553,1.004572581011125,-0.01721043320049275,1.5055144416239652,1.0044115773963171,-0.014861467125500169,1.5051661926818516,0.0030998283182270504,0.0754880160093307,0.5489713549613953
E2_vertical,E2_vertical|dynamicperf_v3_2|QR_dynamic_Dim_1p2_0p05_NoWind_test1,E2_vertical|dynamicperf_v3_2|QR_dynamic_Dim_1p2_0p05_NoWind_test1|segment3,1751896406.73,1.0041471649328713,-0.0138930658709639,1.5042620960756603,1.00766921043396,-0.0147895133122801,1.5042937994003296,1.25,0.0,1.5,1.0,0.0,1.5,0.0,-0.4864332973957062,0.6855173707008362,1.1293507814407349,1.004538011801295,-0.01869797400043994,1.5073210225116174,1.0043603195881168,-0.016347431944291696,1.506979120916886,0.0030998283182270504,0.0754880160093307,0.5489713549613953
E2_vertical,E2_vertical|dynamicperf_v3_2|QR_dynamic_Dim_1p2_0p05_NoWind_test1,E2_vertical|dynamicperf_v3_2|QR_dynamic_Dim_1p2_0p05_NoWind_test1|segment3,1751896406.86,1.0063247030673228,-0.0151206442896003,1.50340006689772,1.0063985586166382,-0.0197935868054628,1.5070422887802124,1.25,0.0,1.5,1.0,0.0,1.5,0.0,-0.3367474675178528,0.49040257930755615,0.8188449740409852,1.0066041714862963,-0.018580680376170163,1.5055743746515924,1.0064300226284695,-0.016249290185539146,1.5052413133438352,0.0030998283182270504,0.0754880160093307,0.5489713549613953
E2_vertical,E2_vertical|dynamicperf_v3_2|QR_dynamic_Dim_1p2_0p05_NoWind_test1,E2_vertical|dynamicperf_v3_2|QR_dynamic_Dim_1p2_0p05_NoWind_test1|segment3,1751896406.96,1.0074656457176774,-0.0156679019825622,1.5031148504866472,1.005626916885376,-0.0168520603328943,1.5088129043579102,1.25,0.0,1.5,1.0,0.0,1.5,0.0,-0.8820720314979554,0.1362506747245788,0.6163671016693115,1.007656355092628,-0.01822614277836111,1.503932422366034,1.007487690629281,-0.015908366217058902,1.5035780079956729,0.0030998283182270504,0.0754880160093307,0.5489713549613953
E2_vertical,E2_vertical|dynamicperf_v3_2|QR_dynamic_Dim_1p2_0p05_NoWind_test1,E2_vertical|dynamicperf_v3_2|QR_dynamic_Dim_1p2_0p05_NoWind_test1|segment3,1751896407.16,1.001082841664075,-0.0147520268839669,1.5023428720341905,1.0016130805015564,-0.012324989773333,1.5063748359680176,1.25,0.0,1.5,1.0,0.0,1.5,0.0,-0.024734154343605,0.2044657617807388,0.5971699953079224,1.0012600702934416,-0.01734442169405694,1.503237509268087,1.001101255421586,-0.014960375041362587,1.5029094993550507,0.0030998283182270504,0.0754880160093307,0.5489713549613953
E2_vertical,E2_vertical|dynamicperf_v3_2|QR_dynamic_Dim_1p2_0p05_NoWind_test1,E2_vertical|dynamicperf_v3_2|QR_dynamic_Dim_1p2_0p05_NoWind_test1|segment3,1751896407.24,1.002269548125162,-0.0116231845824841,1.5016211412186395,1.0010045766830444,-0.012903063558042,1.5054454803466797,1.25,0.0,1.5,1.0,0.0,1.5,0.0,0.2084944546222686,-0.15965762734413141,-0.0339618325233459,1.0022592608990746,-0.011482161552538207,1.500888515958959,1.0021596397502823,-0.009106770132610574,1.500570853608765,0.0030998283182270504,0.0754880160093307,0.5489713549613953
E2_vertical,E2_vertical|dynamicperf_v3_2|QR_dynamic_Dim_1p2_0p05_NoWind_test1,E2_vertical|dynamicperf_v3_2|QR_dynamic_Dim_1p2_0p05_NoWind_test1|segment3,1751896407.38,0.9992589902012872,-0.009478763569092,1.5000821000491282,0.9967856407165528,-0.0111189428716897,1.5039411783218384,1.25,0.0,1.5,1.0,0.0,1.5,0.0,0.4890783429145813,-0.1835574656724929,0.20737214386463163,0.9992962233849294,-0.010386563959495368,1.499197893927781,0.9992093102650653,-0.007981308613143688,1.4988880875967505,0.0030998283182270504,0.0754880160093307,0.5489713549613953
E2_vertical,E2_vertical|dynamicperf_v3_2|QR_dynamic_Dim_1p2_0p05_NoWind_test1,E2_vertical|dynamicperf_v3_2|QR_dynamic_Dim_1p2_0p05_NoWind_test1|segment3,1751896407.53,1.0012248525837546,-0.0085538107293581,1.4985629829111689,0.9972739219665528,-0.0116564584895968,1.5040935277938845,1.25,0.0,1.5,1.0,0.0,1.5,0.0,-0.19360598921775812,-0.1686983853578567,0.0852544754743576,1.0012430872232803,-0.008928770550472531,1.4978594228968807,1.0011721025854483,-0.006546129519668981,1.4975236469058322,0.0030998283182270504,0.0754880160093307,0.5489713549613953
E2_vertical,E2_vertical|dynamicperf_v3_2|QR_dynamic_Dim_1p2_0p05_NoWind_test1,E2_vertical|dynamicperf_v3_2|QR_dynamic_Dim_1p2_0p05_NoWind_test1|segment3,1751896407.67,0.9976437710844396,-0.0084329762181092,1.4997710274257343,0.9983254671096802,-0.0106346914544701,1.5049960613250732,1.25,0.0,1.5,1.0,0.0,1.5,0.0,-0.374604731798172,-0.2960942387580871,0.36828857660293585,0.9977074663726986,-0.010056187712037932,1.4985220441701756,0.9976250436898086,-0.0076406565499224565,1.4981736419483445,0.0030998283182270504,0.0754880160093307,0.5489713549613953
E2_vertical,E2_vertical|dynamicperf_v3_2|QR_dynamic_Dim_1p2_0p05_NoWind_test1,E2_vertical|dynamicperf_v3_2|QR_dynamic_Dim_1p2_0p05_NoWind_test1|segment3,1751896407.81,1.001376921345242,-0.0082213955484483,1.5003333531080345,0.999640703201294,-0.012280199676752,1.5046367645263672,1.25,0.0,1.5,1.0,0.0,1.5,0.0,-0.5470446944236755,-0.0092696547508239,0.4568005204200744,1.0014502770518485,-0.010199746968993022,1.5003716086575982,1.001363784754555,-0.007821106941480917,1.5000215281046068,0.0030998283182270504,0.0754880160093307,0.5489713549613953
E2_vertical,E2_vertical|dynamicperf_v3_2|QR_dynamic_Dim_1p2_0p05_NoWind_test1,E2_vertical|dynamicperf_v3_2|QR_dynamic_Dim_1p2_0p05_NoWind_test1|segment3,1751896407.95,1.0026551247711946,-0.0078339443472175,1.5007884232033786,1.0026321411132812,-0.0114767104387283,1.5052610635757446,1.25,0.0,1.5,1.0,0.0,1.5,0.0,-0.6325087547302246,0.0817551985383033,0.3901485204696655,1.002715640585544,-0.009508823171643583,1.5012277898878863,1.002634496472802,-0.007142812327012696,1.5008760673108217,0.0030998283182270504,0.0754880160093307,0.5489713549613953
E2_vertical,E2_vertical|dynamicperf_v3_2|QR_dynamic_Dim_1p2_0p05_NoWind_test1,E2_vertical|dynamicperf_v3_2|QR_dynamic_Dim_1p2_0p05_NoWind_test1|segment3,1751896408.15,1.001138153407677,-0.0063144485722783,1.5013837568910526,1.0043691396713257,-0.0028105142991989,1.5052260160446167,1.25,0.0,1.5,1.0,0.0,1.5,0.0,-0.0002532882499508,0.4265614748001098,0.5378912687301636,1.0012255969136836,-0.008650276881071844,1.5032364814496808,1.001150088913123,-0.006266137286021515,1.5029091250939992,0.0030998283182270504,0.0754880160093307,0.5489713549613953
E2_vertical,E2_vertical|dynamicperf_v3_2|QR_dynamic_Dim_1p2_0p05_NoWind_test1,E2_vertical|dynamicperf_v3_2|QR_dynamic_Dim_1p2_0p05_NoWind_test1|segment3,1751896408.28,1.004197966787474,-0.0029981877636245,1.5006466862415082,1.00538170337677,-0.0051807197742164,1.50156831741333,1.25,0.0,1.5,1.0,0.0,1.5,0.0,0.7604430913925171,0.1050281375646591,0.947221577167511,1.0042827831399885,-0.007069517714075808,1.5010574129907608,1.0042251641026005,-0.004710821203735123,1.5007648970946779,0.0030998283182270504,0.0754880160093307,0.5489713549613953
E2_vertical,E2_vertical|dynamicperf_v3_2|QR_dynamic_Dim_1p2_0p05_NoWind_test1,E2_vertical|dynamicperf_v3_2|QR_dynamic_Dim_1p2_0p05_NoWind_test1|segment3,1751896408.38,1.0065973493780072,-0.0016649959750369,1.4973657540823884,1.006546974182129,-0.0042362553067505,1.50144624710083,1.25,0.0,1.5,1.0,0.0,1.5,0.0,0.1969653517007827,0.0834477394819259,1.0175279378890991,1.0066615519731215,-0.0059781452335852915,1.4977145494099418,1.0066185666098222,-0.0036454432366740527,1.497401843439297,0.0030998283182270504,0.0754880160093307,0.5489713549613953
E2_vertical,E2_vertical|dynamicperf_v3_2|QR_dynamic_Dim_1p2_0p05_NoWind_test1,E2_vertical|dynamicperf_v3_2|QR_dynamic_Dim_1p2_0p05_NoWind_test1|segment3,1751896408.58,1.004911640470209,-0.0027117875772416,1.4969213476912149,1.0066916942596436,-0.0064246440306305,1.5000325441360474,1.25,0.0,1.5,1.0,0.0,1.5,0.0,0.2698963582515716,0.0531132072210311,0.8820809721946716,1.00497944752796,-0.006470017655201739,1.4971358060917006,1.0049325237999367,-0.004120782886404816,1.4968239763475257,0.0030998283182270504,0.0754880160093307,0.5489713549613953
E2_vertical,E2_vertical|dynamicperf_v3_2|QR_dynamic_Dim_1p2_0p05_NoWind_test1,E2_vertical|dynamicperf_v3_2|QR_dynamic_Dim_1p2_0p05_NoWind_test1|segment3,1751896408.67,1.0072770704806977,-0.0052008351386775,1.496477907864072,1.007298469543457,-0.0093995090574026,1.500300407409668,1.25,0.0,1.5,1.0,0.0,1.5,0.0,-0.4097472131252289,0.0306093078106641,0.7087846994400024,1.0073584614419988,-0.008228070863938487,1.4966448622010518,1.0072957068698312,-0.005905404599409415,1.4963085739492366,0.0030998283182270504,0.0754880160093307,0.5489713549613953
E2_vertical,E2_vertical|dynamicperf_v3_2|QR_dynamic_Dim_1p2_0p05_NoWind_test1,E2_vertical|dynamicperf_v3_2|QR_dynamic_Dim_1p2_0p05_NoWind_test1|segment3,1751896408.85,1.0087815795386763,-0.007251168988226,1.4988068067142146,1.0079376697540283,-0.0082589089870452,1.5037391185760498,1.25,0.0,1.5,1.0,0.0,1.5,0.0,-0.4059254229068756,0.3026400506496429,0.9111015200614928,1.0089248438107485,-0.011094191430421514,1.500132350300915,1.0088297492339546,-0.008786304289276478,1.4997986690584617,0.0030998283182270504,0.0754880160093307,0.5489713549613953
E2_vertical,E2_vertical|dynamicperf_v3_2|QR_dynamic_Dim_1p2_0p05_NoWind_test1,E2_vertical|dynamicperf_v3_2|QR_dynamic_Dim_1p2_0p05_NoWind_test1|segment3,1751896408.97,1.0081784480398386,-0.0077238391449618,1.4992923910551184,1.013596773147583,-0.0092710591852664,1.505299687385559,1.25,0.0,1.5,1.0,0.0,1.5,0.0,-0.2679535150527954,0.15097910165786743,1.0285505056381226,1.008355187628243,-0.01206668447310823,1.4999657418322665,1.0082509999275264,-0.009752453842244378,1.4996366792171911,0.0030998283182270504,0.0754880160093307,0.5489713549613953
E2_vertical,E2_vertical|dynamicperf_v3_2|QR_dynamic_Dim_1p2_0p05_NoWind_test1,E2_vertical|dynamicperf_v3_2|QR_dynamic_Dim_1p2_0p05_NoWind_test1|segment3,1751896409.14,1.0094650041284037,-0.0050447404670805,1.5003478099633991,1.0075958967208862,-0.0085912076756358,1.5020726919174194,1.25,0.0,1.5,1.0,0.0,1.5,0.0,-0.7021787762641907,-0.080278180539608,1.7879210710525513,1.009739019847904,-0.01254235880136048,1.5000725889232223,1.0096301930664011,-0.01024384099302517,1.4997275050206582,0.0030998283182270504,0.0754880160093307,0.5489713549613953
E2_vertical,E2_vertical|dynamicperf_v3_2|QR_dynamic_Dim_1p2_0p05_NoWind_test1,E2_vertical|dynamicperf_v3_2|QR_dynamic_Dim_1p2_0p05_NoWind_test1|segment3,1751896409.28,1.0080633497472866,-0.0018828570215347,1.4974846083811402,1.005812168121338,-0.0054659652523696,1.498840570449829,1.25,0.0,1.5,1.0,0.0,1.5,0.0,-0.4085665643215179,0.5501941442489624,2.326206922531128,1.0083270110290226,-0.011719624276975506,1.4998214231149047,1.0082263965796405,-0.009406154570873798,1.4994861650196087,0.0030998283182270504,0.0754880160093307,0.5489713549613953
E2_vertical,E2_vertical|dynamicperf_v3_2|QR_dynamic_Dim_1p2_0p05_NoWind_test1,E2_vertical|dynamicperf_v3_2|QR_dynamic_Dim_1p2_0p05_NoWind_test1|segment3,1751896409.38,1.007621917946205,0.0024869073934416,1.4990313859639397,1.0065810680389404,-0.0012352713383734,1.5035585165023804,1.25,0.0,1.5,1.0,0.0,1.5,0.0,-0.1669729351997375,0.1082310676574707,2.096604108810425,1.0076918860323623,-0.006384916316792247,1.4994819935478567,1.0076427669377173,-0.004064008993792921,1.4991556097446468,0.0030998283182270504,0.0754880160093307,0.5489713549613953
E2_vertical,E2_vertical|dynamicperf_v3_2|QR_dynamic_Dim_1p2_0p05_NoWind_test1,E2_vertical|dynamicperf_v3_2|QR_dynamic_Dim_1p2_0p05_NoWind_test1|segment3,1751896409.52,1.0098216368592283,0.0045817774523941,1.497161344506164,1.0049957036972046,0.0024844424333422,1.5037795305252075,1.25,0.0,1.5,1.0,0.0,1.5,0.0,0.5669649839401245,0.0533604584634304,2.1213085651397705,1.0098131088481155,-0.004283897933513355,1.497430504348247,1.0097863891747743,-0.0019794676304136457,1.4971364964076401,0.0030998283182270504,0.0754880160093307,0.5489713549613953
E2_vertical,E2_vertical|dynamicperf_v3_2|QR_dynamic_Dim_1p2_0p05_NoWind_test1,E2_vertical|dynamicperf_v3_2|QR_dynamic_Dim_1p2_0p05_NoWind_test1|segment3,1751896409.66,1.0156992659237207,0.0074234719046302,1.4948452441875006,1.0105565786361694,0.0024532109964638,1.4992094039916992,1.25,0.0,1.5,1.0,0.0,1.5,0.0,0.9213998317718506,-0.0183197557926177,2.539851665496826,1.015598457168868,-0.002884759753759255,1.4948903707730612,1.0155876726401019,-0.0006340977999452422,1.4946174232021592,0.0030998283182270504,0.0754880160093307,0.5489713549613953
E2_vertical,E2_vertical|dynamicperf_v3_2|QR_dynamic_Dim_1p2_0p05_NoWind_test1,E2_vertical|dynamicperf_v3_2|QR_dynamic_Dim_1p2_0p05_NoWind_test1|segment3,1751896409.84,1.0126331964451731,0.0108383156059838,1.4948990573928382,1.0097209215164185,-0.0017308398382738,1.4956433773040771,1.25,0.0,1.5,1.0,0.0,1.5,0.0,-1.0300344228744511,1.0036735534667969,3.747698068618775,1.012382265854367,-0.00479680791915397,1.4988636973227523,1.012349254764276,-0.0025266391316824868,1.4985075141221613,0.0030998283182270504,0.0754880160093307,0.5489713549613953
E2_vertical,E2_vertical|dynamicperf_v3_2|QR_dynamic_Dim_1p2_0p05_NoWind_test1,E2_vertical|dynamicperf_v3_2|QR_dynamic_Dim_1p2_0p05_NoWind_test1|segment3,1751896409.94,1.0071294932041266,0.0124856495303455,1.4955084241736034,1.0048797726631165,-0.0020889495499431,1.492897093296051,1.25,0.0,1.5,1.0,0.0,1.5,0.0,-1.0769662857055664,1.62078058719635,4.476492881774902,1.0068662623254714,-0.006597711217707185,1.5021458285077087,1.0068113677163653,-0.004275187548622396,1.5017778268539044,0.0030998283182270504,0.0754880160093307,0.5489713549613953
E2_vertical,E2_vertical|dynamicperf_v3_2|QR_dynamic_Dim_1p2_0p05_NoWind_test1,E2_vertical|dynamicperf_v3_2|QR_dynamic_Dim_1p2_0p05_NoWind_test1|segment3,1751896410.08,1.0022046699354863,0.0158517826355087,1.490304080380253,0.9942047595977784,-0.0008533499203622,1.488883137702942,1.25,0.0,1.5,1.0,0.0,1.5,0.0,0.0056088925339281,-0.2522590160369873,5.157464027404785,1.0018277396495803,-0.006482516407155277,1.4892147487107736,1.0017913896766353,-0.004103209665923563,1.4888885237902965,0.0030998283182270504,0.0754880160093307,0.5489713549613953
E2_vertical,E2_vertical|dynamicperf_v3_2|QR_dynamic_Dim_1p2_0p05_NoWind_test1,E2_vertical|dynamicperf_v3_2|QR_dynamic_Dim_1p2_0p05_NoWind_test1|segment3,1751896410.31,0.9902727462937212,0.0196491663781555,1.4824018016927227,0.9807032346725464,0.001417078252416,1.4861019849777222,1.25,0.0,1.5,1.0,0.0,1.5,0.0,0.6319239139556885,-1.6835145950317387,3.6128270626068124,0.9901600752957532,0.0034754272990648034,1.4749966487125286,0.9902354644414799,0.0059754082297213615,1.4746876867240675,0.0030998283182270504,0.0754880160093307,0.5489713549613953
E2_vertical,E2_vertical|dynamicperf_v3_2|QR_dynamic_Dim_1p2_0p05_NoWind_test1,E2_vertical|dynamicperf_v3_2|QR_dynamic_Dim_1p2_0p05_NoWind_test1|segment3,1751896410.4,0.9819112099167367,0.0178424770137491,1.4754631250410823,0.978846788406372,0.0022438061423599,1.4868507385253906,1.25,0.0,1.5,1.0,0.0,1.5,0.0,0.0486791506409645,-1.2640634775161743,2.567990303039551,0.9819856607681658,0.005860852367346778,1.469570146850582,0.9820939614882431,0.008435039425387128,1.4692231218952785,0.0030998283182270504,0.0754880160093307,0.5489713549613953
E2_vertical,E2_vertical|dynamicperf_v3_2|QR_dynamic_Dim_1p2_0p05_NoWind_test1,E2_vertical|dynamicperf_v3_2|QR_dynamic_Dim_1p2_0p05_NoWind_test1|segment3,1751896410.57,0.980143222172007,0.0129833112477325,1.4789847073519071,0.9765509366989136,0.0043734689243137,1.4897291660308838,1.25,0.0,1.5,1.0,0.0,1.5,0.0,0.1971921473741531,-1.2398970127105713,0.6605237126350403,0.9805275712056263,0.009949728855091499,1.4731951039711277,0.9806699404112307,0.01253655512095291,1.4728514600142741,0.0030998283182270504,0.0754880160093307,0.5489713549613953
E2_vertical,E2_vertical|dynamicperf_v3_2|QR_dynamic_Dim_1p2_0p05_NoWind_test1,E2_vertical|dynamicperf_v3_2|QR_dynamic_Dim_1p2_0p05_NoWind_test1|segment3,1751896410.65,0.972516676664808,0.0097075497707176,1.4807996125635117,0.9813568592071532,0.0053676082752645,1.4932684898376465,1.25,0.0,1.5,1.0,0.0,1.5,0.0,0.1014001369476318,-0.947072684764862,0.39229831099510193,0.9728114553989534,0.007843831972274402,1.47623298143752,0.9729304947385793,0.010502475211776071,1.4758738026613691,0.0030998283182270504,0.0754880160093307,0.5489713549613953
E2_vertical,E2_vertical|dynamicperf_v3_2|QR_dynamic_Dim_1p2_0p05_NoWind_test1,E2_vertical|dynamicperf_v3_2|QR_dynamic_Dim_1p2_0p05_NoWind_test1|segment3,1751896410.8,0.9783592210022898,0.0085505333608526,1.488287343254514,0.984708607196808,0.0084946248680353,1.4982203245162964,1.25,0.0,1.5,1.0,0.0,1.5,0.0,0.4335273206233978,0.1732580661773681,-0.2674188315868377,0.9783685211494977,0.009906810845701124,1.4891738483461534,0.9784897104678278,0.012510512698932124,1.488834852735346,0.0030998283182270504,0.0754880160093307,0.5489713549613953
E2_vertical,E2_vertical|dynamicperf_v3_2|QR_dynamic_Dim_1p2_0p05_NoWind_test1,E2_vertical|dynamicperf_v3_2|QR_dynamic_Dim_1p2_0p05_NoWind_test1|segment3,1751896410.94,0.9882579442295172,0.0092575140647242,1.4955716889976691,0.9932729601860046,0.0104409819468855,1.501654028892517,1.25,0.0,1.5,1.0,0.0,1.5,0.0,0.1796469837427139,0.24436603486537933,-0.2043345421552658,0.9882762910756175,0.010204804139539512,1.4967171013891363,0.9883905688665726,0.012712605729751622,1.4963791628654524,0.0030998283182270504,0.0754880160093307,0.5489713549613953
E2_vertical,E2_vertical|dynamicperf_v3_2|QR_dynamic_Dim_1p2_0p05_NoWind_test1,E2_vertical|dynamicperf_v3_2|QR_dynamic_Dim_1p2_0p05_NoWind_test1|segment3,1751896411.08,0.996399366431171,0.0094687367345629,1.4993672954226955,1.0017497539520264,0.0121542159467935,1.506018877029419,1.25,0.0,1.5,1.0,0.0,1.5,0.0,0.553875207901001,0.6380259990692139,-0.5949867963790894,0.9965211222250344,0.012107262013344956,1.5022828415245797,0.9966463210303909,0.014538528550545026,1.5019705778571861,0.0030998283182270504,0.0754880160093307,0.5489713549613953
E2_vertical,E2_vertical|dynamicperf_v3_2|QR_dynamic_Dim_1p2_0p05_NoWind_test1,E2_vertical|dynamicperf_v3_2|QR_dynamic_Dim_1p2_0p05_NoWind_test1|segment3,1751896411.27,1.0074859315494489,0.0097549562074019,1.503202192984926,1.0096205472946167,0.0140304453670978,1.5059492588043213,1.25,0.0,1.5,1.0,0.0,1.5,0.0,0.541713535785675,1.0825449228286743,-0.7420838475227356,1.0077377298381482,0.012862970107610843,1.5078754722395769,1.0078627879458972,0.015187754008338659,1.5075755708569272,0.0030998283182270504,0.0754880160093307,0.5489713549613953
E2_vertical,E2_vertical|dynamicperf_v3_2|QR_dynamic_Dim_1p2_0p05_NoWind_test1,E2_vertical|dynamicperf_v3_2|QR_dynamic_Dim_1p2_0p05_NoWind_test1|segment3,1751896411.37,1.0093762588397752,0.0099009761839949,1.505148973249273,1.0101871490478516,0.0140252700075507,1.5054665803909302,1.25,0.0,1.5,1.0,0.0,1.5,0.0,0.3161522448062897,0.8754328489303589,-0.7687692642211914,1.0096379575991066,0.013098567267520208,1.5088793115313044,1.0097635665125821,0.015404080381554747,1.5085730040070378,0.0030998283182270504,0.0754880160093307,0.5489713549613953
E2_vertical,E2_vertical|dynamicperf_v3_2|QR_dynamic_Dim_1p2_0p05_NoWind_test1,E2_vertical|dynamicperf_v3_2|QR_dynamic_Dim_1p2_0p05_NoWind_test1|segment3,1751896411.56,1.0107198664141714,0.0101587709054694,1.5056616529897755,1.008923888206482,0.0129859596490859,1.5058400630950928,1.25,0.0,1.5,1.0,0.0,1.5,0.0,0.2948456704616546,0.5587937235832214,-0.5093862414360046,1.0108864797642063,0.012255788723956098,1.5080471953461372,1.0110049657069398,0.014548837074856076,1.507742234352348,0.0030998283182270504,0.0754880160093307,0.5489713549613953
E2_vertical,E2_vertical|dynamicperf_v3_2|QR_dynamic_Dim_1p2_0p05_NoWind_test1,E2_vertical|dynamicperf_v3_2|QR_dynamic_Dim_1p2_0p05_NoWind_test1|segment3,1751896411.7,1.009602209302635,0.0101275244015322,1.50408793289829,1.007249116897583,0.0161610543727874,1.506244421005249,1.25,0.0,1.5,1.0,0.0,1.5,0.0,0.1785657405853271,0.0606535039842128,-0.4556147456169128,1.0096947366572753,0.012025997065070841,1.5043739595829613,1.0098156174714763,0.014329127353817476,1.504063768783853,0.0030998283182270504,0.0754880160093307,0.5489713549613953
E2_vertical,E2_vertical|dynamicperf_v3_2|QR_dynamic_Dim_1p2_0p05_NoWind_test1,E2_vertical|dynamicperf_v3_2|QR_dynamic_Dim_1p2_0p05_NoWind_test1|segment3,1751896411.83,1.0048181342975535,0.0106189283188451,1.5015312217941146,1.0048552751541138,0.0175085235387086,1.5046961307525637,1.25,0.0,1.5,1.0,0.0,1.5,0.0,0.4352954924106598,0.0438545271754264,-0.6291472911834717,1.0049506908180486,0.013298547336510414,1.5017995155856556,1.0050874579029663,0.015648294941018746,1.501493699154312,0.0030998283182270504,0.0754880160093307,0.5489713549613953
