test,level,run,segment,marker,mode,n_samples,rmse_3d_cm,mean_offset_norm_cm,dispersion_3d_cm,mean_offset_squared_cm2,temporal_mean_square_cm2,mse_cm2,identity_error_cm2,bias_x_cm,sd_x_cm,rmse_x_cm,p95_abs_x_cm,min_signed_x_cm,max_signed_x_cm,bias_y_cm,sd_y_cm,rmse_y_cm,p95_abs_y_cm,min_signed_y_cm,max_signed_y_cm,bias_z_cm,sd_z_cm,rmse_z_cm,p95_abs_z_cm,min_signed_z_cm,max_signed_z_cm,role
QR_motioncap_brushless_Light_bot_NoWind_test1,bot,1,1,10,original_static,178,4.85410167659897,3.43310403248964,3.44131245691081,11.7862032978967,11.7760997888643,23.562303086761,0,0.983285488400895,1.55386355141782,1.8351506005459,3.34596316460462,-2.71595072735358,5.68013502751894,-2.97046412090526,2.89846186264111,4.14457973473189,7.85823621911794,-10.0555795330973,2.41136649155955,1.41269099686075,1.01343885877725,1.73694679899146,2.86453751467542,-1.9322850414409,3.24291413590112,reference
QR_motioncap_brushless_Light_bot_NoWind_test1,bot,1,1,10,attitude_absolute,178,4.69892834172264,3.55964435238344,3.07603918120598,12.6710679154553,9.40885964518897,22.0799275606443,0,0.95435966251593,1.48100031031213,1.75836345122657,3.13036842673997,-2.62834011790132,5.34943120369128,-3.10966530083576,2.24072245167117,3.82918378229809,6.91080370672274,-8.54636669339532,1.9276579504852,1.44576874596037,1.49927249682853,2.07976851967235,3.51127406319288,-3.48630440824648,4.58811137461703,reference
QR_motioncap_brushless_Light_bot_NoWind_test1,bot,1,1,10,attitude_run_centered,178,4.65451643481142,3.50051511792591,3.0763754931013,12.2536060908279,9.4109171511017,21.6645232419296,1.77635683940025e-15,0.953516644264589,1.48051305846708,1.75749786798335,3.12800249833199,-2.63047757630219,5.34494400465936,-3.05105315236485,2.2405706028447,3.78165027967594,6.85049360234468,-8.48665351118545,1.98576294824215,1.42670486134407,1.50067006098305,2.06756998628594,3.52177502508581,-3.51321464388195,4.56844700390338,reference
QR_motioncap_brushless_Light_bot_NoWind_test1,bot,1,1,10,kalman,178,2.98093688464702,0.8136994374447,2.87581997401765,0.662106774497821,8.22387793575127,8.88598471024909,1.77635683940025e-15,0.117400127414651,1.38711490235281,1.38818624848814,2.51102662086487,-3.95693182945251,2.56313145160676,-0.173045116952298,2.37263421897402,2.37227990452366,5.14301579051548,-6.2063619228937,7.10147465677291,0.786371014267318,0.846675636582977,1.15378148032924,2.06008711457252,-1.38782150590251,2.68736425626991,reference
QR_motioncap_brushless_Light_bot_NoWind_test1,bot,1,2,11,original_static,169,7.36408174172087,6.22992807664593,3.93820619812041,38.8120038401812,15.4176960585654,54.2296998987466,7.105427357601e-15,2.10488063944288,1.8753680661281,2.81544263074427,5.23246234742728,-2.79676902252856,6.44619785042236,-5.5899266947208,3.35664657720032,6.51518899237622,10.5318623579324,-11.9587992536557,2.03575331701324,1.77036744251796,0.851696208298672,1.96349053609998,3.15562090011466,-0.101827080466693,4.4911900675394,compared
QR_motioncap_brushless_Light_bot_NoWind_test1,bot,1,2,11,attitude_absolute,169,6.45775934711173,5.82529957994987,2.79549314112461,33.9341151961642,7.76854058904472,41.7026557852089,3.5527136788005e-15,1.98416286276026,1.77150508230546,2.6564192276048,4.94278353705546,-2.98680591826648,5.98084737577764,-5.18127079140643,1.81347432044917,5.4876950011757,8.38758183166099,-9.77372678710495,-1.08833713993024,1.77528755877063,1.17807577621819,2.12868415846308,3.65638064439917,-1.36370359750936,5.07962958282536,compared
QR_motioncap_brushless_Light_bot_NoWind_test1,bot,1,2,11,attitude_run_centered,169,6.40651184764312,5.76833613644521,2.79570034861599,33.2737017830197,7.76969227097197,41.0433940539916,3.5527136788005e-15,1.98123668441172,1.77111847269885,2.65397779538678,4.93750040669411,-2.98986172362502,5.97920253175024,-5.12556607806748,1.81347561877449,5.43513217077384,8.33137734725191,-9.71856086233596,-1.03171646942097,1.7541309422973,1.17914629076588,2.11166621458148,3.63868612846822,-1.39342139560248,5.0577004760697,compared
QR_motioncap_brushless_Light_bot_NoWind_test1,bot,1,2,11,kalman,169,2.88682901952844,1.02857766961871,2.70538687751214,1.05797202243826,7.27580976555325,8.33378178799151,1.77635683940025e-15,-0.11662554529635,1.30070466441194,1.30208421306362,2.48775112628937,-2.96856999397278,3.22370052337646,0.166036334717282,2.24749848048711,2.24698207256243,4.04634944614402,-4.28553733825683,5.12936547922365,1.00836622324245,0.758970429727024,1.26072600340638,2.28380244290347,-0.832141072156922,3.04790784695754,compared
QR_motioncap_brushless_Light_bot_NoWind_test1,bot,1,3,12,original_static,169,6.72800652535066,5.9261778708672,3.19482134208073,35.1195841571561,10.1464876480049,45.2660718051611,5.32907051820075e-15,2.15892576447161,1.56298972573109,2.66260062559397,4.75897435099258,-1.56609393637956,6.96303972352916,-5.28490999463402,2.54577418163899,5.86283983432529,8.95077513654341,-9.74103511374891,1.98273261870141,1.59007862990301,1.13268722124595,1.95031761279957,3.217353235338,-1.28382713598024,5.29999032461783,reference
QR_motioncap_brushless_Light_bot_NoWind_test1,bot,1,3,12,attitude_absolute,169,7.10939103076879,6.35773894559464,3.19105779916575,40.4208445003309,10.1225963280449,50.5434408283758,8.88178419700125e-15,2.1821734733612,1.57248352759457,2.68699723206996,4.67565606897364,-1.59985437406105,7.34876897978952,-5.74473143535825,2.22893603519906,6.15960207655613,8.93372801287965,-9.46067058927465,-0.0294558166318293,1.6300380879281,1.65589540250928,2.32008382644022,3.90035169691604,-3.10054897147385,7.41764590461471,reference
QR_motioncap_brushless_Light_bot_NoWind_test1,bot,1,3,12,attitude_run_centered,169,7.05812553608397,6.30017298808115,3.19142977378673,39.6921796797473,10.1249564033733,49.8171360831207,8.88178419700125e-15,2.17873797618471,1.57214635311529,2.68401158923286,4.66858728822941,-1.60024242519299,7.34945835691536,-5.68815095273156,2.22819933747339,6.10659934874134,8.87455751229409,-9.40654308422005,0.0266468203164227,1.60941581010531,1.65792266342007,2.30708956608455,3.88512399612358,-3.12960627828361,7.40758033428307,reference
QR_motioncap_brushless_Light_bot_NoWind_test1,bot,1,3,12,kalman,169,3.22221906307972,1.051270530411,3.05495488202156,1.10516972811063,9.27752596236374,10.3826956904744,0,0.186481621727086,1.75538283204302,1.76008844387975,3.63580353017309,-4.18364044888567,4.87532605027656,0.214615974724843,2.29685962429676,2.30008864927221,4.62386665059009,-3.94669143503363,7.75987949371337,1.01209402540553,0.987834151278106,1.41222397858287,2.50221389532089,-1.62741323178922,4.42265748977661,reference
QR_motioncap_brushless_Light_bot_NoWind_test1,bot,1,4,13,original_static,148,7.00946262148943,5.92514172133373,3.75774823112857,35.1073044178897,14.0252618241678,49.1325662420575,1.77635683940025e-14,2.61565520294687,2.06654263132675,3.32917334977936,6.50328029116305,-1.60394730799459,7.4589851621583,-5.25276545187711,2.95255941619411,6.02081798826978,9.92737889733677,-11.6084676852087,0.60849158426366,0.821040428208594,1.06417395913567,1.34123890537942,2.56604104030666,-2.8700936480068,3.6286617160237,compared
QR_motioncap_brushless_Light_bot_NoWind_test1,bot,1,4,13,attitude_absolute,148,6.83282318172785,6.03662294424123,3.21190927722056,36.4408165709396,10.2466560618178,46.6874726327574,1.06581410364015e-14,2.57748188483791,1.92810194162534,3.21494497616928,5.93635923670977,-1.75136955071278,6.94051995082414,-5.38510763505476,1.90069817605955,5.70855743391215,8.05230901615746,-9.53723969321021,-0.371243490325951,0.893319351154385,1.72804240437553,1.94009624933601,3.82052015354418,-5.35166722511015,5.06412380192633,compared
QR_motioncap_brushless_Light_bot_NoWind_test1,bot,1,4,13,attitude_run_centered,148,6.78257788945217,5.97966731700167,3.21195402990332,35.7564212220179,10.2469416044675,46.0033628264854,1.77635683940025e-15,2.57183507458437,1.92685867348602,3.20967811746346,5.92691205476444,-1.75472661449796,6.93077249186916,-5.32784128313601,1.90182568601174,5.65494428691631,7.99712688963908,-9.47737393600069,-0.31628938224269,0.869593487134726,1.72827179652098,1.92949068943963,3.81429965483387,-5.38078660071569,5.04020461132083,compared
QR_motioncap_brushless_Light_bot_NoWind_test1,bot,1,4,13,kalman,148,3.07520172122572,1.02746099372015,2.90832262340592,1.05567609361639,8.40118953261323,9.45686562622962,0,0.0772234966348099,1.55118047680196,1.54785868099027,3.09525713324547,-4.13440823554992,4.76022268037888,-0.300926891356339,2.23547743068637,2.24814376665329,4.53592931061984,-5.26559457533127,5.32029378886356,0.979364912196928,1.02704443287279,1.41663288623787,2.60607913467619,-2.84374409829619,2.90828319706724,compared
QR_motioncap_brushless_Light_bot_NoWind_test1,bot,1,5,14,original_static,176,5.92539837566851,5.22163787851377,2.80885589782843,27.2655021343297,7.84484377604529,35.110345910375,1.77635683940025e-15,1.65269688111586,1.4486974244968,2.19504137526333,4.22748191100366,-1.16409046217445,5.11977257587308,-4.80148394774647,2.32225846508715,5.33071206225029,9.16693098818149,-11.0023108116086,1.09715948100642,1.21648964361093,0.630922220525603,1.36954305541532,2.12598177388207,-0.685143796617682,2.84781577158434,reference
QR_motioncap_brushless_Light_bot_NoWind_test1,bot,1,5,14,attitude_absolute,176,5.68490629514954,5.25645148790641,2.17132798315482,27.6302822447135,4.68787733991738,32.3181595846309,8.88178419700125e-16,1.6140265858398,1.33849379183796,2.09438967253267,3.89548747075299,-1.10578231233578,4.38422962022256,-4.85129147806116,1.33645051122609,5.03100195575267,7.00259038286127,-7.6552930124109,-1.72255977617736,1.22072577584279,1.06630183845193,1.61886095926495,2.83361153042747,-2.15938536702448,4.12950291001108,reference
QR_motioncap_brushless_Light_bot_NoWind_test1,bot,1,5,14,attitude_run_centered,176,5.62884297101691,5.19595483687129,2.17087614767944,26.9979466668062,4.68592652556034,31.6838731923665,2.66453525910038e-15,1.61079948673963,1.33829112208671,2.09177480770927,3.89024032106605,-1.10680098249532,4.38026330806148,-4.79226493519513,1.33649733459874,4.97412096034023,6.93969441288138,-7.59219778207302,-1.66261248017512,1.19894473234787,1.06557730630767,1.60202122898023,2.81706606330451,-2.17233546183919,4.10760683548866,reference
QR_motioncap_brushless_Light_bot_NoWind_test1,bot,1,5,14,kalman,176,1.95497673766424,0.962013557063636,1.70675574803996,0.925470083974229,2.8964639608341,3.82193404480832,4.44089209850063e-16,-0.0992925959760962,1.07841544379503,1.07992177904891,2.26810082793236,-2.81883478164673,2.74169147014618,-0.0303871453438678,1.22551707876865,1.22240828329003,2.2865122321853,-2.34404133690728,2.97249402999878,0.956393060282438,0.498139743142566,1.07769243520036,1.65200501680373,-0.453491828266095,2.16730862855911,reference
QR_motioncap_brushless_Light_bot_NoWind_test2,bot,2,1,10,original_static,179,3.04760693321874,1.25567486244779,2.78469207342967,1.57671936018328,7.71118865921965,9.28790801940293,8.88178419700125e-16,-0.0350585392888053,1.15962536252257,1.1569129695009,2.01246792698591,-2.65603377681893,2.63068089170362,0.0778462685802276,2.31355203987183,2.3083935365029,4.37861671415917,-5.77313458395805,4.81132910494229,1.25276902000103,1.02822950804832,1.61888223198452,2.87081929359739,-1.98946728052326,3.08122290480909,reference
QR_motioncap_brushless_Light_bot_NoWind_test2,bot,2,1,10,attitude_absolute,179,2.84665575379303,1.13115651500693,2.61959359950572,1.27951506144262,6.82393391916032,8.10344898060294,1.77635683940025e-15,-0.0534455711036222,1.18845816773411,1.18633829888404,2.15762630503322,-2.72053422404346,3.31140352836377,-0.0193110285736134,1.83601225572501,1.83097838500448,3.71156356811678,-4.2757201701453,5.21265208144539,1.12972816046492,1.44183799608173,1.82854274624638,3.46140357493437,-3.35972655734965,3.94977354643685,reference
QR_motioncap_brushless_Light_bot_NoWind_test2,bot,2,1,10,attitude_run_centered,179,2.88382125844322,1.22176756898728,2.61955043894294,1.49271599262909,6.82370905801995,8.31642505064904,8.88178419700125e-16,-0.0439321638496158,1.19144825945703,1.18892747839997,2.16115165346791,-2.70909918616027,3.34170028646412,0.11477376170281,1.83472448837148,1.83318883372394,3.64525541718349,-4.14404426577342,5.33811172239802,1.21557103504204,1.4409308099187,1.88209861634941,3.54832436723959,-3.2741921658903,4.0426509503488,reference
QR_motioncap_brushless_Light_bot_NoWind_test2,bot,2,1,10,kalman,179,2.43720391410812,0.926552851522163,2.26053318394574,0.858500186663851,5.0814627322801,5.93996291894395,0,-0.699250540911849,1.14299834489562,1.33719780091485,2.51618802740125,-3.05290116798895,2.11917757987976,0.287925658830421,1.6836110971002,1.70341188705348,3.08998043664128,-3.79948291778565,4.43259368376301,0.535394884814383,0.984387491289287,1.11814708478685,1.91642755270005,-2.55332820205421,2.15684653418178,reference
QR_motioncap_brushless_Light_bot_NoWind_test2,bot,2,2,11,original_static,154,3.97871566666371,1.65467870415444,3.63012214480994,2.73796161398221,13.092216742173,15.8301783561552,1.77635683940025e-15,0.559858170459786,1.94361939696647,2.0165731564189,3.90316060241432,-4.39647244996917,8.54002371544848,-0.534852630967012,2.9661030841959,3.00444778328726,5.01333680720718,-5.30536001159034,9.68343645477006,1.46234507080213,0.776120428734322,1.6543592652342,2.73602296510042,-0.618505909258454,3.5021519514333,compared
QR_motioncap_brushless_Light_bot_NoWind_test2,bot,2,2,11,attitude_absolute,154,3.42682511224448,1.60847531965932,3.03575035612087,2.58719285395316,9.15593749595623,11.7431303499094,1.77635683940025e-15,0.49672330986726,1.84992732678779,1.90964470019899,3.55968650901689,-4.20750136515571,8.46935507056484,-0.671078806288506,2.07275443287982,2.17227060475712,4.80829582121234,-5.73809583943738,3.14071726799898,1.37481345757818,1.22361684005607,1.83783238860877,3.40141170899298,-1.88074778529805,4.44463377722627,compared
QR_motioncap_brushless_Light_bot_NoWind_test2,bot,2,2,11,attitude_run_centered,154,3.43836101296365,1.63535924675594,3.03442201405547,2.67439986595014,9.1479265895183,11.8223264554684,1.77635683940025e-15,0.509026708756421,1.84888041460859,1.91187600088675,3.58258539253001,-4.19059885053485,8.48280069344932,-0.537171486994716,2.0730852610014,2.13502428009721,4.68452225131612,-5.60495250974342,3.28161857700981,1.45833414184906,1.22134175089529,1.89966521684668,3.48487168294308,-1.78957519722103,4.52904987618474,compared
QR_motioncap_brushless_Light_bot_NoWind_test2,bot,2,2,11,kalman,154,2.92548354360134,1.14190988456194,2.70220480062416,1.30395818446026,7.25449577942198,8.55845396388224,0,-0.410909632850731,1.4204264732069,1.47423089088901,2.81672283194283,-3.45486291856093,2.91133522987366,0.322666920232907,2.14926182426971,2.16643594522696,4.15329439586304,-5.23817995244806,4.88270130157471,1.0153804787754,0.815458784651982,1.30063543679979,2.33743564562691,-1.15683174398248,2.96316266059875,compared
QR_motioncap_brushless_Light_bot_NoWind_test2,bot,2,3,12,original_static,170,3.53586417269576,2.04776881999106,2.89104546137588,4.19335714012758,8.30897830762592,12.5023354477535,0,1.40246937266529,1.64917380970331,2.16117929006123,4.18238017008125,-1.64134225818955,6.57171524624643,-0.0130781878816488,2.22477159757152,2.21825705347518,4.89073819030522,-5.92474721219256,5.34671543067067,1.49206761236384,0.829916226958951,1.70615801398099,2.69638922762414,-1.74341932075577,3.7276037695729,reference
QR_motioncap_brushless_Light_bot_NoWind_test2,bot,2,3,12,attitude_absolute,170,3.35805260211485,1.99649377006454,2.70807480230309,3.98598737390651,7.29052990466382,11.2765172785703,8.88178419700125e-16,1.35342177113336,1.63627360992284,2.1197623584646,4.02576411884944,-1.63848652343015,7.03651195164756,-0.398964682245123,1.43625461534433,1.48656175768897,2.82788195833145,-3.45569616446223,2.8372120294284,1.41246736799467,1.61041935167244,2.1385179360444,3.97497633055952,-5.05810717634675,8.40528663514066,reference
QR_motioncap_brushless_Light_bot_NoWind_test2,bot,2,3,12,attitude_run_centered,170,3.38389830416454,2.04142385112777,2.70674217027863,4.16741133995336,7.28335639297431,11.4507677329277,0,1.36557101091818,1.63934819708717,2.1298915686357,4.05072208401587,-1.63292918388083,7.05283702034664,-0.268875420015222,1.43304153983761,1.45389889573063,2.79126602470476,-3.3316403330985,2.96206435348466,1.4934299992316,1.60791250078218,2.19100607935612,4.02910245601867,-4.97354151830302,8.47605027986538,reference
QR_motioncap_brushless_Light_bot_NoWind_test2,bot,2,3,12,kalman,170,2.67015410493117,1.1327267907701,2.42512856178937,1.28306998252833,5.84665296155244,7.12972294408077,1.77635683940025e-15,-0.393189300275151,1.51366054955474,1.55957963079175,2.91010290384292,-7.79898285865783,6.98882937431335,0.40473598352682,1.79260581799193,1.83257858565383,3.28476673423761,-5.62393221855164,4.20896148897224,0.98217154322249,0.613713828449168,1.15719058357008,1.93071669340133,-1.29871189594269,2.43882715702057,reference
QR_motioncap_brushless_Light_bot_NoWind_test2,bot,2,4,13,original_static,95,3.54648097782428,1.03531796043171,3.40999186442736,1.07188327919248,11.505644046877,12.5775273260694,3.5527136788005e-15,0.69550211906427,2.11917757295654,2.21976665637591,5.02794037988862,-6.40501874811281,7.3587282530484,-0.422655588754215,2.43874946782862,2.46242389958696,4.72211833327701,-5.36288932100715,4.92682566642647,0.639939321236333,1.09070250889252,1.2596157573062,2.08583316839844,-2.47954264544961,3.36848186759289,compared
QR_motioncap_brushless_Light_bot_NoWind_test2,bot,2,4,13,attitude_absolute,95,3.42344595817504,0.996319239421315,3.29263583406435,0.992652026841067,10.727330201704,11.7199822285451,0,0.691156896484587,2.16283232770289,2.25971260861841,5.10650707957509,-6.43474114829291,7.47990256613616,-0.246601617744472,1.70611341345017,1.7149329711504,3.26294355783964,-4.64046610501458,3.18009721515226,0.67390044769882,1.80354763686835,1.91642533365046,4.08575848694306,-4.81222330805765,5.00995634518465,compared
QR_motioncap_brushless_Light_bot_NoWind_test2,bot,2,4,13,attitude_run_centered,95,3.43541888241034,1.03755912362637,3.29236629390886,1.07652893502032,10.7255739626012,11.8021028976215,0,0.695436010684983,2.16481131827434,2.26289829150572,5.11018565734117,-6.43952816349652,7.49093082244384,-0.115745417409583,1.70339564630538,1.69835538892924,3.26115390152661,-4.50704072326146,3.30509671498883,0.761249425885868,1.80325013286742,1.94858492060701,4.00068384870129,-4.72738534614062,5.08486185298915,compared
QR_motioncap_brushless_Light_bot_NoWind_test2,bot,2,4,13,kalman,95,3.12226815201774,1.12756972811371,2.92699971201333,1.27141349175843,8.47714492134584,9.74855841310426,1.77635683940025e-15,0.12290958571971,1.82275100651675,1.81729335632651,2.71240659054374,-2.27583933853042,8.12974373499552,0.174549753627952,2.08364051615367,2.07998192507094,3.97998345990976,-6.64341776085565,3.71333118677138,1.10717618697525,0.950446359249768,1.45591155690652,2.55248748114307,-0.967689752578743,3.39061081409454,compared
QR_motioncap_brushless_Light_bot_NoWind_test2,bot,2,5,14,original_static,181,2.8885093981588,1.08252358220951,2.68541833274877,1.17185730603972,7.17162923721199,8.34348654325171,8.88178419700125e-16,0.399353899294987,1.04279416592653,1.11395483116602,2.00263491667405,-3.51677225902485,3.0102049981621,-0.263286685955456,2.40468028649913,2.41243854133976,4.53357015622363,-5.54050730602076,6.5089582380135,0.971109617991811,0.584435342099704,1.13257735348721,1.86812285787992,-0.882164351154341,2.37381396144819,reference
QR_motioncap_brushless_Light_bot_NoWind_test2,bot,2,5,14,attitude_absolute,181,2.22511161223915,1.05347437336542,1.96536359530732,1.10980825533765,3.84131343158383,4.95112168692149,1.33226762955019e-15,0.352541897728631,1.03361238807486,1.08937497997989,1.91143482332362,-3.48762313719637,3.0946410333028,-0.347464026665685,1.31682242335101,1.35837119975343,2.47516229641283,-2.65761269717431,4.00724706648775,0.929941512062355,1.02969811029129,1.38535609992367,2.6155195294004,-3.09864431938489,3.55804829454163,reference
QR_motioncap_brushless_Light_bot_NoWind_test2,bot,2,5,14,attitude_run_centered,181,2.24650629643744,1.09896567176486,1.96478831711234,1.20772554771759,3.83906499221548,5.04679053993308,1.33226762955019e-15,0.359292315274284,1.03513605319254,1.09301312444029,1.91847606422586,-3.48758909235999,3.10679550013044,-0.21577462542892,1.31552327157425,1.32951074944865,2.37387578977842,-2.52673428499772,4.13434595974971,1.01591135977675,1.0287298014487,1.44378461580488,2.70275497489582,-3.00543218563876,3.64660398937768,reference
QR_motioncap_brushless_Light_bot_NoWind_test2,bot,2,5,14,kalman,181,2.05744411976791,1.08319589984382,1.75407001900622,1.17331335743846,3.05976294852911,4.23307630596757,0,-0.220411656465608,1.10037767753349,1.11925093580629,2.01879143714905,-4.04675842914001,2.04006910324097,0.429474321840963,1.27456337836612,1.34163512001128,2.91931834220887,-2.4124303817749,3.60732175220143,0.969682353150653,0.491343864203502,1.08644781440097,1.7582631111145,-0.246907360445631,1.97532594203949,reference
QR_motioncap_brushless_Light_bot_NoWind_test3,bot,3,1,10,original_static,172,4.02416114650266,1.62177515555044,3.69364836818422,2.63015465516064,13.5637182778609,16.1938729330216,3.5527136788005e-15,0.886720851391491,1.56770407181157,1.7971313236668,3.24338482069716,-3.17755470892302,7.40679091398402,0.359103257887045,3.11702259013669,3.1286255120308,6.01908239995668,-5.72372626028372,9.09006322540755,1.30955169315423,1.21223445900243,1.78210390942482,2.94851632245314,-3.48695742798321,3.74307402364958,reference
QR_motioncap_brushless_Light_bot_NoWind_test3,bot,3,1,10,attitude_absolute,172,3.72794806940785,1.57154462313446,3.39037959593946,2.46975250250282,11.4278443056989,13.8975968082017,1.77635683940025e-15,0.840333167629791,1.5414573117773,1.75169517786682,3.10696431317167,-3.04543859632245,7.17024442156275,0.105939500680168,2.35547094795197,2.35100177274667,4.16407947172757,-4.37245075752115,5.65592441432563,1.32377093640846,1.8895342743346,2.30259668126701,4.04079173297346,-5.96701283038116,5.70377987298127,reference
QR_motioncap_brushless_Light_bot_NoWind_test3,bot,3,1,10,attitude_run_centered,172,3.72866190771159,1.57275734314004,3.39060352870686,2.47356566040092,11.4293539616185,13.9029196220194,3.5527136788005e-15,0.845859404577443,1.54190065156466,1.75474024390748,3.11894714333132,-3.0386620374552,7.17923146293508,0.183356310747605,2.35520955010772,2.35550026357402,4.15494712494369,-4.29398518221149,5.73370988280917,1.31319000582469,1.88990016790974,2.29682929420836,4.02978802142645,-5.98138062073784,5.69283833039942,reference
QR_motioncap_brushless_Light_bot_NoWind_test3,bot,3,1,10,kalman,172,3.16487247263431,0.591879227970492,3.11811218994763,0.350321020502946,9.66609674753548,10.0164177680384,0,-0.0253745686272259,1.51620386213463,1.51200280187976,3.02391692996025,-4.72511955830003,5.94355438555604,-0.122080613408939,2.5182818242625,2.51391655027169,4.87715553757374,-5.79340133666992,4.93453332717413,0.57859612477066,1.0401952370287,1.18764004370696,2.08387427031994,-2.59429812431336,2.43490131000227,reference
QR_motioncap_brushless_Light_bot_NoWind_test3,bot,3,2,11,original_static,136,4.23326979065657,2.02348423370771,3.73209058283282,4.09448844406366,13.8260846764219,17.9205731204855,0,1.2347992843209,1.87855450450009,2.24226403707911,4.00853187966504,-3.79340614298789,10.4067495148502,-0.2147542316788,3.1033747524837,3.09939325302852,5.36341326076193,-6.68168242848144,6.84571120512312,1.58859679953105,0.876697346715858,1.812894528534,2.8130389840411,-1.85921891948325,3.56955170656903,compared
QR_motioncap_brushless_Light_bot_NoWind_test3,bot,3,2,11,attitude_absolute,136,3.56449712520427,2.17358140717538,2.83554289346014,4.72445613361851,7.98118362197101,12.7056397555895,8.88178419700125e-16,1.24738565362998,1.81046620553347,2.19309312815938,4.05230908242977,-3.60078799011534,9.82754424166284,0.64561991013794,1.78665047752982,1.89353466489498,3.73767721274841,-2.89192653713544,6.46121330028531,1.65881285754907,1.25315429633225,2.0761764760373,3.6236450102691,-3.04044403023084,4.6108611992098,compared
QR_motioncap_brushless_Light_bot_NoWind_test3,bot,3,2,11,attitude_run_centered,136,3.5772198260455,2.19445042960343,2.83549055581781,4.81561268798669,7.98088899586634,12.796501683853,1.77635683940025e-15,1.25575898083072,1.81007023537574,2.19754272650278,4.05585729633495,-3.59329240928039,9.83263225820972,0.722456695041543,1.78704962002222,1.92145987785773,3.81787767528728,-2.81170481064903,6.54138744210917,1.64825313402988,1.25303874270401,2.06767975925449,3.61322876904988,-3.05065011649073,4.60004400511021,compared
QR_motioncap_brushless_Light_bot_NoWind_test3,bot,3,2,11,kalman,136,2.45953575449517,1.1194149484172,2.19812508814424,1.25308982673989,4.79622630090024,6.04931612764012,8.88178419700125e-16,0.125371930035184,1.12732040034582,1.1301437568441,2.28199377655983,-2.57951858479767,3.23781073093414,0.477793847410978,1.71399339095587,1.77326225648498,3.25734033344983,-3.422429895401,6.63787236894042,1.00453210266041,0.789385377273258,1.27578688903446,2.16837286949157,-0.945153236389162,2.71890819072723,compared
QR_motioncap_brushless_Light_bot_NoWind_test3,bot,3,3,12,original_static,169,4.6470603533895,2.60690110761506,3.85840993634284,6.79593338488464,14.7992365431599,21.5951699280445,1.77635683940025e-15,1.76852822446523,2.23610718312683,2.84574780661659,5.76625147329224,-3.54891382833824,9.37224430503218,1.01922792449029,2.98435770976064,3.14523702823224,5.72309781538778,-6.25505624919416,10.7523704445645,1.62154732958792,0.990333763248544,1.89851873454497,2.99081782074505,-1.9215785504183,3.63665359988791,reference
QR_motioncap_brushless_Light_bot_NoWind_test3,bot,3,3,12,attitude_absolute,169,3.9655523318474,2.4182045279771,3.15225143899075,5.84771313912897,9.87789215749135,15.7256052966203,3.5527136788005e-15,1.64984264355343,2.03915542407225,2.61830691964882,5.00204311787861,-3.52346116818125,8.38035498930808,0.551860879779222,1.80266766428465,1.88014166295021,3.85561058589631,-4.05183514813939,5.96526688865495,1.67963744897847,1.59025896735046,2.30979252279901,3.80919561072668,-3.47413501026658,6.21999612204522,reference
QR_motioncap_brushless_Light_bot_NoWind_test3,bot,3,3,12,attitude_run_centered,169,3.97598565953544,2.43486708806957,3.15256927964464,5.92857773656441,9.87988422826704,15.8084619648314,3.5527136788005e-15,1.65816835267957,2.04115204018636,2.62510404831751,5.01037117058001,-3.5191561247919,8.39899511784976,0.627844705155749,1.80036580988972,1.90166417445011,3.90746929574432,-3.97275866770966,6.0293476154168,1.66879192140429,1.59093505913419,2.30238225930263,3.7961573741204,-3.49020835447721,6.21297446082801,reference
QR_motioncap_brushless_Light_bot_NoWind_test3,bot,3,3,12,kalman,169,3.07048768034195,1.04383096185319,2.89619480091798,1.08958307692335,8.33831151820836,9.42789459513171,0,0.153223306074422,1.56059186761316,1.56349398141636,3.03825538806847,-4.39474046230316,3.47937652907846,0.0878115960618087,2.33463201737843,2.32937030424393,5.04484508580729,-7.96573060573623,9.2336353302002,1.0287831739468,0.708513014019905,1.24796440290301,2.08310371637344,-1.16473972797395,3.65501344203948,reference
QR_motioncap_brushless_Light_bot_NoWind_test3,bot,3,4,13,original_static,123,4.38917564088758,2.33816194416951,3.72973977041954,5.46700127716252,13.7978615293984,19.2648628065609,3.5527136788005e-15,0.783473831557241,1.80927986689236,1.96486923536214,3.99649062958649,-4.44416335208611,5.1107100811659,2.12318778114192,3.10993372541465,3.75512749750564,6.99445231400622,-4.97467079276404,7.81514100920029,0.587574402469339,0.982739712149511,1.14156435296715,2.47332943868342,-1.38418764161494,3.1530971465881,compared
QR_motioncap_brushless_Light_bot_NoWind_test3,bot,3,4,13,attitude_absolute,123,3.7052641842809,2.03773735231317,3.10726663720415,4.15237351701231,9.57660915830247,13.7289826753148,0,0.698399771191167,1.86897170942798,1.98806908025503,4.16150784848109,-4.30488395557029,4.49688612849486,1.79838968073579,1.93355743122749,2.63485375328388,4.86347098438414,-2.97872052751623,5.59086492562822,0.656053224087389,1.55672938052341,1.68348142438654,3.26792327219044,-3.00546071133954,4.60065911990502,compared
QR_motioncap_brushless_Light_bot_NoWind_test3,bot,3,4,13,attitude_run_centered,123,3.74313986326293,2.10566971817473,3.10737077476969,4.43384496203807,9.57725107390993,14.011096035948,3.5527136788005e-15,0.705470076867786,1.86924019162861,1.99081388896038,4.16756225541305,-4.29868450721742,4.50544953267382,1.87615047526053,1.93328910281638,2.68833783481536,4.94048382028943,-2.90122056042289,5.66677280396269,0.645148298348446,1.55694813106425,1.67946294432795,3.25918941563028,-3.0147740215856,4.58869006530796,compared
QR_motioncap_brushless_Light_bot_NoWind_test3,bot,3,4,13,kalman,123,3.0836340025877,1.18056010132886,2.86034849793369,1.39372215284962,8.1150765090654,9.50879866191502,3.5527136788005e-15,0.367626634481414,1.57126271829687,1.6074650188047,3.27575588226317,-2.85812973976135,5.49812614917756,0.0465576421172063,2.22382461682852,2.21525553142422,4.13952577233314,-4.52961701750756,4.7520410656929,1.12089481952143,0.875974356536367,1.42038649871386,2.66729328222761,-0.734826326370241,3.63292306661606,compared
QR_motioncap_brushless_Light_bot_NoWind_test3,bot,3,5,14,original_static,179,3.07467439107636,1.49140831110289,2.69628226261769,2.22429875042678,7.22932386071401,9.4536226111408,1.77635683940025e-15,0.681112498708672,1.31509334085609,1.47774249607958,2.56179636847072,-2.91797497082853,3.561863942763,0.92031284725402,2.27342398795013,2.44674443014142,4.58597877880636,-2.90765636689978,7.53694821812216,0.955724216345288,0.60992697559274,1.13284660038033,1.8573432976782,-1.03178019534622,2.57664310641004,reference
QR_motioncap_brushless_Light_bot_NoWind_test3,bot,3,5,14,attitude_absolute,179,2.51502829571944,1.47780784291119,2.04076404517522,2.18391602056984,4.1414513076996,6.32536732826944,8.88178419700125e-16,0.637256553857171,1.28725186399996,1.43312811589689,2.49593872581164,-2.85055246801867,2.79046738732702,0.879931788430232,1.22702089523071,1.50713276343557,3.09809670511515,-1.61047357589055,3.71518147148,1.00176851260453,1.00105956335064,1.41423547016553,2.6180207712457,-2.220988943647,3.56946448657444,reference
QR_motioncap_brushless_Light_bot_NoWind_test3,bot,3,5,14,attitude_run_centered,179,2.54095185412667,1.52152842315999,2.04074834432853,2.31504874248373,4.14138758250603,6.45643632498976,8.88178419700125e-16,0.644517948015487,1.28801270363468,1.43704978467808,2.50755502308177,-2.84617410306001,2.80081898707154,0.957856827063781,1.22616185421184,1.5532428348373,3.17213421774334,-1.52954259732009,3.79610312137946,0.991037666295757,1.00110148707867,1.40668437731178,2.60706582812233,-2.23261607712215,3.55809320924913,reference
QR_motioncap_brushless_Light_bot_NoWind_test3,bot,3,5,14,kalman,179,2.15186482195784,1.05539552151128,1.88053690101561,1.11385970682608,3.51666250515356,4.63052221197963,8.88178419700125e-16,0.170627065950641,1.1974270946958,1.20620686869257,2.14910583583791,-3.00657510757446,2.27888228020611,0.327293753282514,1.35835645825524,1.39353703471635,2.80326029062271,-1.85633062783632,4.60000843118641,0.988749164476713,0.507400356016854,1.11069425800824,1.85414606332778,-0.054351091384891,2.12984211480706,reference
QR_motioncap_brushless_Light_bot_NoWind_test4,bot,4,1,10,original_static,176,3.22449356350038,1.36814678078189,2.92818210831353,1.87182561376385,8.52553312729152,10.3973587410554,1.77635683940025e-15,0.471233277540865,1.55955122856905,1.62494354302392,2.95891197315405,-3.50176475084816,4.42326177962014,0.464067648130669,2.2256399711462,2.26730838851999,4.40076248827469,-5.61028875072496,6.60696063253772,1.19766691106518,1.0902188513104,1.61747639685626,2.74845263168734,-3.06135384928271,3.05906838285055,reference
QR_motioncap_brushless_Light_bot_NoWind_test4,bot,4,1,10,attitude_absolute,176,3.37736782390771,1.31840618124806,3.11827943989416,1.7381948587531,9.66841855921401,11.4066134179671,1.77635683940025e-15,0.461088456482434,1.56292690662571,1.62525809417513,2.82412335123013,-3.38885302452454,3.63101415240484,0.13375357569011,2.13301638343487,2.13114945703392,4.64961111001412,-6.9770694812384,4.77233184609545,1.22788528578278,1.65262435471904,2.05507944787284,4.0282387446864,-3.99869306138972,4.80307778345454,reference
QR_motioncap_brushless_Light_bot_NoWind_test4,bot,4,1,10,attitude_run_centered,176,3.3965299983872,1.36526555721733,3.11893206441541,1.86395004172394,9.67246598822019,11.5364160299441,0,0.478821609219267,1.56300774733966,1.63045475509554,2.82042952921398,-3.38047093761502,3.66026924994862,0.371968290675675,2.13360120091259,2.15980309606642,4.54672961897019,-6.74897013556164,5.01067624602214,1.22324139032344,1.65302447642469,2.05262853623163,4.02725069568453,-4.00962937192049,4.79964518874036,reference
QR_motioncap_brushless_Light_bot_NoWind_test4,bot,4,1,10,kalman,176,2.84804997157116,0.596493681607407,2.79283038346706,0.355804712197559,7.75558392836894,8.1113886405665,1.77635683940025e-15,0.191318979622351,1.51819641932617,1.52591847133651,2.8205463832075,-3.71258150447499,3.48515033721924,0.184389189205158,2.04594054032317,2.04843567144566,3.97548364400865,-7.50333089767223,4.4224461555481,0.534043431883668,1.14416278938973,1.259711379384,2.24277707608554,-4.06118512153626,2.31147557497025,reference
QR_motioncap_brushless_Light_bot_NoWind_test4,bot,4,2,11,original_static,171,4.1694638775108,1.91349360001679,3.71533237126445,3.66145775730522,13.7229712685622,17.3844290258674,0,1.02440341574632,1.45012299212916,1.77199369156242,3.99337006204197,-1.90974328100086,5.81357415041604,-0.317226036212561,3.33459022948373,3.33992486257131,6.66796941690514,-7.47718603402354,6.37573876174518,1.58474699591492,0.762460450184505,1.7576601762879,2.83250652305074,-0.197381838980842,3.36298564984523,compared
QR_motioncap_brushless_Light_bot_NoWind_test4,bot,4,2,11,attitude_absolute,171,3.12653537018816,1.91164276875314,2.48130012661372,3.65437807532618,6.12084534571143,9.77522342103761,1.77635683940025e-15,0.973141879802975,1.39826611137787,1.70021164027535,3.55231061722596,-1.77424207049983,5.83084029406756,0.176687219620229,1.63630585441658,1.64105373052316,3.35385083056441,-3.51439012700618,5.34219462349044,1.63589565178302,1.23458711758527,2.04730223778655,3.45256300811788,-1.8564550133302,4.60010892793364,compared
QR_motioncap_brushless_Light_bot_NoWind_test4,bot,4,2,11,attitude_run_centered,171,3.15380508159431,1.95575616882914,2.48143368833523,3.82498219191322,6.12150430077688,9.9464864926901,8.88178419700125e-16,0.997167429440486,1.3965367250054,1.71267403693059,3.56743763513494,-1.74555040626112,5.83759864522616,0.41288761747042,1.63792613560193,1.68451456200689,3.39919621492243,-3.29361756619044,5.56925553857877,1.63100065141491,1.23466444819161,2.04343945990595,3.44732071433538,-1.85712907811096,4.60630120031181,compared
QR_motioncap_brushless_Light_bot_NoWind_test4,bot,4,2,11,kalman,171,2.53145942095492,1.08314336694879,2.29475094017596,1.17319955336516,5.23508724657624,6.4082867999414,8.88178419700125e-16,0.224390486997514,1.16511453510986,1.18317556667379,2.22056342796846,-2.36278182506444,4.12442803382874,0.446921242833786,1.83689478563975,1.88525568283853,3.66502961044693,-4.6065870945099,4.35638275146484,0.960786066413372,0.730895029401406,1.2058994106859,2.0805437862873,-0.837350170236173,2.82606095075607,compared
QR_motioncap_brushless_Light_bot_NoWind_test4,bot,4,3,12,original_static,166,3.96252874150493,2.50164460794935,3.08231099343365,6.25822574448206,9.44340828277059,15.7016340272526,0,1.69295484785022,1.95114109903943,2.57878154598581,5.00932429184374,-2.75573682710668,7.32074389861172,0.986539174165864,2.21413046086197,2.41787114383867,4.28238272021154,-5.43465174893668,4.68974453078648,1.55527170792072,0.889559314584641,1.79036836911513,2.8905530729178,-3.01827375832574,3.61276105605801,reference
QR_motioncap_brushless_Light_bot_NoWind_test4,bot,4,3,12,attitude_absolute,166,3.57756462067662,2.34308326973935,2.71168323150775,5.49003920893242,7.30892940618464,12.7989686151171,2.66453525910038e-15,1.62086974618843,1.90606263600594,2.49768042669237,4.7505093243297,-2.47692572927318,7.4283824601496,0.608707018328267,1.26618344273849,1.4014588077941,2.63304080025944,-3.27111527117484,3.24330139314581,1.57870080783579,1.45496758211217,2.14393897098104,3.93770322333736,-6.28224788272946,5.70511933409046,reference
QR_motioncap_brushless_Light_bot_NoWind_test4,bot,4,3,12,attitude_run_centered,166,3.63276328810882,2.42749672259547,2.71081110045799,5.89274033821176,7.30422876921945,13.1969691074312,1.77635683940025e-15,1.64744477824372,1.90899489069327,2.5172171951521,4.78731343778656,-2.44327705189298,7.4618134807934,0.84066522522776,1.26184230465071,1.513067143034,2.81480355666226,-3.03151056663392,3.45785769696787,1.57224299010746,1.45326849820224,2.1380398781437,3.92752419334685,-6.2752167729726,5.69175499987827,reference
QR_motioncap_brushless_Light_bot_NoWind_test4,bot,4,3,12,kalman,166,2.56501152152377,1.01350060627864,2.36341907441937,1.02718347892718,5.55210062662249,6.57928410554967,0,-0.0453292974112612,1.53465977484093,1.53070164781749,3.4455520591791,-6.11430168151855,4.9243688583374,0.318543051427334,1.5329917125258,1.56120986952526,3.0723586320877,-4.50613152059823,4.91583909988403,0.961071827758334,0.938352548961042,1.34121598343273,2.22345526818913,-3.3791208267212,3.34060966968536,reference
QR_motioncap_brushless_Light_bot_NoWind_test4,bot,4,4,13,original_static,167,3.82743453471915,1.98663244029479,3.28131373650986,3.94670845283165,10.7025466647292,14.6492551175608,1.77635683940025e-15,1.15766467679273,1.93096606946237,2.24643948055386,4.66690470760922,-2.50607296694929,7.22079934842206,1.48154577846991,2.45741786457051,2.86316596823028,5.18598000938062,-4.43042579671186,6.12987641591523,0.641516215879243,0.999743624577328,1.18534611659958,2.02270629868406,-1.76139286574319,4.15567017581039,compared
QR_motioncap_brushless_Light_bot_NoWind_test4,bot,4,4,13,attitude_absolute,167,3.57074724182654,1.73048724487195,3.1327972699821,2.99458610466451,9.75564976034736,12.7502358650119,0,1.11789198228491,1.91575870890365,2.21310575433766,4.51666127320945,-2.47301682168437,7.0144868093544,1.12865446111903,1.69482220643537,2.03201453499451,4.22362495514612,-3.06554046957743,7.09091259804293,0.686325526265588,1.80882973014064,1.92958951974259,3.40984491350133,-4.10372898492316,6.6823114837495,compared
QR_motioncap_brushless_Light_bot_NoWind_test4,bot,4,4,13,attitude_run_centered,167,3.65653431115002,1.90055903976492,3.13319363452066,3.61212466363216,9.75811850498519,13.3702431686173,1.77635683940025e-15,1.13558921162861,1.92035830006409,2.22604051337136,4.54794336840557,-2.46907354840021,7.0483501303069,1.36307562630272,1.68964582419027,2.16697552976774,4.45203787064585,-2.81746652784851,7.34175417103009,0.68160592943747,1.80948151125456,1.92852375013494,3.40885044898067,-4.0971550384225,6.67275979346377,compared
QR_motioncap_brushless_Light_bot_NoWind_test4,bot,4,4,13,kalman,167,3.05630715899994,1.10905108292469,2.85655049084312,1.22999430453643,8.11101914561787,9.3410134501543,0,0.315901213880498,1.93449590089653,1.95439482675086,4.35494589805603,-5.46755612425585,6.27863645553588,0.274900931932052,1.97930626222059,1.99242686198719,4.17484491066271,-4.89680539667607,4.99473419189453,1.02695190015314,0.707073572186732,1.24562815918542,2.11177292124527,-0.406067967414864,2.46866486289284,compared
QR_motioncap_brushless_Light_bot_NoWind_test4,bot,4,5,14,original_static,173,3.28385069355922,1.78883055845767,2.76185666575495,3.19991476687197,7.58376061071737,10.7836753775893,1.77635683940025e-15,0.645565400164192,1.38149521871425,1.52126650047077,3.12032854951348,-3.39081081969567,3.98355071156828,1.2920068367446,2.33773832272408,2.6650914464712,5.1444469137839,-3.73094151691684,6.21267409129581,1.05540438448399,0.50428438138803,1.16906423864593,1.89097334165514,-0.100281310930234,2.41615537580047,reference
QR_motioncap_brushless_Light_bot_NoWind_test4,bot,4,5,14,attitude_absolute,173,2.65869753504879,1.86375189714639,1.90157913360629,3.47357113411675,3.59510144875777,7.06867258287452,4.44089209850063e-16,0.605362976548905,1.37290044523737,1.49680487928318,3.23123806305474,-3.37191070732499,3.82119008940059,1.39989737570147,0.925497612144219,1.67669536905626,2.93782356836867,-0.523624533460343,4.08520234586421,1.07116485110591,0.935201442871648,1.42019026035736,2.62059977930338,-1.53519503225027,3.61754118417821,reference
QR_motioncap_brushless_Light_bot_NoWind_test4,bot,4,5,14,attitude_run_centered,173,2.79456235755419,2.05290728416785,1.9015920935853,4.21442831738941,3.59515045286943,7.80957877025884,4.44089209850063e-16,0.630780674639898,1.3736450614603,1.5079383520535,3.25266885893172,-3.35078517059597,3.84567996060776,1.63747369078658,0.924337866322005,1.87903747912925,3.16079370982305,-0.286323485238271,4.32315134623769,1.06546889671732,0.935281371778101,1.41595157003784,2.61355362955856,-1.54032932256163,3.61558124165802,reference
QR_motioncap_brushless_Light_bot_NoWind_test4,bot,4,5,14,kalman,173,2.04350587717542,0.959912788300433,1.80925540646422,0.921432561142712,3.25448370890777,4.17591627005048,0,-0.0212613817557635,1.3292972204852,1.32562026770129,2.92398333549499,-3.13857555389404,3.21683110742552,0.120830739490362,1.15943555183863,1.16237704701515,2.39992942810059,-1.81541237831115,3.45948412341565,0.952040149984631,0.402595611703585,1.03321187395537,1.60386466887979,0.083885192871086,1.77180473278888,reference
QR_motioncap_brushless_Light_bot_NoWind_test5,bot,5,1,10,original_static,173,3.33012225956681,1.44419206141389,3.009380754833,2.0856907102509,9.00402355341147,11.0897142636624,1.77635683940025e-15,0.105149666132397,1.00359627656349,1.00620074616799,1.8771965532571,-2.25492551910449,3.78526447086636,0.716635574008419,2.64252272193352,2.73059135460132,5.38640719885883,-4.84330552216301,7.70983850449862,1.24942695345857,1.03258932073316,1.61899511310253,2.72603281243662,-1.93337854926795,4.38363410290582,reference
QR_motioncap_brushless_Light_bot_NoWind_test5,bot,5,1,10,attitude_absolute,173,3.03072570884069,1.38666184319046,2.70271916811535,1.92283106736037,7.26246725486752,9.18529832222789,8.88178419700125e-16,0.073471466571628,1.00929647199697,1.00905356881449,1.93650647922368,-2.49285004057055,3.37197884070816,0.602526925273048,2.00350527785655,2.08659281818111,3.4171894476533,-3.5087863919369,5.53537061220699,1.24675351023416,1.50730824150655,1.95275180926959,3.53107652780938,-2.3902835896975,5.36144904241712,reference
QR_motioncap_brushless_Light_bot_NoWind_test5,bot,5,1,10,attitude_run_centered,173,3.03424071349795,1.39449099606938,2.70263437535048,1.94460513811858,7.26201156932995,9.20661670744854,1.77635683940025e-15,0.071205603265762,1.00935751500005,1.00895183170136,1.93553317933776,-2.4932413403243,3.37035711943749,0.573199769475927,2.00364464621585,2.07844752416169,3.41581128015218,-3.53690100193924,5.50757259093608,1.26924265782981,1.50693002671974,1.96689826835583,3.55251785071014,-2.36532194089483,5.37924504385315,reference
QR_motioncap_brushless_Light_bot_NoWind_test5,bot,5,1,10,kalman,173,2.61043663143466,0.634121964050277,2.53959630131694,0.40211066529098,6.41226874144497,6.81437940673595,0,-0.168518940050473,1.10948397972393,1.11903440042108,2.18426139589849,-2.93083802664547,3.05677652359008,-0.138795669356022,2.05280341343025,2.05156225832952,4.26130905151366,-5.16538057327269,4.751507950232,0.595355183317706,1.00229377839421,1.16328574202905,2.11520065341389,-2.5916737318039,3.30503582954407,reference
QR_motioncap_brushless_Light_bot_NoWind_test5,bot,5,2,11,original_static,171,3.89008073555917,1.86687789117224,3.42286572121886,3.48523306054772,11.6474950686209,15.1327281291686,1.77635683940025e-15,0.609431156845098,1.83970458299481,1.93290631284036,3.52903541069536,-3.61333713919167,7.9020815511043,0.717495242544604,2.75981448484343,2.84373592897844,6.00164342963486,-7.58604200106576,6.50340733173425,1.61214990076606,0.845529894238752,1.81927658182796,2.82200890297029,-1.16204436572108,3.90677953072833,compared
QR_motioncap_brushless_Light_bot_NoWind_test5,bot,5,2,11,attitude_absolute,171,3.82864843797804,2.18718852452598,3.1516411621922,4.78379364181813,9.87475521981355,14.6585488616317,1.77635683940025e-15,0.656743358642992,1.82790820584149,1.93727147909743,3.46868758220293,-3.59886715990275,8.27462387279157,1.29800525379939,2.02808822973204,2.40289534629675,4.87198150046579,-3.06213908151451,6.68086879420124,1.63329855317564,1.57430992459042,2.26530837473682,3.79377943439151,-3.80397451458076,8.11948900264163,compared
QR_motioncap_brushless_Light_bot_NoWind_test5,bot,5,2,11,attitude_run_centered,171,3.82761514680357,2.18577965490536,3.15136185042497,4.77763269979819,9.8730050122419,14.6506377120401,3.5527136788005e-15,0.653745661727378,1.82808674054348,1.93642486033172,3.46507389371387,-3.60149975793227,8.27166770259532,1.26955708059926,2.02809985134167,2.38765794263515,4.84398725930432,-3.09194763900509,6.65296946103555,1.65483356524791,1.57352832016171,2.28034778516363,3.79378946067337,-3.78466002371293,8.13741036033483,compared
QR_motioncap_brushless_Light_bot_NoWind_test5,bot,5,2,11,kalman,171,3.12947002969997,1.03766147119757,2.96110061890248,1.0767413288079,8.71684133798242,9.79358266679033,1.77635683940025e-15,-0.00189984673230498,1.99336390781137,1.98752772011191,3.04021467301354,-4.43089604377747,9.5434785485792,0.322479165626147,2.05150568952078,2.07076224333497,4.02998569128132,-4.85263314776951,5.54323979709572,0.986278311191806,0.765468230668986,1.2471006215039,2.42130370222658,-1.15592578326728,3.1104627251625,compared
QR_motioncap_brushless_Light_bot_NoWind_test5,bot,5,3,12,original_static,170,4.05579170030546,3.24940037531901,2.43427619208974,10.5586027991233,5.89084351714329,16.4494463162666,8.88178419700125e-16,1.39101355526214,1.70339894484278,2.19531743248211,4.44726486882149,-3.88817078652244,6.35479355137888,2.44677201614895,1.5591783282734,2.89886704427279,4.7777801371016,-0.986256865882662,5.15745948734077,1.62388139628197,0.77012697311936,1.79627323827305,2.68067559952526,-1.12265681660784,3.4351588612246,reference
QR_motioncap_brushless_Light_bot_NoWind_test5,bot,5,3,12,attitude_absolute,170,3.7518196280817,2.89089518813358,2.3984818183759,8.3572749887739,5.71887553288517,14.0761505216591,0,1.32103058310764,1.65036077764723,2.1101636874715,4.26224948550978,-3.5641013376718,6.23382540133128,2.00798450954337,1.11431890564278,2.29486475798257,3.97194087230836,-0.280366052885717,5.06729907498269,1.60628496746438,1.33690602257992,2.08733214326455,3.44849983402266,-3.76867174333571,4.76045628349547,reference
QR_motioncap_brushless_Light_bot_NoWind_test5,bot,5,3,12,attitude_run_centered,170,3.74394195784922,2.88084932491372,2.39825806317413,8.29929283285582,5.71780855088806,14.0171013837439,8.88178419700125e-16,1.31717235784225,1.65034541649614,2.10773850424705,4.25802149375725,-3.57043223146054,6.2302112429664,1.97972442040681,1.11496364092655,2.27049335829147,3.94624616612931,-0.309537601099696,5.0413385313806,1.626358211415,1.33598571221466,2.10223683047667,3.46812708741539,-3.74524567082988,4.77582864969779,reference
QR_motioncap_brushless_Light_bot_NoWind_test5,bot,5,3,12,kalman,170,2.02260738859984,0.986250322490657,1.77107372485107,0.972689698612925,3.11825094980574,4.09094064841867,8.88178419700125e-16,-0.165389087137804,1.17930961700225,1.18741050862779,2.41905580958528,-4.65639114379883,2.49573054321947,0.144306147529733,1.16908265919224,1.17453769512691,2.72418676977927,-2.72945148087947,3.67187943458557,0.961515410304887,0.615773255411324,1.14081468045644,1.83374467142108,-1.08143329620362,2.58630097892646,reference
QR_motioncap_brushless_Light_bot_NoWind_test5,bot,5,4,13,original_static,163,4.17489643697895,2.81518370815821,3.09243766432946,7.92525931067944,9.50450094882009,17.4297602594995,3.5527136788005e-15,0.753944319052654,1.68962001289752,1.84546298172771,4.07432512151847,-3.22290247049228,5.71727845498048,2.64170987911342,2.34877987783229,3.53009246396193,6.49723321023201,-1.84657428979383,10.1384456401969,0.614976576010999,1.09159882982244,1.24998953533675,2.52769854856631,-1.60693251681783,3.74567080613142,compared
QR_motioncap_brushless_Light_bot_NoWind_test5,bot,5,4,13,attitude_absolute,163,4.20743433954213,2.74233507736274,3.20077405119193,7.52040167653411,10.1821020450242,17.7025037215583,0,0.754208479316224,1.67446299001336,1.83179020273153,3.78806174277144,-3.22644145395281,5.8570220740336,2.5642976206801,2.08560224326968,3.30131390558745,6.26582683543431,-2.21593577455947,7.76121670814423,0.61314676777751,1.75823533826607,1.85698004068705,3.58804644388463,-3.35351336051294,5.18580111474528,compared
QR_motioncap_brushless_Light_bot_NoWind_test5,bot,5,4,13,attitude_run_centered,163,4.19199783231069,2.71898454719575,3.20043874682017,7.39287696788926,10.1799688582083,17.5728458260976,1.77635683940025e-15,0.750809209977202,1.67438365974569,1.83032110605823,3.78467423522681,-3.22996452326122,5.85312371522192,2.53500882363473,2.0858637467141,3.27878104058231,6.23798008691845,-2.24194429032807,7.72931514437998,0.634738341520932,1.75739009962737,1.86342838948357,3.60896064627164,-3.32883814568632,5.20617119159892,compared
QR_motioncap_brushless_Light_bot_NoWind_test5,bot,5,4,13,kalman,163,3.17945550707418,1.01048911689395,3.02389598032813,1.02108825536111,9.08784906610322,10.1089373214643,3.5527136788005e-15,-0.098791691833164,1.57347252959002,1.57174633632578,2.8797695636749,-3.14745306968689,5.20740628242492,-0.0504172781742017,2.37783063244315,2.37106153869153,4.80346906617077,-7.43437904715539,5.62529530525207,1.00438366924565,1.00700177849157,1.42007674280251,2.53944610194726,-2.73249387741089,2.89627481590617,compared
QR_motioncap_brushless_Light_bot_NoWind_test5,bot,5,5,14,original_static,177,3.51940325241028,2.33935157562645,2.63683815714543,5.47256579438597,6.91363345869011,12.3861992530761,8.88178419700125e-16,0.387875586477119,1.01484208606613,1.08375885739055,1.95408656351282,-2.26943352882861,2.59639747283344,2.05693455418231,2.35509413996692,3.12187638906298,6.01968492814092,-3.69428430695276,8.19014765896422,1.04457578165101,0.613630670045553,1.21060059619791,1.94333336653794,-1.13498959979436,2.48809230008553,reference
QR_motioncap_brushless_Light_bot_NoWind_test5,bot,5,5,14,attitude_absolute,177,3.39790671132813,2.77575936543839,1.96538887494938,7.70484005481891,3.84092996406984,11.5457700188887,1.33226762955019e-15,0.410609465881887,1.04296984174109,1.11814155638923,1.95927248219868,-2.23622420634947,2.55581294321676,2.54591614466285,1.31341309633136,2.86303980232373,4.72483221232716,-0.998692120110733,5.25930889130172,1.02691329025004,1.02465280821291,1.44863127436704,2.60872887688468,-2.73362934190509,3.3583426758698,reference
QR_motioncap_brushless_Light_bot_NoWind_test5,bot,5,5,14,attitude_run_centered,177,3.38192146508047,2.75612546650439,1.96544906094792,7.59622758711404,3.84116520885799,11.437392795972,0,0.406449011177637,1.04253626435351,1.1162177590798,1.95378841423954,-2.23819540457787,2.55125328075057,2.51628390605751,1.31360224117322,2.83680924086407,4.69441168200482,-1.0299100104693,5.22874384278355,1.04849515618468,1.02496697540632,1.46422813838387,2.62999222174294,-2.71754542925865,3.38168348194253,reference
QR_motioncap_brushless_Light_bot_NoWind_test5,bot,5,5,14,kalman,177,1.99768124826281,0.928879902557749,1.77360782767152,0.862817873375693,3.12791249628515,3.99073036966084,1.33226762955019e-15,-0.236675745271251,0.950425199261167,0.97684186664298,2.20687389373779,-2.9494458436966,1.62930598871568,0.0875669103063615,1.41907032344308,1.41776280393552,2.67925336743999,-3.71772833594791,3.06403625228189,0.893943231528372,0.478138143333289,1.0131431137856,1.67536578319439,-0.333148638407393,1.86030030250549,reference
QR_motioncap_brushless_Light_mid_NoWind_test1,mid,1,1,6,original_static,183,4.6601655872947,1.94705469127702,4.24554077854939,3.79102197082383,17.9261213301819,21.7171433010058,3.5527136788005e-15,0.582495629128934,2.64742996312855,2.70368020434254,5.5401031831869,-4.04318086137276,9.74710892541149,0.505754284444745,3.09867949220153,3.13131490901336,5.91513342829229,-7.29295576793829,6.22607018545771,1.78771737605118,1.18908220795058,2.14525606728958,3.93979843394348,-0.840663338092318,4.95768374607799,compared
QR_motioncap_brushless_Light_mid_NoWind_test1,mid,1,1,6,attitude_absolute,183,3.98860502402588,1.93903071760906,3.49512279826018,3.7598401238315,12.149129913853,15.9089700376845,1.77635683940025e-15,0.489325849645272,2.63891938565581,2.67680429565172,5.41749330424387,-4.72600252859343,9.26927978723148,0.338646466006289,1.70931992703832,1.73795571301952,3.34659272211415,-3.83131586687684,4.10452529740253,1.84545899649976,1.52650359906479,2.39232078535629,4.46299692581433,-2.00681208961826,5.39546919412768,compared
QR_motioncap_brushless_Light_mid_NoWind_test1,mid,1,1,6,attitude_run_centered,183,3.95698566738072,1.87285625142825,3.49526881255037,3.50759053851388,12.1501450333426,15.6577355718564,0,0.452077981492296,2.63384685282454,2.66526093021247,5.36993383800071,-4.75304135720396,9.23356342646092,0.0491741998105867,1.71718379349927,1.71319148303763,3.22482694077742,-4.12432014387791,3.80246550954371,1.81680982362952,1.52677262458985,2.37046296916588,4.42941221783709,-2.02666101318565,5.36522089351898,compared
QR_motioncap_brushless_Light_mid_NoWind_test1,mid,1,1,6,kalman,183,2.99906490677711,1.04374563127227,2.819294124036,1.08940494279995,7.90498537226204,8.99439031506198,8.88178419700125e-16,-0.0371658441395966,1.24935524282573,1.24649122630971,2.49844764323349,-3.31483125686646,2.71954774856566,0.443413124777405,2.06763044564631,2.10911111146847,3.94241577704779,-5.52633080482483,4.48758601275356,0.94414429172901,1.45342188482362,1.72982665526784,3.93767324360934,-1.44291227514095,5.60717582702637,compared
QR_motioncap_brushless_Light_mid_NoWind_test1,mid,1,2,7,original_static,156,3.56052250556976,1.94991984684935,2.98871076331925,3.80218740913698,8.87513310353177,12.6773205126687,1.77635683940025e-15,1.83556059516459,2.23105072954576,2.88356765917841,6.30406737920697,-2.66837821043904,10.1540979060607,-0.21668550047208,1.85258390321979,1.85930613249602,3.76432941954628,-3.97295077053512,5.04376328098411,0.621250436218082,0.72300591318788,0.951492918140641,1.66631216728104,-1.76541966252803,2.42018911225803,compared
QR_motioncap_brushless_Light_mid_NoWind_test1,mid,1,2,7,attitude_absolute,156,3.21840957714821,1.99032290652676,2.53733018145799,3.96138527224514,6.39677493403421,10.3581602062794,1.77635683940025e-15,1.86143319900055,2.15938846402766,2.84569874249796,6.31296717447029,-2.2926538009193,10.2219491068119,0.25296536814301,0.921894319740545,0.95311731017888,2.08973962665375,-1.39256948845146,2.86836073479394,0.657617092557672,0.961871495778948,1.16263763325562,2.14736541430823,-2.04939438553011,2.78844247089556,compared
QR_motioncap_brushless_Light_mid_NoWind_test1,mid,1,2,7,attitude_run_centered,156,3.18255214484745,1.93153693465681,2.53753411298581,3.73083492994344,6.3978032247297,10.1286381546731,0,1.82548345175832,2.15933449457617,2.82227320193212,6.28101534612359,-2.31962402433006,10.1878892058178,-0.0284302162691365,0.921979135203338,0.919458967636378,1.81287632541722,-1.67407235344433,2.59016505834438,0.630584506710125,0.962449161956019,1.14804500572146,2.12002679342213,-2.073956913036,2.7633276577375,compared
QR_motioncap_brushless_Light_mid_NoWind_test1,mid,1,2,7,kalman,156,1.85891262428245,0.398053952437075,1.82164235455151,0.158446949050777,3.29710919566588,3.45555614471665,4.44089209850063e-16,0.166576175415724,1.14501497704199,1.15343083607107,2.17055679740737,-2.34803318977356,3.38796377182008,0.238822778699931,1.05699812573973,1.08033306451194,2.29231214353714,-2.63876829147339,2.67744095975702,-0.271409298309198,0.943438674439527,0.978792072321433,2.0373671479278,-3.14429050233336,1.51207442809214,compared
QR_motioncap_brushless_Light_mid_NoWind_test1,mid,1,3,8,original_static,175,4.41546610141814,0.831556996152434,4.34889959962887,0.691487037850059,18.8048538549227,19.4963408927727,7.105427357601e-15,-0.0628906236626101,2.2536925754563,2.24812407440686,4.46003144166933,-4.37440211693626,6.0071016694119,0.365050262687761,3.539045881841,3.54775096376559,6.72603178048091,-9.54316518809503,7.56988904264718,-0.744493192055498,1.14409429209729,1.36225626735405,2.70655293309234,-3.24797132248411,2.80949148801155,reference
QR_motioncap_brushless_Light_mid_NoWind_test1,mid,1,3,8,attitude_absolute,175,3.63733014024243,1.02382749449518,3.50027984666165,1.04822273848427,12.1819478106317,13.230170549116,1.77635683940025e-15,-0.112208905945506,2.10274046740453,2.09972438612814,4.20614158260594,-4.39458951159326,6.4967382909236,0.687279230042024,2.14721028957116,2.24867049268503,4.86694541592639,-4.14592185174412,5.74471426096889,-0.750519260155015,1.79441620145517,1.94031159011703,3.83788171104731,-6.13475002099708,4.8690597160491,reference
QR_motioncap_brushless_Light_mid_NoWind_test1,mid,1,3,8,attitude_run_centered,175,3.5999909890744,0.881164874462519,3.50050047936524,0.776451535986547,12.1834835854304,12.9599351214169,1.77635683940025e-15,-0.143097129329574,2.10631769701709,2.10516013081793,4.20908582525767,-4.42589272131442,6.44603004247732,0.388504712225536,2.14366537066406,2.1725510969097,4.56399005771503,-4.42340331673076,5.43724373137437,-0.777842423722656,1.7948894517169,1.95147576883445,3.84497786458413,-6.17518376491317,4.84687564606463,reference
QR_motioncap_brushless_Light_mid_NoWind_test1,mid,1,3,8,kalman,175,3.23541623373796,0.618728969467053,3.18481600262343,0.382825537657762,10.0850926678774,10.4679182055351,3.5527136788005e-15,0.0623293546626,2.03166673595404,2.02681227307472,4.10752381033411,-4.61113691129015,5.97118139266968,0.0912418075709333,2.06734140677928,2.06344451612012,4.10369717558127,-3.8565597295761,7.3518881482069,-0.608781998548162,1.31965251198944,1.44987825148963,3.18428039550782,-3.62028360366822,2.81673908233644,reference
QR_motioncap_brushless_Light_mid_NoWind_test2,mid,2,1,6,original_static,179,4.96003080798722,1.38985129810809,4.77468111669733,1.93168663085274,22.6702189853296,24.6019056161824,3.5527136788005e-15,0.273437719416469,2.72302645680709,2.72914224599795,5.11760231912371,-5.4034158797472,8.80738197653016,-0.0868926132644568,3.78098688590835,3.77141180564449,7.18316288707914,-7.40429524533697,8.80538833111284,1.35991474667096,1.04251851315161,1.71176552411157,3.16103539007885,-1.9629051741723,3.70473965319793,compared
QR_motioncap_brushless_Light_mid_NoWind_test2,mid,2,1,6,attitude_absolute,179,3.92069626689565,1.40606113321646,3.67016393101751,1.97700791034194,13.3948513069076,15.3718592172495,5.32907051820075e-15,0.209200776006141,2.57516319607856,2.57646718548846,4.76561242590152,-5.39418407159693,8.26155227305154,0.35977869110637,2.11899414863941,2.14347669657375,4.08016962659838,-4.2510645525311,4.8390370338204,1.34305704982557,1.53248216698801,2.03449839287132,3.67434718106342,-4.2693206743162,5.41130178828624,compared
QR_motioncap_brushless_Light_mid_NoWind_test2,mid,2,1,6,attitude_run_centered,179,3.92585106044979,1.42042419068075,3.67014343048421,2.01760488147106,13.3947016673637,15.4123065488347,0,0.225081423914236,2.57719131065828,2.57981996047084,4.78039685379907,-5.38258280153461,8.27434225339974,0.490363794989438,2.11678649630317,2.16707392664299,4.11095777769021,-4.11809044521136,4.96864946408835,1.31395836412093,1.53207463188397,2.01509953026026,3.64661137760137,-4.30358497478123,5.38391705143315,compared
QR_motioncap_brushless_Light_mid_NoWind_test2,mid,2,1,6,kalman,179,3.04091717617016,0.52909417395875,3.00293429186712,0.279940644917092,8.96723662740961,9.2471772723267,1.77635683940025e-15,-0.102876991245963,1.73371361438058,1.73192222704327,3.03578197956084,-3.53433719358476,4.80539907108654,0.352156105586855,2.21391026162363,2.23562753022072,4.50201983972505,-5.89472097512802,5.00091301009429,0.381238831819595,1.05378025131452,1.11785160818392,2.27715985288632,-2.33078360557557,3.83143663406371,compared
QR_motioncap_brushless_Light_mid_NoWind_test2,mid,2,2,7,original_static,161,3.69176333393116,1.77993690855581,3.24442937930386,3.16817539843922,10.4609411153193,13.6291165137585,1.77635683940025e-15,1.7316109504771,2.12435220283801,2.73556548137595,5.01140656521089,-1.75471564274597,12.1989875547164,-0.221399338549489,2.31611628880788,2.31950277190614,3.97471075914427,-4.484330000708,8.44554066336637,0.347392065995832,0.805639530004682,0.875045657084593,1.92490236352556,-2.72641405795417,2.5530924867871,compared
QR_motioncap_brushless_Light_mid_NoWind_test2,mid,2,2,7,attitude_absolute,161,3.01619580385,1.75880582690977,2.45795940473608,3.09339793677174,6.00403919039063,9.09743712716237,3.5527136788005e-15,1.64750932308478,2.0089233944202,2.5932591964525,4.4857904925924,-1.63841740619391,11.8989585942385,-0.450161432133136,1.08554245356061,1.17206162968614,2.27915558348852,-2.95890582564602,2.6112264184818,0.420078150039148,0.909609153537609,0.999357495291039,1.80339873919113,-2.87418871943002,3.11721309997246,compared
QR_motioncap_brushless_Light_mid_NoWind_test2,mid,2,2,7,attitude_run_centered,161,3.00360600733863,1.73760839803248,2.45761691289504,3.01928294491299,6.00236610240772,9.0216490473207,8.88178419700125e-16,1.66111949536611,2.00847726783451,2.60158473455812,4.49295466799604,-1.62777745492336,11.9070276068712,-0.326135462124796,1.0861496661475,1.13082181474191,2.15844975124408,-2.84467692356694,2.73724358800742,0.391919159230908,0.908943814472298,0.987242594066257,1.7755113264025,-2.89505048573822,3.09434860428885,compared
QR_motioncap_brushless_Light_mid_NoWind_test2,mid,2,2,7,kalman,161,2.01950346407639,0.61147162019666,1.9307122528953,0.373897542305928,3.70449669911061,4.07839424141654,0,0.278609934866622,1.04565748463599,1.07899572254596,2.0648455619812,-2.03348517417907,2.66091050850972,0.229433784171382,1.26635897302046,1.28309947291438,2.23682653368942,-2.23682653368942,2.84033145904541,-0.493593137290567,1.01517741294582,1.12597434018316,2.98245906829835,-3.85751701834482,1.16949558258055,compared
QR_motioncap_brushless_Light_mid_NoWind_test2,mid,2,3,8,original_static,172,4.07567534131615,0.685329274124189,4.02937311965901,0.469676213971588,16.1414532738409,16.6111294878125,7.105427357601e-15,-0.166031593623855,2.14695494038342,2.14713368906066,3.991064722961,-5.56752364866431,4.4385541570745,-0.0231346711162385,3.18579510636838,3.1766048180558,5.70231115922484,-6.00617517492918,6.35274773399811,-0.664510730449595,1.21537720960742,1.38207389057818,2.97544043750801,-4.54636552520853,1.39204890373952,reference
QR_motioncap_brushless_Light_mid_NoWind_test2,mid,2,3,8,attitude_absolute,172,3.61816815207231,0.970055966107485,3.49588123424751,0.941008577380725,12.1501321992897,13.0911407766704,1.77635683940025e-15,-0.267878717037007,2.10961494435782,2.12046206393961,4.06669634175687,-5.51574520471694,4.35700465456326,-0.648148233160844,2.25093905482938,2.33610039333694,4.05199424870401,-5.2273565362406,4.03411004257068,-0.670189106290015,1.64437944585483,1.77127534966034,4.09094369783114,-5.25803097831126,2.53357777460053,reference
QR_motioncap_brushless_Light_mid_NoWind_test2,mid,2,3,8,attitude_run_centered,172,3.60271916651789,0.907051514392453,3.49684652105628,0.822742449761642,12.1568429430337,12.9795853927954,3.5527136788005e-15,-0.257460017392474,2.10739143302224,2.11697047016047,4.04903827642354,-5.49826662750872,4.35726877004016,-0.519602563617655,2.25313339544188,2.30587982054294,4.00020189478768,-5.11631667145697,4.16544583223547,-0.697473988825297,1.64627666028295,1.78351890219219,4.1248912557448,-5.28681487505096,2.50419605201611,reference
QR_motioncap_brushless_Light_mid_NoWind_test2,mid,2,3,8,kalman,172,3.17305250860466,0.510480592343263,3.14086398829626,0.260590435159129,9.80767178720318,10.0682622223623,1.77635683940025e-15,-0.0408762602229254,2.11182543753349,2.10607417691466,3.91452812821166,-4.80280912369657,5.12307310837308,0.190097883914725,1.96693246797091,1.97039777205288,3.73018977280305,-5.62077924804172,4.20429434776306,-0.471998263810853,1.23951465534081,1.32296878405525,2.71320718526841,-3.57973337173463,1.65398356102848,reference
QR_motioncap_brushless_Light_mid_NoWind_test3,mid,3,1,6,original_static,176,4.46025968181688,1.47212620442126,4.22232834392154,2.16715556174374,17.7267608674975,19.8939164292412,0,0.53875613782213,2.38536844363603,2.43883401265381,4.51848960561666,-4.22810930730049,6.22731573093688,0.283007491923819,3.32025571454747,3.3228834361077,6.77910915759246,-9.01284614563531,7.44584610474419,1.34044923261484,1.05545062509028,1.70424492312732,3.00785312185965,-2.56928455076362,3.32900886453071,compared
QR_motioncap_brushless_Light_mid_NoWind_test3,mid,3,1,6,attitude_absolute,176,3.68823873361228,1.43877087219546,3.40572260147569,2.07006162267808,11.5330433334398,13.6031049561179,1.77635683940025e-15,0.40695509661697,2.32218395640765,2.35106600412341,4.42122680176916,-4.39298046578931,6.84047381468312,-0.160444852474936,1.83804294434348,1.83982307594863,3.21526048554776,-5.14025337966597,3.90108659779771,1.3706591922611,1.68166769771987,2.16578961341586,4.28687023322932,-4.34663472115926,5.14366369084929,compared
QR_motioncap_brushless_Light_mid_NoWind_test3,mid,3,1,6,attitude_run_centered,176,3.69235457639371,1.45060683762913,3.40515835016506,2.10426019737638,11.5292221204392,13.6334823178156,1.77635683940025e-15,0.437617540017704,2.32588860511955,2.36019695248286,4.41759755459418,-4.38126297261998,6.89337153622768,0.0968206223453029,1.8335631152461,1.83090849603603,3.32967478810819,-4.8651703671071,4.14859710088085,1.3796292448096,1.68029517903341,2.1704208675852,4.29398123736954,-4.33566952825384,5.12576986410911,compared
QR_motioncap_brushless_Light_mid_NoWind_test3,mid,3,1,6,kalman,176,2.74317842862322,0.448716008723062,2.71395126066477,0.201346056484355,7.32368183477941,7.52502789126377,8.88178419700125e-16,0.203602006019753,1.68353755044668,1.69104952346913,3.16537804369203,-4.64899182319641,3.27268958091737,0.111387107557719,1.85221671525488,1.85030300111973,3.44467013737833,-3.5570183753967,4.35151219231364,0.384038008404132,1.04905957944736,1.11434205003937,2.02098848018917,-2.37682251268456,3.28204154968261,compared
QR_motioncap_brushless_Light_mid_NoWind_test3,mid,3,2,7,original_static,164,4.0403809950379,2.36139650490133,3.2885295738792,5.57619345336023,10.7484851317032,16.3246785850635,1.77635683940025e-15,2.21906473227073,2.70055902939312,3.48895367248712,6.69215627713349,-3.70875055682662,10.7333765688086,0.428813953600256,1.75689924106708,1.80326233239502,3.56527124963052,-3.57044707311184,4.65739393794563,0.684151854890556,0.659327493571526,0.948749607044677,1.68331307791867,-1.34710262355933,2.33265323519773,compared
QR_motioncap_brushless_Light_mid_NoWind_test3,mid,3,2,7,attitude_absolute,164,3.77247648357756,2.23924216249566,3.04531142244109,5.01420546229824,9.21737335684743,14.2315788191457,3.5527136788005e-15,2.11579185537118,2.69260130568272,3.4179627015032,6.75016094340455,-3.65410153076429,10.3347394267654,-0.225384608441506,1.17430901298281,1.19222117620853,2.34288070456369,-2.87086233597398,2.58814833250138,0.697733520278972,0.803005734919263,1.0619408916124,1.8970895474984,-1.70046375627795,2.55257821287846,compared
QR_motioncap_brushless_Light_mid_NoWind_test3,mid,3,2,7,attitude_run_centered,164,3.7844813942442,2.25934811289567,3.04535638320059,5.10465389524522,9.21764552813531,14.3222994233805,3.5527136788005e-15,2.14586773010978,2.69306430858298,3.43702204572345,6.78349550200132,-3.61916615835227,10.35849288647,0.0209258386087007,1.17339248142873,1.1699967435344,2.32256358979688,-2.60566881626593,2.83018485537656,0.706730280515313,0.802963395842901,1.06784198302484,1.90281512806457,-1.69786474339315,2.56080438265467,compared
QR_motioncap_brushless_Light_mid_NoWind_test3,mid,3,2,7,kalman,164,1.92186032309725,0.498757830872222,1.86169852411174,0.248759373856364,3.4447877276391,3.69354710149546,1.33226762955019e-15,0.0180480020263153,1.07370385413865,1.07057750059448,2.18869341199844,-2.21343755722045,2.78584957122804,0.325603616034051,1.21813105343194,1.25730392242021,2.44479536912229,-2.26025561756559,3.29635348320007,-0.3773803501837,0.910625150625889,0.983157039024334,2.36277520656586,-3.22451353073121,1.14028215408324,compared
QR_motioncap_brushless_Light_mid_NoWind_test3,mid,3,3,8,original_static,177,3.97044575675975,0.669050558623159,3.92477237451988,0.447628649993961,15.3168108573775,15.7644395073715,1.77635683940025e-15,-0.0490464043495896,1.75481162354468,1.75053473205221,3.31399413191673,-4.04894498121737,3.88823896303234,-0.156769135501113,3.36110305061592,3.35525935546746,6.77162010607562,-7.39753989178489,6.87659363615458,-0.648572693202983,1.01363733199172,1.20095891553309,2.30906889218781,-2.89839642868506,1.45592387054387,reference
QR_motioncap_brushless_Light_mid_NoWind_test3,mid,3,3,8,attitude_absolute,177,3.09138098112606,0.972789275362653,2.94265860305614,0.946318974260595,8.61031739620731,9.55663637046791,0,-0.174078495839167,1.86540341170363,1.86825419047149,3.5243896276134,-4.28925339514912,4.17740143621672,-0.66563812779006,1.75008487620308,1.8677706638696,3.7736964336189,-4.41202088256106,4.22991660884224,-0.687707448250425,1.45489267364642,1.60552028870449,3.37050438018021,-4.37950447579529,2.83968040762537,reference
QR_motioncap_brushless_Light_mid_NoWind_test3,mid,3,3,8,attitude_run_centered,177,3.04300799143741,0.803712988679133,2.94327809187648,0.645954568171544,8.6139430677804,9.25989763595195,0,-0.153748917845696,1.87205074095469,1.87307577355321,3.50685936251053,-4.27374527857075,4.21681595089248,-0.403981409423263,1.7431489172359,1.78454534129526,3.53708554266436,-4.15425351849695,4.48680609657964,-0.677580149704236,1.45593399635779,1.60214940231596,3.36851000536446,-4.38109160152471,2.8443890018341,reference
QR_motioncap_brushless_Light_mid_NoWind_test3,mid,3,3,8,kalman,177,2.33320688555704,0.502486894384366,2.28491961844586,0.252493079028045,5.19136129178273,5.44385437081078,0,-0.10632291156833,1.48270817393867,1.48233181800611,2.75643706321716,-3.87527953747606,3.27340304851532,0.0242156932049816,1.39357219977313,1.3898409544759,2.47071377277374,-2.92672876084867,5.76409902572632,-0.490512097410737,1.03941842282775,1.14668603959367,2.43953895657069,-2.78824928709638,1.97737678395717,reference
QR_motioncap_brushless_Light_mid_NoWind_test4,mid,4,1,6,original_static,162,4.73224141517713,1.97009303927329,4.31599685192364,3.88126658339306,18.5128422281245,22.3941088115176,0,0.845220552933479,2.46874031825888,2.60220196531268,5.66129458270087,-3.82924966542679,9.98535495200216,0.0899957125629729,3.39710236533318,3.38779681525047,6.0791233553616,-8.30871206308828,6.12617106510629,1.77729276485676,0.996416371937697,2.03604677790546,3.2362768938004,-0.347197840188729,3.85667204261531,compared
QR_motioncap_brushless_Light_mid_NoWind_test4,mid,4,1,6,attitude_absolute,162,3.70412146336011,1.95008730847806,3.15899917258117,3.80284051068722,9.91767530463783,13.7205158153251,1.77635683940025e-15,0.681123521498773,2.33931683556028,2.42951687412442,5.12155456443361,-3.72559484147372,9.48179623718994,-0.37165530117658,1.64020264215864,1.67683803569971,3.11624523521246,-3.40971888782342,3.87435857382337,1.78907339040512,1.34781593991487,2.2374489437081,3.95486477919937,-1.83855768753767,4.9915784431781,compared
QR_motioncap_brushless_Light_mid_NoWind_test4,mid,4,1,6,attitude_run_centered,162,3.70360125299189,1.95087196919461,3.15789776932009,3.80590144018927,9.91076080097384,13.7166622411631,3.5527136788005e-15,0.712696693488982,2.3412895434143,2.4404376737114,5.1575318254381,-3.69576485149928,9.5087228918746,-0.102970825388569,1.63764708663429,1.63582887465855,2.92864628039091,-3.13334075399778,4.14594036864031,1.81310834546586,1.34491398052585,2.25499226045824,3.9656927806986,-1.80759049697232,5.01503704654298,compared
QR_motioncap_brushless_Light_mid_NoWind_test4,mid,4,1,6,kalman,162,2.70393618435319,0.511512204221706,2.66334613819488,0.261644735067749,7.04962615398674,7.31127088905449,8.88178419700125e-16,-0.0771233153285601,1.37072399847061,1.36866147554445,2.78986278176308,-3.34523916244507,3.5352905591329,0.287788455399706,2.0269653321848,2.04109014886481,3.6382637431946,-4.52759537696839,4.02639474868773,0.415781834907601,1.05163677853873,1.12782430308183,2.05834991497289,-1.80393218994142,3.01783648404208,compared
QR_motioncap_brushless_Light_mid_NoWind_test4,mid,4,2,7,original_static,111,3.80387785742438,1.90039815361619,3.310087984171,3.61151314226781,10.8579736119357,14.4694867542035,0,1.62040576177365,2.1585950947082,2.69133235459106,5.1097914710631,-2.05695739037521,10.7526559753654,-0.27527846069,2.39888733016217,2.40387080895366,5.13046924810265,-4.31924779945905,5.80682354581775,0.95394972538321,0.736538700437637,1.20317166073478,1.8262110994666,-1.64386207784273,2.23381737904873,compared
QR_motioncap_brushless_Light_mid_NoWind_test4,mid,4,2,7,attitude_absolute,111,3.20185423641102,1.85012696836779,2.62506793589613,3.42296979908179,6.82890075214142,10.2518705512232,8.88178419700125e-16,1.59406676999429,2.17171907527056,2.68606084176318,5.06716634726766,-1.94691364251808,10.9876519607041,-0.0460209516695857,1.12518319855348,1.12104835644411,1.89802049954464,-2.66281070687172,2.34077230454108,0.937978146807909,0.953194993623509,1.33424071594433,2.31935096315941,-2.29914916785026,2.9373501101174,compared
QR_motioncap_brushless_Light_mid_NoWind_test4,mid,4,2,7,attitude_run_centered,111,3.23269309915456,1.90260393979578,2.62535664122222,3.61990175172641,6.83040292159511,10.4503046733215,1.77635683940025e-15,1.62723416534856,2.17075521174463,2.70510945479744,5.09786343368892,-1.91981748894825,11.0192187619002,0.215028536723276,1.12743364152257,1.14275652554991,2.02108062711817,-2.4123250103158,2.61792278473736,0.962171217218339,0.953526448640143,1.35158981728929,2.34707127005214,-2.2798223004483,2.95560925650764,compared
QR_motioncap_brushless_Light_mid_NoWind_test4,mid,4,2,7,kalman,111,1.9836273321687,0.21068738046651,1.98135190874338,0.04438917228784,3.89038822063888,3.93477739292672,8.88178419700125e-16,-0.17690075129464,1.09052026011171,1.09991567393121,2.32086509466171,-3.18509578704834,2.95596241950988,0.10345104505396,1.49776974488857,1.49459234894003,2.9226114988327,-2.39867008177299,3.71674265861511,-0.0489201160717689,0.702286793171671,0.700825665666642,1.3402646780014,-1.96357488632204,1.0221481196254,compared
QR_motioncap_brushless_Light_mid_NoWind_test4,mid,4,3,8,original_static,170,4.2604073334086,1.45365698944419,4.01657206183127,2.11311864295995,16.0379520036019,18.1510706465618,0,-0.0550798987377408,2.19357746686702,2.1878097032843,3.84538654105061,-4.23120716430664,6.70581907925072,1.39140403612273,3.19557703631452,3.4767296255449,6.52830360100521,-7.2126448773125,7.24422572739063,-0.417228541660758,1.05325990606122,1.13000462814773,2.35130027729541,-3.88969483505515,2.18856010455233,reference
QR_motioncap_brushless_Light_mid_NoWind_test4,mid,4,3,8,attitude_absolute,170,3.49276417493263,1.12291480064701,3.31710545066519,1.2609376495121,10.9384639321807,12.1994015816929,1.77635683940025e-15,-0.161789965476636,2.11786913811005,2.11781990535605,3.73352044710664,-4.42489055589484,5.70479737144294,1.04663118248852,1.93159140276673,2.19192491975151,4.24069769358386,-3.64869597768777,4.72018812769425,-0.373262406928232,1.66936321315384,1.70578591163806,3.44585801022749,-4.49996960066228,4.20735637352048,reference
QR_motioncap_brushless_Light_mid_NoWind_test4,mid,4,3,8,attitude_run_centered,170,3.57862551208529,1.36869424207,3.31631276198838,1.87332392827556,10.9332366274721,12.8065605557477,1.77635683940025e-15,-0.129247362145586,2.11393303996968,2.1116655113065,3.75504036356092,-4.39342723974816,5.725274557654,1.31723693951558,1.93628985763671,2.33715154443472,4.51895637486058,-3.36417621085227,5.00909357488462,-0.348576953956525,1.66733290768963,1.6985735139972,3.41517330682858,-4.46591644243082,4.22536048454722,reference
QR_motioncap_brushless_Light_mid_NoWind_test4,mid,4,3,8,kalman,170,2.96289196863121,0.467871148253382,2.93436113334525,0.218903411367938,8.5598254064114,8.77872881777933,0,-0.043849292981528,1.84333468740934,1.83842812875476,3.34979656247272,-3.13753502877323,3.96396398544312,0.228136079964448,1.93666656694296,1.94439210405483,4.02547544859632,-5.61128162037242,4.39293048288262,-0.406121385661249,1.20909681149447,1.27210462575679,2.39142327191433,-4.73207938152447,2.28170981159748,reference
QR_motioncap_brushless_Light_mid_NoWind_test5,mid,5,1,6,original_static,196,4.44346151436459,1.87182128972507,4.04028719253291,3.50371494066802,16.2406352889713,19.7443502296393,3.5527136788005e-15,0.87221438278311,2.31486786894971,2.46820406707094,4.96115454999937,-4.70462112181302,8.73689741279602,0.100928820800356,2.95665777280618,2.95083219845822,4.88525521636263,-13.5528787776604,5.54271621409903,1.65310930802114,1.49113452174995,2.22371496587938,4.0483121292102,-1.75495649496111,6.86057194105152,compared
QR_motioncap_brushless_Light_mid_NoWind_test5,mid,5,1,6,attitude_absolute,196,4.33724272543757,1.95605124056026,3.88102910534089,3.82613645569732,14.9855380036638,18.8116744593611,5.32907051820075e-15,0.865261653189358,2.17829715459492,2.33868491854905,4.60130475513241,-4.39673636328415,8.42373143794252,0.142140764647648,2.56887619764629,2.56625406207576,4.02940706502754,-15.9175963061685,4.19359147831695,1.74850070924856,1.92828511998437,2.59933980079405,4.64980184245296,-3.3969998071371,8.89761085824863,compared
QR_motioncap_brushless_Light_mid_NoWind_test5,mid,5,1,6,attitude_run_centered,196,4.31385590357871,1.90377421199003,3.88095898490745,3.62435625023826,14.9849965066026,18.6093527568408,1.77635683940025e-15,0.818603910919113,2.17825859462217,2.3217912591693,4.55410282461435,-4.45375646859381,8.37975074201638,-0.232544514027017,2.56854636156832,2.57251763906245,4.06308118494399,-16.2595154601183,3.8394140209784,1.70298765006154,1.92862690170045,2.56920047921498,4.5923065739612,-3.44630977934863,8.86394456946715,compared
QR_motioncap_brushless_Light_mid_NoWind_test5,mid,5,1,6,kalman,196,3.77324628609067,0.832988330675954,3.68957611586961,0.693869559042313,13.5435179764547,14.237387535497,0,0.189677520073016,1.53787177580147,1.545626274635,2.74588781321416,-3.38378673659,3.10726284643692,0.0686328775678292,2.91174131384979,2.90511473732031,3.57697330604899,-20.0758305549622,4.8059281349182,0.808196464690376,1.66423701353174,1.84627606756391,4.3025767803192,-1.84934148627449,5.47370553016664,compared
QR_motioncap_brushless_Light_mid_NoWind_test5,mid,5,2,7,original_static,118,4.78966072441987,2.26056740091804,4.24064663666209,5.11016497409336,17.8306848809569,22.9408498550503,7.105427357601e-15,2.02036775420406,2.30897404115782,3.06072964479131,6.48574037667512,-2.58189087141665,8.23376801392974,-0.80693871633605,3.4920041742908,3.56958029363413,8.93903841589172,-9.93048678655565,10.0016065718995,0.614108312876252,0.676483274758853,0.9115264252038,1.63528551808146,-2.27918729580316,2.04999927574852,compared
QR_motioncap_brushless_Light_mid_NoWind_test5,mid,5,2,7,attitude_absolute,118,3.24116140156605,2.03302841375431,2.53503127744923,4.13320453113238,6.3719226998692,10.5051272310016,8.88178419700125e-16,1.93740451611802,2.14865906724568,2.8863726659561,6.23998456297641,-2.51409188108032,8.34642945983864,-0.176111465540841,1.0387206918752,1.04919605364111,2.13426679928611,-2.64676859759299,1.66082137433446,0.590468478212816,0.854814081926056,1.03593807983246,2.17597789881581,-2.69799995452389,2.66622605430744,compared
QR_motioncap_brushless_Light_mid_NoWind_test5,mid,5,2,7,attitude_run_centered,118,3.24962094676638,2.04564547598646,2.53571710442567,4.18466541342386,6.37537088423898,10.5600362976628,8.88178419700125e-16,1.89511373898935,2.14949878469608,2.85878394475677,6.19101891526794,-2.56393756943536,8.31121404273344,-0.542078433251489,1.0364764317213,1.16577370220593,2.53095585882188,-3.04545378120975,1.27506207014777,0.547138284093956,0.857457179544996,1.01408201350228,2.12977375347484,-2.75974517699802,2.6261744634968,compared
QR_motioncap_brushless_Light_mid_NoWind_test5,mid,5,2,7,kalman,118,2.13845863484197,0.327379638669135,2.12226232459362,0.107177427815133,4.46582790511503,4.57300533293017,0,-0.256773550833505,1.36932189700917,1.38747429659708,2.6767536314062,-3.30380380153656,2.92764902114868,0.0217690759388056,1.36100998138255,1.35540554678207,2.91901097786406,-3.26777670383454,3.14090933799743,-0.201918000040257,0.881252941747027,0.900442231886652,2.50464958790315,-2.87969708442688,0.839384794235221,compared
QR_motioncap_brushless_Light_mid_NoWind_test5,mid,5,3,8,original_static,171,4.72903296354191,1.03215312138139,4.62857402283923,1.06534006597734,21.2984127042887,22.363752770266,3.5527136788005e-15,0.617129382915143,2.13986293354524,2.22105474800322,4.16664501071794,-4.76547615490573,6.39788634558012,0.540702626230801,3.99160563225094,4.01647854579716,8.51705152166232,-12.868589336584,9.06298465458986,-0.626204487932839,0.954865742983737,1.13954757153418,2.38371849775911,-3.44807102611733,1.40554876503325,reference
QR_motioncap_brushless_Light_mid_NoWind_test5,mid,5,3,8,attitude_absolute,171,3.32730292348167,1.00081641202139,3.18253711631288,1.00163349057137,10.0693112540383,11.0709447446096,1.77635683940025e-15,0.484824092090923,2.03329214509559,2.08450336756932,3.89877935593761,-4.71814855246739,5.35311914536072,0.649341002374137,1.97604995216782,2.07450770511565,3.63021306220429,-3.82394665160296,4.26270459649795,-0.587311972409322,1.44550757035003,1.55634451090291,3.05116132978327,-4.69381294508886,2.25926494753381,reference
QR_motioncap_brushless_Light_mid_NoWind_test5,mid,5,3,8,attitude_run_centered,171,3.27745115723865,0.818604324075658,3.18289453108877,0.670113039395365,10.0715730486896,10.741686088085,0,0.445505240584502,2.03494323555999,2.0773185967305,3.89392746270316,-4.75037796304761,5.3246267570508,0.26700053675429,1.97430121118599,1.98654474537079,3.47708759980225,-4.20234456783181,3.859950450834,-0.632731248935937,1.44636038095385,1.57482491420547,3.08814604826378,-4.73779348226722,2.21702205411916,reference
QR_motioncap_brushless_Light_mid_NoWind_test5,mid,5,3,8,kalman,171,3.18735595714553,0.45024916219297,3.16466134318996,0.202724308055472,9.95651368949559,10.1592379975511,0,0.0259351006323279,2.02284985789547,2.0170931587949,3.93460801700327,-5.03201463666615,3.5334468175454,0.227249229480997,2.26795493742207,2.27270371225637,4.81095939509695,-5.3952971458435,4.93240892622206,-0.387826593094073,0.88291577815553,0.961972464569546,1.67661821409099,-3.79309188179591,1.52799129486083,reference
QR_motioncap_brushless_Light_top_NoWind_test1,top,1,1,1,original_static,180,5.86579467204378,4.08871671498959,4.21767344101023,16.7176043754352,17.6899427591419,34.4075471345772,3.5527136788005e-15,-1.68156053142342,1.28786469516782,2.11589859742993,3.81836233957012,-4.71745931032807,1.61127444231235,3.54717776281202,3.83456126600093,5.21580694351516,8.28489645100965,-11.4331858918426,9.18170942307921,1.1434546224517,1.19428375155517,1.65102337595512,4.11487675882494,-0.50504504342368,4.80057669120608,reference
QR_motioncap_brushless_Light_top_NoWind_test1,top,1,1,1,attitude_absolute,180,4.71297352293036,4.21434592826537,2.11572115953261,17.7607116030869,4.45140782475573,22.2121194278426,1.15463194561016e-14,-1.82769778970668,1.07861039051425,2.12071126031102,3.48915847432394,-4.73572785166385,1.34967043632823,3.62879142170101,1.27666808263078,3.84564086711045,5.21549967550108,-0.484536479282172,5.78625375854351,1.11897507138336,1.29730268525144,1.71048224177939,4.26300380315893,-1.02318698414656,4.90534060090879,reference
QR_motioncap_brushless_Light_top_NoWind_test1,top,1,1,1,attitude_run_centered,180,5.19639381422643,4.74820323383841,2.11706744849641,22.5454339498336,4.45707472269709,27.0025086725307,3.5527136788005e-15,-1.70685138361202,1.07762824609048,2.01697117289911,3.37698417859069,-4.59823219521229,1.49064956146641,4.2841735100068,1.27786896790535,4.46967782100005,5.83966599089809,0.182935564159981,6.44410759721177,1.13046434718276,1.29913157361969,1.71939411906777,4.27758456321601,-1.00494261178712,4.91733297841188,reference
QR_motioncap_brushless_Light_top_NoWind_test1,top,1,1,1,kalman,180,2.32653768648539,0.920877425917211,2.1424901023912,0.848015233563908,4.56476237307289,5.4127776066368,0,-0.368588031698123,0.890537442092637,0.961513494972697,2.31803409822629,-3.2339870929718,1.38892637885267,0.458863178509662,1.31678925545666,1.39099115508564,2.95922414123023,-3.31730636387624,3.42906080166332,0.708239140305604,1.43640974648227,1.59794024046448,4.30558389044856,-1.18889089710481,5.33091891490782,reference
QR_motioncap_brushless_Light_top_NoWind_test1,top,1,2,2,original_static,173,6.09087245447404,3.77882330106234,4.79081325139237,14.2795055406517,22.819221716019,37.0987272566706,0,-0.444901140126576,2.69075901633606,2.71960848899759,5.13942180186387,-7.26605275731844,5.73865763096012,3.74868033897393,3.87449438385537,5.38307887208257,10.0139049476487,-7.34244574271878,12.3404340462361,-0.170188813839462,0.83666050175456,0.851421623040665,1.74012777562838,-2.18213332537758,1.80874572115579,compared
QR_motioncap_brushless_Light_top_NoWind_test1,top,1,2,2,attitude_absolute,173,5.52271424008047,4.56850162094509,3.11209720887016,20.8712070605779,9.6291655170097,30.5003725775876,5.32907051820075e-15,-0.464557299245199,2.0860105507006,2.13122046476763,4.0112877764333,-6.57013648585117,4.07932489963986,4.54051977365048,1.7836111652239,4.87639208500438,7.82656919092314,-0.264441588770192,10.1630700281119,-0.197670841008317,1.46711970578813,1.47616806002903,2.83687448175539,-3.92259120483551,2.88913135096478,compared
QR_motioncap_brushless_Light_top_NoWind_test1,top,1,2,2,attitude_run_centered,173,6.0429047395112,5.1860888346281,3.11080654892955,26.8955174006542,9.62118029015275,36.516697690807,3.5527136788005e-15,-0.338502981645414,2.07937314572286,2.10080554227883,3.98017016904707,-6.44975043620069,4.22783651380174,5.1716542735009,1.79162312872026,5.47150499835871,8.50693981599819,0.372092824920589,10.8347189003996,-0.186882870941231,1.46403936775763,1.47171560339394,2.83588046827074,-3.87899618804139,2.90017691582238,compared
QR_motioncap_brushless_Light_top_NoWind_test1,top,1,2,2,kalman,173,2.67028132035066,0.491035847807944,2.63236397845847,0.241116203832467,6.88928612598118,7.13040232981364,0,-0.174927885934412,1.89939100405802,1.90195485598281,3.53726446628571,-6.5750218433412,3.7173867225647,0.453045371059456,1.62235434824044,1.67990168529601,3.37351696968079,-3.57648048400878,4.29426279067995,0.0725694861259457,0.830433800814075,0.83120417669588,1.72070980072023,-1.82394504547121,2.4260330200196,compared
QR_motioncap_brushless_Light_top_NoWind_test1,top,1,3,3,original_static,168,7.33321652680683,5.05365409385009,5.32970230265306,25.5394197002877,28.2366449287452,53.7760646290329,0,0.571219941797759,2.42958307944167,2.48878082751625,5.60958246696051,-5.39976222497136,6.46123728394916,4.80716594167299,4.66718062114261,6.69042309251974,10.2012777114861,-9.48308559390356,11.6958842285503,-1.4506147274861,0.848691784234383,1.67936698333002,2.37064914404107,-2.85109511226498,1.8131568071206,reference
QR_motioncap_brushless_Light_top_NoWind_test1,top,1,3,3,attitude_absolute,168,5.39028188858574,4.31893270266941,3.23484873352008,18.6531796901873,10.4019591482281,29.0551388384154,1.77635683940025e-15,0.189175521023326,1.97666254535361,1.97982955931695,3.62286019035069,-3.76961355223664,5.92795837987264,4.04972053806995,2.30442154668642,4.65606978293188,9.07641493664239,-0.057569006908964,9.58681986902504,-1.48901171115853,1.11655400483811,1.85914709771415,3.10286542195017,-3.78638076362834,3.23787163621203,reference
QR_motioncap_brushless_Light_top_NoWind_test1,top,1,3,3,attitude_run_centered,168,5.87472542255182,4.91005101140101,3.23513462572581,24.10860093456,10.4037978558167,34.5123987903767,8.88178419700125e-15,0.315305079454839,1.97055399532155,1.98982078389826,3.51723271143904,-3.65877810195705,5.99707583355468,4.67022444007623,2.31013502406808,5.20729814172772,9.68978232404058,0.513179228435756,10.1713853802128,-1.48262851744618,1.11637322104498,1.85393044678118,3.10281997418423,-3.77744332185923,3.2336265099095,reference
QR_motioncap_brushless_Light_top_NoWind_test1,top,1,3,3,kalman,168,3.71146273664805,2.07139331613094,3.08886346467623,4.29067027011191,9.48428537541513,13.774955645527,1.77635683940025e-15,-0.251559185290582,1.96603240082953,1.97624841189645,4.10420513153076,-4.29515005284087,5.8380663394928,0.229067953558252,2.15364550424522,2.15941029396827,5.34706997275352,-6.62867236508089,5.7992896080017,-2.04326114803284,1.0186290513943,2.281741668618,3.52751950165644,-4.19891548199942,0.954812095022062,reference
QR_motioncap_brushless_Light_top_NoWind_test1,top,1,4,4,original_static,154,7.79264243180204,4.72545497655704,6.21661494248887,22.3299247354677,38.395351334454,60.7252760699217,1.4210854715202e-14,1.75703339120566,2.73271095468173,3.24135525385836,6.61769095221486,-5.06529287527469,10.1818952437904,4.38147215614193,5.41071595850905,6.94860004136959,11.9701974485258,-12.8660846616441,13.8141682175706,-0.213213842442272,1.37940023114173,1.39134814237306,2.79279804502252,-3.6229852942621,4.29270324179289,compared
QR_motioncap_brushless_Light_top_NoWind_test1,top,1,4,4,attitude_absolute,154,6.24265925055359,4.76096341333092,4.05099791780463,22.6667726230756,16.3040218954467,38.9707945185223,0,1.49186463033206,2.44425438515957,2.85678926463499,5.69812826562988,-4.35849424329429,9.5768432441066,4.51956690884768,2.63592653133519,5.22776014496894,8.50389331715107,-3.22449013317492,10.0615374471725,-0.120944219741444,1.86764449296135,1.86549550593478,3.56097238533377,-6.35246659264235,6.46357035879337,compared
QR_motioncap_brushless_Light_top_NoWind_test1,top,1,4,4,attitude_run_centered,154,6.71987246154314,5.37167114317448,4.05072622752494,28.8548508704134,16.3018350289925,45.1566858994059,7.105427357601e-15,1.61025764121243,2.46465330080919,2.93734585227469,5.84897167064159,-4.20391541729693,9.71751469988564,5.12339832803863,2.61739529259221,5.74938980267561,9.04905442884298,-2.55730269156268,10.643220422078,-0.112742057730774,1.86630891319872,1.86365290234538,3.55350186740754,-6.34752189539958,6.45542391372258,compared
QR_motioncap_brushless_Light_top_NoWind_test1,top,1,4,4,kalman,154,3.53182501410405,0.41028584308511,3.51935807464785,0.16833447303606,12.305453457215,12.4737879302511,1.77635683940025e-15,0.0494480206230561,1.59481662269001,1.59039910783627,3.07592223087923,-3.40841054916382,4.40834879875184,0.328866703157911,2.84977547215179,2.85948218279977,5.90463911890983,-7.32349579572808,6.66578452278832,0.240283286656746,1.31195310735662,1.32957897632873,2.34187643075155,-2.15858719565651,4.90164995193476,compared
QR_motioncap_brushless_Light_top_NoWind_test1,top,1,5,5,original_static,164,4.99143903484209,4.17290504315833,2.74724362793452,17.4131364992163,7.5013271393291,24.9144636385454,3.5527136788005e-15,-0.454274140507187,1.04160287728206,1.1334399330813,2.19062200608194,-2.78765632473251,2.21390482236546,4.14772800523894,2.47580211360249,4.82657933998308,7.48310833077384,-3.37300388497296,9.10138678385815,0.0558918512783213,0.576901110716571,0.577848969446635,1.10378239025827,-1.55769195182813,1.48088178915917,reference
QR_motioncap_brushless_Light_top_NoWind_test1,top,1,5,5,attitude_absolute,164,4.76279874854601,4.46816846943536,1.6542091348091,19.9645294712564,2.71972244789511,22.6842519191515,8.88178419700125e-15,-0.462412028314064,1.0294984886182,1.12571284859696,2.0713153474757,-2.74288060700955,2.11129763380522,4.44391093111113,0.967654536386014,4.54741576963113,6.16087027391708,1.64612216263652,6.8737281804562,0.0485821333195443,0.860340294203574,0.859088074510002,1.60202881936811,-2.40576825546928,1.79740226726568,reference
QR_motioncap_brushless_Light_top_NoWind_test1,top,1,5,5,attitude_run_centered,164,5.34996628685094,5.08964669325599,1.65357443757174,25.9045034621716,2.71763580827002,28.6221392704416,5.32907051820075e-15,-0.345562961532587,1.03458992476519,1.08777910808075,2.01225848895762,-2.66547814316903,2.23397356561104,5.07754655180587,0.96238295418215,5.16739900640893,6.78842680735731,2.30066617581667,7.51897408394172,0.0600892339168006,0.85892441906415,0.85840747377263,1.61492210632607,-2.39341835050215,1.81229248632273,reference
QR_motioncap_brushless_Light_top_NoWind_test1,top,1,5,5,kalman,164,1.47054777086849,0.351712737465211,1.43224192326303,0.123701849695272,2.038808896711,2.16251074640627,4.44089209850063e-16,-0.130532548009803,0.907960985079137,0.914551862396667,1.77063710271857,-2.00956342346003,2.06586122710348,0.311452380423403,0.951994297172237,0.998884152154627,2.2380548492345,-2.66250166893005,2.52546006116,-0.0982879358514391,0.566242557988917,0.57300618492944,1.0408052242303,-1.05651617050171,1.82712085621679,reference
QR_motioncap_brushless_Light_top_NoWind_test2,top,2,1,1,original_static,179,4.92690988907335,2.84423295766153,4.03431600988163,8.08966111744808,16.1847799376007,24.2744410550488,3.5527136788005e-15,-0.767767916351952,1.49152604884812,1.67382475657883,2.80454652233081,-3.46036175386604,2.8600230610938,2.41245588559111,3.57499248280417,4.30454583116875,7.15932417435818,-5.9437500819348,7.73350990192569,1.29624463128897,1.12715769131408,1.71570304151983,3.46859356323001,-0.484155486674975,5.3642071604564,reference
QR_motioncap_brushless_Light_top_NoWind_test2,top,2,1,1,attitude_absolute,179,3.84009338793006,3.26308495568068,2.03017723558805,10.6477234279896,4.09859380003456,14.7463172280242,1.77635683940025e-15,-0.850896952940177,1.18875288283969,1.45919993177446,2.47442694672902,-3.14129913484527,1.94545208494418,2.83740631490394,1.11650054360387,3.04802952120891,4.87995560344648,-0.76234497361285,5.51537103270148,1.36851131073513,1.20909583059926,1.82388838062327,3.46701958173134,-0.852192197683621,5.18650620507128,reference
QR_motioncap_brushless_Light_top_NoWind_test2,top,2,1,1,attitude_run_centered,179,3.94846117392364,3.38972523528688,2.030552335818,11.4902371707407,4.10010847124178,15.5903456419825,8.88178419700125e-16,-0.821732107149194,1.18707571397781,1.44101355553871,2.44401088719798,-3.11203968937626,1.96506155808163,3.01955900603646,1.11826900348433,3.2188935954383,5.06259545068909,-0.572607993014485,5.69937409460484,1.30278813468842,1.2097390105416,1.77554205694556,3.40013123331278,-0.914396353476343,5.118283115032,reference
QR_motioncap_brushless_Light_top_NoWind_test2,top,2,1,1,kalman,179,2.14448752555128,0.794769157214608,1.9973623103441,0.631658013259619,3.96716873398545,4.59882674724507,8.88178419700125e-16,0.25285696185269,0.969771751871742,0.999569878880098,1.95833277702332,-1.804518699646,2.69844292915652,0.20100880607884,0.994955364817026,1.01232916997884,2.06913437122651,-3.05130639621578,1.69687356948851,0.726165841926626,1.43494347278092,1.6046421582679,3.60691547393795,-1.73946384306642,6.10179424285882,reference
QR_motioncap_brushless_Light_top_NoWind_test2,top,2,2,2,original_static,171,6.05041880082255,2.53070182715273,5.51187638787383,6.40445173795419,30.2031159273928,36.607567665347,3.5527136788005e-15,0.518386007098609,2.4605391037616,2.5075030901389,6.18149604888512,-6.74829731064802,9.02387992933028,2.47676841653351,4.85665255973079,5.4390734292995,9.70774414973622,-11.0229167495527,10.9187605779332,0.036686461544047,0.859915430796201,0.858181885720614,1.69562879011451,-1.97307515173324,2.23673634369685,compared
QR_motioncap_brushless_Light_top_NoWind_test2,top,2,2,2,attitude_absolute,171,4.5945167970935,3.15976753280636,3.34527989604924,9.98413086137716,11.1254537373971,21.1095845987743,1.77635683940025e-15,0.372554397729954,2.05788754814716,2.08540941693055,4.96247447575239,-6.59978045249241,6.35077142338116,3.13507466338035,2.23316870176366,3.84533114368157,6.76375832240996,-2.0486637195986,8.29310246775112,0.128999756355555,1.40319420307929,1.40501977138554,2.55635608141307,-3.3711725855194,3.05001997816259,compared
QR_motioncap_brushless_Light_top_NoWind_test2,top,2,2,2,attitude_run_centered,171,4.71747299713748,3.33532089199352,3.34599128938788,11.1243654525685,11.1301860261528,22.2545514787213,0,0.402601303377188,2.05882769234142,2.09190610186032,4.96403310424656,-6.57952226243004,6.39582092601292,3.3102936164449,2.23260785901194,3.9891643655073,6.9251683451378,-1.8838782660215,8.48138375619507,0.0650677801342617,1.40440321481611,1.40180169948804,2.55479521227078,-3.44073986558833,2.99200857803363,compared
QR_motioncap_brushless_Light_top_NoWind_test2,top,2,2,2,kalman,171,3.15203084860359,0.137178041529552,3.15829271832435,0.0188178150778835,9.91648065547075,9.93529847054864,0,0.0433490806893078,1.85889147615727,1.8539550134911,3.44497203826905,-5.13628244400024,3.52882742881776,-0.0861434780169982,2.41655416243848,2.411017259884,4.80103847818671,-6.65847215652464,7.34869565963745,0.0975601018675686,0.824379375343483,0.827734891762616,1.56068682670594,-1.57863616943361,1.79331543204966,compared
QR_motioncap_brushless_Light_top_NoWind_test2,top,2,3,3,original_static,172,4.88271547281424,3.46649121423892,3.44869501262765,12.0165613383956,11.824349050064,23.8409103884596,1.06581410364015e-14,0.590174284164266,1.74770570968555,1.83984302491679,3.81740961264715,-3.02563990709822,6.0958419073602,3.07716883862276,2.92511139875821,4.23975222882151,7.99282386345875,-5.18984665886238,10.1035258060778,-1.48299952505583,0.531738043880778,1.57492509991036,2.48541553019398,-3.03222121642324,-0.449012380330194,reference
QR_motioncap_brushless_Light_top_NoWind_test2,top,2,3,3,attitude_absolute,172,4.19759846789984,3.60955201580724,2.14891016656504,13.0288657548181,4.59096714289699,17.6198328977151,0,0.530371985073057,1.40451119960106,1.49749031618425,3.00311749275197,-2.78932799516243,4.3589988507146,3.28072109186968,1.39482061787792,3.5633333059674,5.44228831298582,-0.312878568486963,6.92354395461433,-1.40870168226958,0.836444043618224,1.63707403657652,2.76290290238998,-3.67126303930232,0.478594916565811,reference
QR_motioncap_brushless_Light_top_NoWind_test2,top,2,3,3,attitude_run_centered,172,4.36107476304315,3.79816922167791,2.14935865343077,14.4260894365014,4.59288365235053,19.0189730888519,7.105427357601e-15,0.564107680475465,1.40636627607423,1.51148415675595,3.03978566301327,-2.76155829650374,4.39427228697302,3.45497481390062,1.39307744353645,3.72373908775911,5.60879734662052,-0.141212698954074,7.0952840927079,-1.47343849435338,0.837383875476941,1.69356308976743,2.82889144406486,-3.73510456399031,0.41522217142349,reference
QR_motioncap_brushless_Light_top_NoWind_test2,top,2,3,3,kalman,172,2.93056023240547,2.04657175593881,2.10367695312348,4.18845595220647,4.39972732354996,8.58818327575643,8.88178419700125e-16,0.133623238489965,1.12752599573868,1.13215664790769,2.19745844602585,-2.40626927788417,2.27264523506164,0.252176979616926,1.68969684009638,1.70354611467743,3.31496365142583,-3.90189919471741,3.63393034934997,-2.0265753263309,0.546869674241204,2.09865081314693,3.1495182392348,-3.65853741380828,-0.910343647003176,reference
QR_motioncap_brushless_Light_top_NoWind_test2,top,2,4,4,original_static,130,7.16047246067686,4.35287540475542,5.7074882161948,18.9475242893246,32.3248415707871,51.2723658601117,0,2.31161653413999,2.43428072233131,3.35018076440879,7.05293163260245,-1.64948553988221,9.08618424483958,3.68608231683189,5.04377346421346,6.23146563687444,11.8704778257632,-13.5631949107707,14.3434271703262,-0.129423498463247,1.10002197459177,1.10339962042323,2.09645124080827,-2.9277212899232,3.21360134388069,compared
QR_motioncap_brushless_Light_top_NoWind_test2,top,2,4,4,attitude_absolute,130,4.81246532081296,3.22124645983324,3.58921854786011,10.3764287549882,12.7833937090392,23.1598224640274,3.5527136788005e-15,1.88521229590014,2.12610108333583,2.83541172212617,6.25685953224893,-1.55493939808778,10.0833096736212,2.6119720127618,2.42338856392188,3.55668869164308,6.36586098030623,-2.75347962391116,8.88854087645153,-0.00235773708279411,1.57777432986912,1.57169602048077,3.00989237721073,-5.20943091694064,4.00756230256487,compared
QR_motioncap_brushless_Light_top_NoWind_test2,top,2,4,4,attitude_run_centered,130,4.91754966878299,3.37493797383126,3.59043895559386,11.3902063272082,12.7920884177394,24.1822947449477,3.5527136788005e-15,1.90948178777711,2.12677537949235,2.85210458613383,6.28089887999685,-1.5278129144622,10.121516074572,2.78208767975914,2.42332520315721,3.68338754171078,6.51988680122454,-2.58840643496723,9.06093331118921,-0.0638261035015936,1.57973837668589,1.57494456799971,3.00666268895847,-5.27518424034596,3.96246578301329,compared
QR_motioncap_brushless_Light_top_NoWind_test2,top,2,4,4,kalman,130,2.89064811033676,0.36104236839854,2.879107228364,0.130351591778827,8.22549490601463,8.35584649779346,1.77635683940025e-15,0.181350886060458,1.34239722069365,1.3494653276305,2.54266650162562,-2.6622174239381,3.17457914352416,0.312110327905083,2.39553745434129,2.4066303158896,5.05438437700272,-6.05646844804288,7.76791777610778,0.00711274341554986,0.865233170388101,0.861928274253528,1.61208422171413,-1.88860888683862,2.32822418212888,compared
QR_motioncap_brushless_Light_top_NoWind_test2,top,2,5,5,original_static,172,4.37179373483796,3.54769372686711,2.56215066940172,12.5861307796522,6.52644968031618,19.1125804599684,8.88178419700125e-16,0.777116001034552,1.35848640375826,1.56162256083499,2.90968773303692,-4.13068077050411,5.15425741443754,3.4448136736972,2.12589210573463,4.04473519653113,6.61605885860434,-3.56378711223246,9.2629584791524,0.339823857457171,0.446893162058694,0.560386141336314,1.01369646189689,-0.871844006975175,1.41444159544326,reference
QR_motioncap_brushless_Light_top_NoWind_test2,top,2,5,5,attitude_absolute,172,4.01957263309948,3.43140312290391,2.09953924612972,11.7745273918747,4.38243676088755,16.1569641527623,4.44089209850063e-15,0.73024661924487,1.37301212414487,1.55159987499276,2.93113693466804,-3.89122702574241,5.41823947972032,3.32751842242797,1.38369667742847,3.60220263942402,5.32663419771011,0.601068623494161,8.72588796439246,0.410960357405236,0.779927084966001,0.879567010074485,1.6803534654998,-1.80564482521981,2.2110036890052,reference
QR_motioncap_brushless_Light_top_NoWind_test2,top,2,5,5,attitude_run_centered,172,4.16474601759482,3.60013550063938,2.09994570817395,12.9609756229639,4.38413376810799,17.3451093910719,0,0.758494514073426,1.37260958719755,1.56474189134187,2.97011075634747,-3.85722428764889,5.44221603943132,3.50217787612261,1.38385947203019,3.76419749795921,5.50228288575322,0.77157397622426,8.89325934503649,0.347004062053764,0.781439607445076,0.852941616354499,1.68937031831902,-1.87444991077053,2.14444071968627,reference
QR_motioncap_brushless_Light_top_NoWind_test2,top,2,5,5,kalman,172,1.90480470289333,0.406513601844858,1.86635454063538,0.16525330848488,3.46302764767968,3.62828095616456,4.44089209850063e-16,0.318388822813907,1.25153297715907,1.28786631207444,2.37094356796958,-4.20557737350464,2.46906340122223,0.239773839614788,1.29918093946565,1.31740252143617,2.04802815519644,-2.16205213069915,7.02430415246136,-0.0799398012784397,0.478616093505887,0.483871795935611,1.02696429515549,-1.16173247692162,1.90638542175292,reference
QR_motioncap_brushless_Light_top_NoWind_test3,top,3,1,1,original_static,178,4.34876128779125,2.94513694502087,3.20869666956768,8.67383162492687,10.237893113265,18.9117247381918,0,-1.83126135522289,1.50651757073302,2.36862044390392,4.20876846487096,-4.89865657665165,3.36396856738316,1.79496160563652,2.68551565676461,3.2238741734576,5.62994254078669,-4.66848967367928,7.35893874510196,1.44859459756167,0.902299719405664,1.70528509189088,3.32525804693574,-0.832297563321793,4.00324788287025,reference
QR_motioncap_brushless_Light_top_NoWind_test3,top,3,1,1,attitude_absolute,178,3.51763501615924,2.87452922374293,2.03323951401436,8.26291825815213,4.11083784875752,12.3737561069096,1.77635683940025e-15,-1.93192477710043,1.38587213767578,2.37532835732525,4.1107879120564,-4.89487781483799,2.15623715325937,1.59112534981394,0.941923991958606,1.84767862435373,2.88961499420336,-0.840965748118383,3.95584340989246,1.41382638076853,1.15160780334978,1.82144310998244,3.43439173700697,-2.22413440222908,4.29396924885141,reference
QR_motioncap_brushless_Light_top_NoWind_test3,top,3,1,1,attitude_run_centered,178,3.59956019195347,2.97475079601228,2.03246121056993,8.8491422983757,4.10769127712043,12.9568335754961,1.77635683940025e-15,-1.90793074602535,1.38670428724409,2.35634153484905,4.08495049933251,-4.88167016581387,2.17578470774871,1.77631338489031,0.940632078433055,2.00875763228042,3.07031439279607,-0.646898316715716,4.13978477654084,1.43305733500318,1.15028739245154,1.83558735052203,3.45494121639199,-2.20191528147442,4.31651124002221,reference
QR_motioncap_brushless_Light_top_NoWind_test3,top,3,1,1,kalman,178,2.10171612524975,0.789725087146759,1.95319671698857,0.623665713268955,3.79354495786586,4.41721067113482,0,-0.34468370908784,1.26262345567535,1.30539977374167,2.67971230249753,-2.97436237335205,3.36447424447688,0.375556902010188,1.05104080280539,1.11333896472034,1.87264177521413,-2.6448945051774,2.59743061065674,0.603171507376562,1.05644339899096,1.21392687237965,3.175643324852,-1.06631755828861,3.7126870574776,reference
QR_motioncap_brushless_Light_top_NoWind_test3,top,3,2,2,original_static,166,5.8725712182013,0.787299090601979,5.83716617312642,0.619839858062703,33.8672528547835,34.4870927128462,7.105427357601e-15,0.00980166227596659,2.84027487132056,2.83172386714179,5.71170690156411,-5.0490464016327,10.716478397307,0.767754475584774,4.99509789395105,5.03886323074228,10.754736004371,-13.1256193025093,13.2980219644882,0.174059905489115,1.02681284462266,1.0384074320705,1.89166733042581,-3.44074286058658,2.72453803685568,compared
QR_motioncap_brushless_Light_top_NoWind_test3,top,3,2,2,attitude_absolute,166,4.16295458603291,1.65393885793084,3.8318572165888,2.73551374577357,14.5946771395988,17.3301908853724,1.77635683940025e-15,-0.137318610405558,2.26316412747128,2.26051175132231,4.63576487722265,-4.9468208439347,7.56415035881256,1.64020495285061,2.52897999097784,3.00790351061024,6.70102139833519,-2.63536219554956,8.75630396593792,0.162434779693825,1.77917904261616,1.78123383595887,3.35612044819984,-4.87573261340777,4.05447143416962,compared
QR_motioncap_brushless_Light_top_NoWind_test3,top,3,2,2,attitude_run_centered,166,4.2336990612081,1.82767017422193,3.83043291553811,3.34037826574044,14.5838294751339,17.9242077408744,1.77635683940025e-15,-0.116448080781659,2.26413574699113,2.26030737880436,4.64089467946659,-4.93959233635002,7.58458991850804,1.81468875793171,2.52814318718627,3.10581715543433,6.87479592319575,-2.45894083431704,8.91704407543681,0.183637746825071,1.77606240451126,1.78020169958539,3.37042219445642,-4.84610840350372,4.06907030247647,compared
QR_motioncap_brushless_Light_top_NoWind_test3,top,3,2,2,kalman,166,3.3164226255917,0.338808765859985,3.30905280797478,0.114791379823566,10.883867651713,10.9986590315365,0,-0.129067176568224,2.18379819487375,2.18103281259498,4.10002203362927,-5.73304653167724,6.48675996597374,0.3121057332669,2.37652749045877,2.38982625113265,4.50924599893884,-4.01382360458373,6.47850230823865,0.0268896823745309,0.730050010016893,0.728344280761379,1.43856416383593,-2.36331939697272,1.63874149322507,compared
QR_motioncap_brushless_Light_top_NoWind_test3,top,3,3,3,original_static,168,3.67877194291732,1.35861692214047,3.42892231392522,1.84583994112645,11.6875230668692,13.5333630079956,1.77635683940025e-15,-0.336772583048874,1.53075840686062,1.56291053071937,3.23534432092706,-5.11380818232514,2.69318744536192,0.601020798254177,3.00963600752036,3.06026449401122,6.1087010072338,-10.0112330107843,5.41636523604717,-1.17098171142804,0.596974067273199,1.3135657226254,2.18176945446601,-2.90244989883841,0.324297081057923,reference
QR_motioncap_brushless_Light_top_NoWind_test3,top,3,3,3,attitude_absolute,168,2.86334280159584,1.87660871568908,2.16911920953676,3.52166027180022,4.67707172765052,8.19873199945074,8.88178419700125e-16,-0.327212818065115,1.41985860620435,1.45295103120365,2.97244202250721,-4.86433985689263,2.29464273798379,1.43548288044033,1.38207918762942,1.98982011317989,3.22325377018375,-1.86678678511393,3.58050329969873,-1.16360686808597,0.882573964430397,1.45886298793265,2.58665045772732,-3.6206472733042,1.09572412586147,reference
QR_motioncap_brushless_Light_top_NoWind_test3,top,3,3,3,attitude_run_centered,168,2.94369510512017,1.99764639475724,2.16858070334387,3.99059111848662,4.67474975342183,8.66534087190845,1.77635683940025e-15,-0.305229283413582,1.42121917768531,1.44948469007618,2.94924336809478,-4.84371689992985,2.32396995286794,1.61000992170757,1.38085183121864,2.11838004494043,3.39456242342051,-1.69208506509285,3.75619369019408,-1.14249475055102,0.88098044025675,1.44111102637562,2.5756776981138,-3.59919473419632,1.10792718823647,reference
QR_motioncap_brushless_Light_top_NoWind_test3,top,3,3,3,kalman,168,2.96319665429629,2.12043744155317,2.07603801423938,4.49625494354055,4.28427946849219,8.78053441203274,8.88178419700125e-16,-0.0160470608199656,1.34316954790471,1.33926219453397,2.4469978156746,-3.463060911697,2.43526542273604,0.596615265184491,1.44509631425456,1.55943026615346,2.51121946255366,-2.91786108016968,2.94366061927297,-2.03471070688893,0.64616255282734,2.13426531418409,3.14026927731935,-3.33705615997317,-0.182029724121113,reference
QR_motioncap_brushless_Light_top_NoWind_test3,top,3,4,4,original_static,122,5.83941412642632,2.46477771309007,5.31556472989748,6.07512917494552,28.0236281649618,34.0987573399073,0,1.19227511994475,2.24321231339892,2.53224713067838,5.54123972492891,-6.64205361719907,7.58900010971282,2.15573343462318,4.71765206903873,5.16923587006579,10.7618489200156,-10.1895482287071,12.5087913070148,0.080140951791148,0.983354397071598,0.982589603396833,1.92468180809171,-2.6979185215096,2.38522901938025,compared
QR_motioncap_brushless_Light_top_NoWind_test3,top,3,4,4,attitude_absolute,122,3.7728081366549,1.09711124671351,3.62465414035235,1.20365308766526,13.0304281483442,14.2340812360094,1.77635683940025e-15,0.842833123980731,2.01070538997719,2.17259407601501,5.3225551420372,-6.60885543595001,6.57686209636912,0.676660729693067,2.6357976483068,2.7107845441115,5.11355799839811,-5.62806264137698,5.71012289445685,0.188190514312999,1.46552114589674,1.4715853261976,2.82926214263195,-3.88749404094835,3.1560355924118,compared
QR_motioncap_brushless_Light_top_NoWind_test3,top,3,4,4,attitude_run_centered,122,3.81178334346092,1.22485743745689,3.62451343543089,1.50027574209345,13.0294165153927,14.5296922574861,1.77635683940025e-15,0.858098101251294,2.01193921778952,2.17969086432918,5.33780197333305,-6.59268100465402,6.58112449612124,0.849226083756002,2.63479524223351,2.75797535776166,5.0430119569876,-5.4435367643586,5.88368891253584,0.2067811630464,1.46528231376866,1.47384256941693,2.83508079862977,-3.87864304576349,3.17729559960536,compared
QR_motioncap_brushless_Light_top_NoWind_test3,top,3,4,4,kalman,122,3.12468477719264,0.402934007759512,3.11137408903172,0.162355814609142,9.60129914221028,9.76365495681943,0,-0.206091930721775,1.47983185083269,1.48809481275214,3.30008945681832,-5.85959196090698,2.6173174381256,0.345478068865693,2.63691078683342,2.64870899568154,4.93227344155311,-4.85314208865166,6.16964247226714,-0.0229528785415795,0.733108394059594,0.730458377510511,1.45737600812321,-1.64043860001999,1.97639976786781,compared
QR_motioncap_brushless_Light_top_NoWind_test3,top,3,5,5,original_static,166,2.81611813216405,0.918828652951549,2.67006036701233,0.844246093484758,7.08627524081837,7.93052133430313,1.77635683940025e-15,0.0915574562516172,1.25922414097668,1.25875975629452,2.44574089472135,-2.45015107878673,3.29291268623108,0.694518988092747,2.31353539277674,2.40885013808819,4.89443551937766,-5.20981061659931,5.5791388893988,0.594564294982568,0.43718521548755,0.737215180574171,1.35974409708729,-0.418368543433489,1.54647950374902,reference
QR_motioncap_brushless_Light_top_NoWind_test3,top,3,5,5,attitude_absolute,166,2.01987127982072,0.91040511851842,1.80852033307414,0.828837479824538,3.25104250722006,4.0798799870446,0,0.0417359364199483,1.30109555671216,1.29784191897203,2.7870083452472,-2.88474719887135,3.44264395674349,0.678996883941856,1.06351183023801,1.25907925985027,2.50499786770598,-1.59641676167642,2.85649516425229,0.605027952274056,0.668459972167594,0.900114302640769,1.76683265583388,-1.08720022555331,2.33322549001924,reference
QR_motioncap_brushless_Light_top_NoWind_test3,top,3,5,5,attitude_run_centered,166,2.09225079364267,1.06159158751732,1.80837963579084,1.12697669868755,3.25053668481082,4.37751338349837,8.88178419700125e-16,0.05660152297888,1.30037693620475,1.29768920818863,2.79483787257553,-2.86372335454754,3.45763139386888,0.854080215412373,1.06421268787584,1.36204958690782,2.68773395328584,-1.42519079949729,3.03103263329522,0.627949004239341,0.668362241523128,0.915607462427745,1.78930386811799,-1.06310180510589,2.35720541133917,reference
QR_motioncap_brushless_Light_top_NoWind_test3,top,3,5,5,kalman,166,1.52619493955279,0.383890834561506,1.48159456325687,0.147372172860329,2.18189882065623,2.32927099351655,0,-0.0190209079213872,1.02020233890509,1.01730263468887,1.81754721949234,-2.77854336632622,2.17680807697213,0.376447919669542,1.02048895120003,1.08482130124148,2.39251675009727,-2.41795573234558,3.09419836997986,-0.0727828393142901,0.33602371648973,0.342825155646968,0.637280954788355,-0.736687183380136,0.649695396423322,reference
QR_motioncap_brushless_Light_top_NoWind_test4,top,4,1,1,original_static,174,4.34698471590897,2.63266924673326,3.46907660735467,6.93094736269507,11.9653287576512,18.8962761203462,0,-2.33201076737605,1.27309481973735,2.65513273993428,4.32101111831947,-5.48377856670157,1.30322621241616,0.572825721331504,3.04427554334883,3.08909060142581,5.4097717883411,-6.7060518492611,6.06617655889723,1.07914032290444,1.07056457246703,1.51791485593167,3.16401170552288,-1.10115768563968,4.54174222050918,reference
QR_motioncap_brushless_Light_top_NoWind_test4,top,4,1,1,attitude_absolute,174,3.39689615003716,2.77524920219373,1.96445257146216,7.70200813427694,3.83689531986037,11.5389034541373,4.44089209850063e-16,-2.38906016388491,1.18424039459748,2.66495288199826,4.3512822947674,-5.20388369531229,0.39770115457699,0.952895374862577,1.05179188261485,1.41701020047486,2.67618901945276,-1.50594160294344,3.83235734343761,1.04230037521852,1.16205956344476,1.55852869162446,3.14629028015871,-1.77747506854953,4.59175366090436,reference
QR_motioncap_brushless_Light_top_NoWind_test4,top,4,1,1,attitude_run_centered,174,3.47943579902644,2.87559511193348,1.96458847759269,8.2690472477757,3.83742623177106,12.1064734795468,1.77635683940025e-15,-2.35258150514964,1.1831015179061,2.6317911238061,4.30945828268711,-5.16141550500733,0.419104799940562,1.2735299288598,1.05319493136758,1.65067356496755,2.98262454736421,-1.19119633397251,4.14241543477996,1.05476491679517,1.1621786098358,1.56697981547929,3.15864888975822,-1.76637393789094,4.60563114542261,reference
QR_motioncap_brushless_Light_top_NoWind_test4,top,4,1,1,kalman,174,1.97052221603242,0.664158144163242,1.8605770234842,0.441106040458361,3.44185176341894,3.8829578038773,4.44089209850063e-16,-0.195912864720329,0.972312844053533,0.989111130452615,1.9929547463307,-2.81049966812134,2.26893126964569,0.0830864393432275,0.946876554667877,0.947800524948028,1.77364888191223,-2.22524795532228,1.87011089324951,0.629142935661444,1.27270553696687,1.41643607000115,3.43424546985221,-1.19741678237917,4.9083065986633,reference
QR_motioncap_brushless_Light_top_NoWind_test4,top,4,2,2,original_static,171,5.47711736141072,0.441018077169299,5.47536639521438,0.194496944390106,29.8043176462766,29.9988145906667,0,-0.254282298511735,2.40110150215555,2.40753666098974,4.80518305820698,-5.09511637648403,5.40920399710432,0.357575119845899,4.82026772808354,4.81943605155605,7.88511428353288,-9.98720017822119,10.2646616271881,-0.0444689860564175,0.98963011665247,0.987733750369416,2.08527696146144,-3.69993931454822,2.31686190372686,compared
QR_motioncap_brushless_Light_top_NoWind_test4,top,4,2,2,attitude_absolute,171,4.03969223879818,0.761019179451004,3.97901384912074,0.579150191492279,15.739963192714,16.3191133842062,3.5527136788005e-15,-0.406418075446639,2.04048687823495,2.0747081462373,3.98541766336781,-4.99063486143954,4.4803416856435,0.642674981011235,2.88814151542671,2.95052752114673,5.75853343482936,-5.4293764960083,10.6728952710565,0.0307149511596069,1.82417189379573,1.81908956324272,3.33330172763315,-5.88543893757119,4.17265886001026,compared
QR_motioncap_brushless_Light_top_NoWind_test4,top,4,2,2,attitude_run_centered,171,4.09672845213757,1.02101499795374,3.97910854467408,1.04247162604648,15.740712384507,16.7831840105535,1.77635683940025e-15,-0.376513998324034,2.04258262572233,2.07111276182208,3.9840545455707,-4.99597594246624,4.51365892719938,0.948118526012352,2.8865008386606,3.03019658521365,6.06466030826793,-5.12531597996948,10.9658908323433,0.042191180887704,1.82462980788082,1.8197759733909,3.33021906923803,-5.89708723992013,4.18225373325702,compared
QR_motioncap_brushless_Light_top_NoWind_test4,top,4,2,2,kalman,171,3.6819947395543,0.367009525690245,3.67441757305278,0.134695991947379,13.4223892701582,13.5570852621056,1.77635683940025e-15,0.223266599439166,2.26716369077431,2.27152383064712,4.66582826592705,-5.52071400606354,5.74153065681458,0.273185183624809,2.81256466179611,2.81760355099772,5.58475735403164,-4.63798092736138,10.6481608390808,0.101083495043102,0.671411441375143,0.677033956543432,1.39187494913739,-1.6916379061612,1.93334102630609,compared
QR_motioncap_brushless_Light_top_NoWind_test4,top,4,3,3,original_static,167,3.88323233871218,1.57403249435688,3.56059408727706,2.47757829329136,12.6019151031287,15.0794933964201,1.77635683940025e-15,-0.654298836456235,1.48078796742942,1.61484049804318,3.30600908076228,-5.13456378118395,2.52159955295692,0.681784868385294,3.16415220556418,3.22749725548467,6.46304152943636,-5.6179226235152,9.19190191177611,-1.2588251344584,0.687923011602303,1.43354282396399,2.44217774137549,-3.09730187878317,0.744037175179768,reference
QR_motioncap_brushless_Light_top_NoWind_test4,top,4,3,3,attitude_absolute,167,2.65681209717378,1.45893464760698,2.22707430815057,2.12849030598812,4.93016021370083,7.05865051968895,8.88178419700125e-16,-0.805455476535156,1.21669436945769,1.45610417584162,2.96107137754711,-4.9544037040296,1.53763139188701,0.140998582807511,1.50780330965044,1.50988006915067,2.62473247718261,-5.07658297973468,3.12607023065524,-1.20824301403067,1.09820032997694,1.63054387416196,3.21046847650244,-4.06232382670786,1.91428486141461,reference
QR_motioncap_brushless_Light_top_NoWind_test4,top,4,3,3,attitude_run_centered,167,2.67671489895376,1.49524384204902,2.22682320051843,2.23575414718552,4.9290485030955,7.16480265028101,0,-0.775659607001546,1.21679292522106,1.43991911933336,2.91469814364427,-4.92309864938315,1.5865648658939,0.449640338845757,1.50774701531359,1.56903311478556,2.87988081948201,-4.75776463395509,3.44887403272943,-1.19663272850712,1.09765909157264,1.62159509889663,3.20079662933002,-4.04867842063479,1.92454025029942,reference
QR_motioncap_brushless_Light_top_NoWind_test4,top,4,3,3,kalman,167,2.92221997408415,2.11118139297536,2.02654256490364,4.4570868740454,4.08228270289096,8.53936957693636,8.88178419700125e-16,0.161448535650035,1.24021366265378,1.24699045699643,2.39880609512329,-3.84373307228089,2.57692635059358,0.134367908661369,1.50562049546855,1.50710769396709,3.03578486442566,-3.72370822872189,3.29666819572448,-2.10070619304648,0.549410376638589,2.17094697675494,3.06362915039062,-3.21117114228353,-0.692257404327412,reference
QR_motioncap_brushless_Light_top_NoWind_test4,top,4,4,4,original_static,158,5.44448859305178,1.3276531560731,5.29692093930767,1.76266290283086,27.8797931370401,29.642456039871,0,0.530354824472427,2.12252308273821,2.1812535750443,4.67587923110789,-3.32794294276044,8.41067449067639,1.16648273398996,4.75679154360664,4.88308698272687,9.595373725141,-9.68149265139432,11.7811289980837,-0.347425811207213,0.961873906077043,1.01982861322419,2.02642708789929,-2.79642455936604,2.19585870616719,compared
QR_motioncap_brushless_Light_top_NoWind_test4,top,4,4,4,attitude_absolute,158,4.09802246325906,1.32169718711905,3.89136798722188,1.74688345443841,15.0469046549374,16.7937881093758,1.77635683940025e-15,0.372591464516568,2.02930002302933,2.05689555422165,4.26716653907956,-3.39690419638177,6.32759277864096,1.23085797044176,2.96204010089862,3.19893158298347,6.36120465516404,-8.17649162363421,7.47069924137992,-0.30503722987169,1.50033485235026,1.5263700454968,3.05796964061517,-4.04407411389718,3.50291194841672,compared
QR_motioncap_brushless_Light_top_NoWind_test4,top,4,4,4,attitude_run_centered,158,4.20104067892758,1.61018276456184,3.89255092265088,2.592688535292,15.0560542507123,17.6487427860043,1.77635683940025e-15,0.403444508684616,2.03762893875644,2.07085033620529,4.32226746838472,-3.36858510919265,6.33643845833166,1.53106073742563,2.95642622776162,3.32103653696502,6.59532314275704,-7.85541376093159,7.74865704647111,-0.292872125710021,1.50318493645182,1.5267737197064,3.07473723623459,-4.01564705696718,3.51986452143036,compared
QR_motioncap_brushless_Light_top_NoWind_test4,top,4,4,4,kalman,158,3.19439713708543,0.367331913487099,3.1832963455371,0.134932734666093,10.0692403347535,10.2041730694196,0,-0.210696299028201,1.36490105805185,1.37679227732752,2.50576192724317,-3.15915942192078,2.91233011851256,0.300602979922851,2.75822768339644,2.76586900372991,5.36006547659635,-8.92886292040349,6.11631833845792,-0.0133286422194438,0.814002931066183,0.811532346069437,1.55194767773695,-2.58156299591068,1.54823749787325,compared
QR_motioncap_brushless_Light_top_NoWind_test4,top,4,5,5,original_static,167,2.57965348855031,1.62002563264329,2.01355579921088,2.62448305042129,4.03012907056849,6.65461212098978,8.88178419700125e-16,-1.02071278703532,0.923882081232373,1.37488238307581,2.37044640150406,-3.53451337160743,1.30457539637157,1.24013394569824,1.74378580021529,2.13553571813658,4.15295577218608,-2.80723519007795,5.85267080786509,0.211414884837364,0.400074917335518,0.451439641879659,0.812867845064651,-0.810105369502079,1.22417512820316,reference
QR_motioncap_brushless_Light_top_NoWind_test4,top,4,5,5,attitude_absolute,167,1.94762569003903,1.32692983394733,1.42994651596596,1.76074278421948,2.03250304428054,3.79324582850002,8.88178419700125e-16,-1.08877680858639,0.913779356606945,1.4196575978432,2.38908694395185,-3.46438299200049,1.28957917497224,0.741432774871451,0.862973587022847,1.13577574807905,1.9819733716123,-1.89616753265769,3.40987596471415,0.159954011047983,0.68193175176341,0.698449413674016,1.29540916093401,-1.54915206144781,2.14669976953519,reference
QR_motioncap_brushless_Light_top_NoWind_test4,top,4,5,5,attitude_run_centered,167,2.07339109568956,1.50542863485772,1.42999302507539,2.26631537464959,2.03263526103515,4.29895063568474,1.33226762955019e-15,-1.06190219590004,0.915997013324573,1.40059364107356,2.37430814047283,-3.44238937102044,1.31903236518544,1.05308623595132,0.860690742060036,1.35843414055168,2.28416981632825,-1.58392965398996,3.71966799793395,0.17230345510792,0.681939124758861,0.701387748718696,1.30867674321002,-1.54155734481924,2.15635377743526,reference
QR_motioncap_brushless_Light_top_NoWind_test4,top,4,5,5,kalman,167,1.31369859104996,0.306623200380417,1.28125572719549,0.0940177870115294,1.63178620111512,1.72580398812665,2.22044604925031e-16,-0.218142880130369,0.875766259198,0.899977912442725,1.65477669852199,-1.99449300765991,2.88218749418701,0.214815681060779,0.886306575464347,0.909385118705772,1.70164807778489,-2.01027897748571,2.78145147001668,-0.0169024859222173,0.298513570897934,0.298098056213672,0.576128311845969,-0.761649608612069,0.658555331774124,reference
QR_motioncap_brushless_Light_top_NoWind_test5,top,5,1,1,original_static,178,4.8565042211743,2.68541781809117,4.05791495671239,7.21146885772152,16.3741643925623,23.5856332502838,3.5527136788005e-15,-1.7549380833155,1.47304398695728,2.28855326505596,3.97263321488526,-5.03275141419628,3.3023433550939,1.73763771231592,3.63203836777675,4.01708561458565,7.10248324195264,-8.36126852814765,8.49858953330611,1.05464513566789,1.05124331312817,1.48700382258236,2.95498029037201,-2.26791231509544,3.89359995501319,reference
QR_motioncap_brushless_Light_top_NoWind_test5,top,5,1,1,attitude_absolute,178,3.58806523998753,2.83727267356197,2.20257819874803,8.05011622414148,4.8240959422653,12.8742121664068,8.88178419700125e-16,-1.8763601017047,1.20684422875094,2.22912937964506,3.80161114372945,-4.97209477736256,1.88237026099398,1.87644201956335,1.37173679742648,2.32209503687,3.6226651965752,-3.83980242828215,4.46877465339015,1.00416848192385,1.23012840293883,1.58526622841519,3.24665690533406,-2.9702068885225,4.21781913881221,reference
QR_motioncap_brushless_Light_top_NoWind_test5,top,5,1,1,attitude_run_centered,178,3.60633743485361,2.86058083932558,2.20227021812759,8.18292273831665,4.8227469557099,13.0056696940265,8.88178419700125e-16,-1.87498060762897,1.20758326578924,2.22836647924241,3.80173467678844,-4.97153085342577,1.88491543217317,1.88663899052461,1.3715507306053,2.33023385540213,3.63257494151367,-3.82809066667495,4.47914637403009,1.05259858386957,1.22905873057947,1.61556884946233,3.29536753682472,-2.91408750784972,4.266514046871,reference
QR_motioncap_brushless_Light_top_NoWind_test5,top,5,1,1,kalman,178,2.33502086701054,0.696044538627999,2.23515354448307,0.484477999753865,4.96784444962078,5.45232244937465,0,-0.362478474902428,1.17114913135649,1.22281452773084,2.48342331311697,-4.12336766719819,2.85442590713501,0.146921102021755,1.45855377770182,1.4618527164403,3.03977832794187,-5.041321849823,3.27434276068075,0.575761708319499,1.22349579365437,1.34908625209108,3.08196306228636,-2.60841846466064,4.43810701370237,reference
QR_motioncap_brushless_Light_top_NoWind_test5,top,5,2,2,original_static,164,5.33304742437531,1.67959161540596,5.07715934364214,2.82102799454201,25.6203668360941,28.4413948306361,3.5527136788005e-15,-0.471953520912938,2.36135934719558,2.40099104182787,4.30422300203545,-7.20587235096388,5.41684663796688,1.59051437427957,4.41036095897974,4.67572607990763,8.97762721247386,-9.00912768119708,10.677907076867,-0.261824165901421,0.866166984854602,0.902342769334393,1.71925247674358,-2.51574757592992,2.77431448202137,compared
QR_motioncap_brushless_Light_top_NoWind_test5,top,5,2,2,attitude_absolute,164,4.01210679606784,2.01828977741133,3.47811316176228,4.07349362560308,12.0235073174507,16.0970009430537,0,-0.602656536583021,2.04112579105193,2.12225959086411,3.83040880231095,-7.0670760041693,3.85329386348864,1.90790777439805,2.37821607221402,3.04327726232211,6.09911110197976,-3.5559999822349,8.28728762737832,-0.264927629567605,1.50836500389976,1.52691803207385,2.87998167911484,-4.74422567915243,3.6501554402538,compared
QR_motioncap_brushless_Light_top_NoWind_test5,top,5,2,2,attitude_run_centered,164,4.01307584662119,2.0213390889733,3.47745625796888,4.08581171261139,12.018966038123,16.1047777507344,1.77635683940025e-15,-0.603030861872782,2.04216832681304,2.12336245451514,3.83070793211982,-7.07301942802097,3.85870696971856,1.91697128448231,2.37733375099013,3.04828361338659,6.1056510932535,-3.54201411099395,8.2926950080827,-0.217684603751898,1.50682938232958,1.51791852543166,2.8451628673691,-4.68887842308492,3.69966033631086,compared
QR_motioncap_brushless_Light_top_NoWind_test5,top,5,2,2,kalman,164,3.29419490149586,0.400205707777141,3.27980911108705,0.160164608537403,10.6915554405039,10.8517200490414,1.77635683940025e-15,-0.384172109107366,1.87057232758807,1.90402033269618,3.50576037710363,-5.77163344717283,3.03267709174871,0.112072528980703,2.60361935194938,2.59808768704719,5.05721754272939,-5.27872737478445,6.55100104179593,0.00401837893565299,0.692295632360952,0.69019344544459,1.4310122785893,-1.717586517334,1.5556812286377,compared
QR_motioncap_brushless_Light_top_NoWind_test5,top,5,3,3,original_static,166,3.78039228224787,1.70219230296603,3.38569950737797,2.8974586362768,11.3939071714024,14.2913658076792,0,-0.191022901117154,1.33512483080556,1.34473408504782,2.85106122782494,-3.34168849771086,3.08399266249836,0.68220089790739,3.0497837985494,3.11617523108763,6.79374574936477,-8.18807443346484,8.37567086840637,-1.54776316741934,0.615809729162684,1.66508497601346,2.70723867709813,-3.52757848190768,0.0569034493440146,reference
QR_motioncap_brushless_Light_top_NoWind_test5,top,5,3,3,attitude_absolute,166,4.49184356548918,3.0032386250474,3.35034861933039,9.01944223897657,11.15721637785,20.1766586168266,0,0.057453051271602,1.2167060270572,1.21439552716078,2.36630717237938,-2.86957758808117,2.61577870133592,2.57110954187921,2.94697902870877,3.90422492821432,7.66464147850628,-4.18933227645331,9.11193433011239,-1.55097940332353,1.02945467074685,1.85981983814249,3.4261740939466,-4.62225201043212,1.71066413866203,reference
QR_motioncap_brushless_Light_top_NoWind_test5,top,5,3,3,attitude_run_centered,166,4.48034820684954,2.98668620552777,3.34974937432347,8.92029449028989,11.15322556433,20.0735200546199,1.77635683940025e-15,0.0569602880160491,1.21742987309079,1.21509318293744,2.36646123362808,-2.87232682958223,2.6166007530636,2.57989331826718,2.94639988970178,3.90958118249634,7.6721357523946,-4.17728444939427,9.11960350385311,-1.50372885928261,1.02830591987596,1.81995702940188,3.37618646625055,-4.57155925014345,1.75785129942696,reference
QR_motioncap_brushless_Light_top_NoWind_test5,top,5,3,3,kalman,166,3.73162615376346,2.09280572571207,3.09887844718032,4.37983580557323,9.54519794587826,13.9250337514515,3.5527136788005e-15,-0.021199108509288,1.17278390935254,1.169438251875,2.46787622570992,-2.92017757892609,2.1212637424469,0.122585110259422,2.78181973474936,2.77613590252568,5.35321942351081,-7.13735613822938,5.52620504962791,-2.08910490261124,0.699360061571628,2.20238901586685,3.38606971195052,-3.85795792536721,-0.152768577250617,reference
QR_motioncap_brushless_Light_top_NoWind_test5,top,5,4,4,original_static,126,6.6067618773118,4.00036382857313,5.27897365749107,16.0029107609563,27.6463917425443,43.6493025035006,3.5527136788005e-15,1.44752826340037,3.11661532554694,3.42513350819671,7.28538119719276,-5.54978775405783,10.7040356659185,3.71291694560808,4.09531623313429,5.51581899978684,9.81610521810299,-19.142221440955,11.6367309071941,-0.349027853658941,1.1758642522321,1.22208989690579,2.36808170340529,-3.8750067228591,2.44721450123668,compared
QR_motioncap_brushless_Light_top_NoWind_test5,top,5,4,4,attitude_absolute,126,4.82475977347214,2.18473729609563,4.31894334963007,4.77307705295125,18.5052298187637,23.278306871715,0,1.06767385075983,2.66123245142633,2.85760004333572,5.72160655624889,-4.54139326967222,9.45545737026796,1.87445237912576,2.89065392734822,3.43556914358508,6.87365172102233,-4.98957071696591,7.7634983121455,-0.345800346652099,1.79310718282416,1.81914637225506,3.43997761918317,-6.34441923222844,3.69980092404556,compared
QR_motioncap_brushless_Light_top_NoWind_test5,top,5,4,4,attitude_run_centered,126,4.82475539761048,2.18643197667038,4.31807388739818,4.78048478860675,18.4977798581647,23.2782646467714,0,1.06828705070057,2.66242191988035,2.85892809304568,5.72622094141062,-4.54365548442229,9.45948715448623,1.88363289162501,2.88986868687486,3.43993218151857,6.88156738306003,-4.97653670755079,7.77267882524977,-0.301951478719052,1.79051126502763,1.80877344963888,3.47644333626879,-6.29885633629823,3.73065302663758,compared
QR_motioncap_brushless_Light_top_NoWind_test5,top,5,4,4,kalman,126,3.52775939066279,0.593868681674908,3.49129568466978,0.352680011074293,12.0924063073352,12.4450863184095,0,0.0282778675952757,2.01004461723931,2.00225205502603,3.75284746289254,-4.39643510887822,4.31636691093444,0.587986166683227,2.72092670212168,2.77315927660135,5.20737606021626,-8.66566631793977,6.58789482116699,0.078438772732126,0.863379450868722,0.863516446371123,1.9677114486694,-2.51293645286998,2.68558979034421,compared
QR_motioncap_brushless_Light_top_NoWind_test5,top,5,5,5,original_static,169,3.09927088234249,1.04122796996154,2.92780574582017,1.08415568543024,8.52132431670576,9.60548000213601,3.5527136788005e-15,-0.258739209224285,1.40422906943514,1.42377577288329,2.79441897649692,-3.63485859170211,3.78786510351004,0.981824903529091,2.53359134268643,2.71018126347731,4.56695095916721,-6.44566061277234,4.93104005980666,0.230715335100031,0.425560940495347,0.482970050606812,0.795016876837575,-0.734418579625773,1.85042274878886,reference
QR_motioncap_brushless_Light_top_NoWind_test5,top,5,5,5,attitude_absolute,169,2.43762868704047,1.29382532618678,2.07206532198877,1.67398397468233,4.26804964120033,5.94203361588266,8.88178419700125e-16,-0.284881142044217,1.45560589366812,1.47898903735288,2.90811440999694,-3.69650460756836,4.361710901294,1.25264446020364,1.29265898404549,1.79727516327928,3.33040001314774,-1.27481214666069,6.40167469568464,0.1539758614558,0.709717501456418,0.724173343014012,1.38298938895869,-1.46085593223,2.657911996232,reference
QR_motioncap_brushless_Light_top_NoWind_test5,top,5,5,5,attitude_run_centered,169,2.44564936345716,1.30933707140146,2.07177100162181,1.71436356654615,4.26683724243226,5.98120080897841,1.77635683940025e-15,-0.284978117867843,1.45609288461042,1.47948417218713,2.90929813590885,-3.69808821566101,4.36407135514152,1.26189494448017,1.29221676876436,1.8034196438837,3.33915985609603,-1.2640098279126,6.40838909873371,0.201921242017891,0.708663825147113,0.734850312159237,1.35657878407889,-1.41290972143562,2.70264005948486,reference
QR_motioncap_brushless_Light_top_NoWind_test5,top,5,5,5,kalman,169,1.89377985012664,0.521936854481977,1.82584504713827,0.272418080066541,3.31398404067913,3.58640212074567,4.44089209850063e-16,-0.404636419493301,1.17351611127669,1.23803147683513,2.33270889886895,-2.74473186778215,4.41446900367738,0.32181598465527,1.32110806151191,1.35593682093652,2.24054896973046,-2.31672801412597,6.35102834701539,-0.0715675911746436,0.459612404686435,0.463805477263537,1.13525115119087,-1.61000730171508,1.47958516516948,reference
