shift_s,mode,route,test,metric,difference
-0.2,attitude_absolute,bot,QR_motioncap_brushless_Light_bot_NoWind_test1,vt_rmse_3d_cm,0.846861988147269
-0.2,attitude_absolute,bot,QR_motioncap_brushless_Light_bot_NoWind_test2,vt_rmse_3d_cm,0.590582584960886
-0.2,attitude_absolute,bot,QR_motioncap_brushless_Light_bot_NoWind_test3,vt_rmse_3d_cm,0.344874906793386
-0.2,attitude_absolute,bot,QR_motioncap_brushless_Light_bot_NoWind_test4,vt_rmse_3d_cm,0.347421901670863
-0.2,attitude_absolute,bot,QR_motioncap_brushless_Light_bot_NoWind_test5,vt_rmse_3d_cm,0.580275926158236
-0.2,attitude_absolute,bot,QR_motioncap_brushless_Light_bot_NoWind_test1,visual_dispersion_3d_cm,0.33282183755589
-0.2,attitude_absolute,bot,QR_motioncap_brushless_Light_bot_NoWind_test2,visual_dispersion_3d_cm,0.687971782314241
-0.2,attitude_absolute,bot,QR_motioncap_brushless_Light_bot_NoWind_test3,visual_dispersion_3d_cm,0.205291699621829
-0.2,attitude_absolute,bot,QR_motioncap_brushless_Light_bot_NoWind_test4,visual_dispersion_3d_cm,0.458647120708183
-0.2,attitude_absolute,bot,QR_motioncap_brushless_Light_bot_NoWind_test5,visual_dispersion_3d_cm,0.745675943325553
-0.2,attitude_absolute,bot,QR_motioncap_brushless_Light_bot_NoWind_test1,vk_rmse_3d_cm,0.920129111468206
-0.2,attitude_absolute,bot,QR_motioncap_brushless_Light_bot_NoWind_test2,vk_rmse_3d_cm,0.346992528962264
-0.2,attitude_absolute,bot,QR_motioncap_brushless_Light_bot_NoWind_test3,vk_rmse_3d_cm,0.117503437496219
-0.2,attitude_absolute,bot,QR_motioncap_brushless_Light_bot_NoWind_test4,vk_rmse_3d_cm,0.0841002892729024
-0.2,attitude_absolute,bot,QR_motioncap_brushless_Light_bot_NoWind_test5,vk_rmse_3d_cm,0.490785695923938
-0.2,attitude_absolute,bot,QR_motioncap_brushless_Light_bot_NoWind_test1,kt_rmse_3d_cm,0.268026275055508
-0.2,attitude_absolute,bot,QR_motioncap_brushless_Light_bot_NoWind_test2,kt_rmse_3d_cm,0.663615666994075
-0.2,attitude_absolute,bot,QR_motioncap_brushless_Light_bot_NoWind_test3,kt_rmse_3d_cm,0.0358329741136059
-0.2,attitude_absolute,bot,QR_motioncap_brushless_Light_bot_NoWind_test4,kt_rmse_3d_cm,0.296052067614021
-0.2,attitude_absolute,bot,QR_motioncap_brushless_Light_bot_NoWind_test5,kt_rmse_3d_cm,0.96845834433766
-0.2,attitude_absolute,bot,QR_motioncap_brushless_Light_bot_NoWind_test1,kalman_pos_std_3d_cm,0.262933667231123
-0.2,attitude_absolute,bot,QR_motioncap_brushless_Light_bot_NoWind_test2,kalman_pos_std_3d_cm,0.684936213443042
-0.2,attitude_absolute,bot,QR_motioncap_brushless_Light_bot_NoWind_test3,kalman_pos_std_3d_cm,-0.0361257449136403
-0.2,attitude_absolute,bot,QR_motioncap_brushless_Light_bot_NoWind_test4,kalman_pos_std_3d_cm,0.231289462932261
-0.2,attitude_absolute,bot,QR_motioncap_brushless_Light_bot_NoWind_test5,kalman_pos_std_3d_cm,0.988769473868682
-0.2,attitude_absolute,bot,QR_motioncap_brushless_Light_bot_NoWind_test1,rpy_std_deg,0.605084070229589
-0.2,attitude_absolute,bot,QR_motioncap_brushless_Light_bot_NoWind_test2,rpy_std_deg,0.253058052822577
-0.2,attitude_absolute,bot,QR_motioncap_brushless_Light_bot_NoWind_test3,rpy_std_deg,1.05866658569274
-0.2,attitude_absolute,bot,QR_motioncap_brushless_Light_bot_NoWind_test4,rpy_std_deg,0.628511081870762
-0.2,attitude_absolute,bot,QR_motioncap_brushless_Light_bot_NoWind_test5,rpy_std_deg,0.770779653441815
-0.2,attitude_absolute,mid,QR_motioncap_brushless_Light_mid_NoWind_test1,vt_rmse_3d_cm,-0.407114671643432
-0.2,attitude_absolute,mid,QR_motioncap_brushless_Light_mid_NoWind_test2,vt_rmse_3d_cm,-0.160531422253818
-0.2,attitude_absolute,mid,QR_motioncap_brushless_Light_mid_NoWind_test3,vt_rmse_3d_cm,0.659177526114534
-0.2,attitude_absolute,mid,QR_motioncap_brushless_Light_mid_NoWind_test4,vt_rmse_3d_cm,0.0995588972879666
-0.2,attitude_absolute,mid,QR_motioncap_brushless_Light_mid_NoWind_test5,vt_rmse_3d_cm,0.209776323608406
-0.2,attitude_absolute,mid,QR_motioncap_brushless_Light_mid_NoWind_test1,visual_dispersion_3d_cm,-0.87397055043432
-0.2,attitude_absolute,mid,QR_motioncap_brushless_Light_mid_NoWind_test2,visual_dispersion_3d_cm,-0.447411538864708
-0.2,attitude_absolute,mid,QR_motioncap_brushless_Light_mid_NoWind_test3,visual_dispersion_3d_cm,0.294088619537991
-0.2,attitude_absolute,mid,QR_motioncap_brushless_Light_mid_NoWind_test4,visual_dispersion_3d_cm,-0.284196128260154
-0.2,attitude_absolute,mid,QR_motioncap_brushless_Light_mid_NoWind_test5,visual_dispersion_3d_cm,-0.253930235892394
-0.2,attitude_absolute,mid,QR_motioncap_brushless_Light_mid_NoWind_test1,vk_rmse_3d_cm,0.556961121626555
-0.2,attitude_absolute,mid,QR_motioncap_brushless_Light_mid_NoWind_test2,vk_rmse_3d_cm,0.675856764673432
-0.2,attitude_absolute,mid,QR_motioncap_brushless_Light_mid_NoWind_test3,vk_rmse_3d_cm,1.47623509135298
-0.2,attitude_absolute,mid,QR_motioncap_brushless_Light_mid_NoWind_test4,vk_rmse_3d_cm,0.733212238092909
-0.2,attitude_absolute,mid,QR_motioncap_brushless_Light_mid_NoWind_test5,vk_rmse_3d_cm,0.673533547352067
-0.2,attitude_absolute,mid,QR_motioncap_brushless_Light_mid_NoWind_test1,kt_rmse_3d_cm,-0.766855980207416
-0.2,attitude_absolute,mid,QR_motioncap_brushless_Light_mid_NoWind_test2,kt_rmse_3d_cm,-0.647037843056766
-0.2,attitude_absolute,mid,QR_motioncap_brushless_Light_mid_NoWind_test3,kt_rmse_3d_cm,0.0948624320603928
-0.2,attitude_absolute,mid,QR_motioncap_brushless_Light_mid_NoWind_test4,kt_rmse_3d_cm,-0.576995412755796
-0.2,attitude_absolute,mid,QR_motioncap_brushless_Light_mid_NoWind_test5,kt_rmse_3d_cm,0.0387612239576232
-0.2,attitude_absolute,mid,QR_motioncap_brushless_Light_mid_NoWind_test1,kalman_pos_std_3d_cm,-0.8274538737889
-0.2,attitude_absolute,mid,QR_motioncap_brushless_Light_mid_NoWind_test2,kalman_pos_std_3d_cm,-0.675949843935751
-0.2,attitude_absolute,mid,QR_motioncap_brushless_Light_mid_NoWind_test3,kalman_pos_std_3d_cm,0.101339040229559
-0.2,attitude_absolute,mid,QR_motioncap_brushless_Light_mid_NoWind_test4,kalman_pos_std_3d_cm,-0.565755306610773
-0.2,attitude_absolute,mid,QR_motioncap_brushless_Light_mid_NoWind_test5,kalman_pos_std_3d_cm,0.0208857584508912
-0.2,attitude_absolute,mid,QR_motioncap_brushless_Light_mid_NoWind_test1,rpy_std_deg,-3.15849853036599
-0.2,attitude_absolute,mid,QR_motioncap_brushless_Light_mid_NoWind_test2,rpy_std_deg,-0.840231865320225
-0.2,attitude_absolute,mid,QR_motioncap_brushless_Light_mid_NoWind_test3,rpy_std_deg,-1.92016957373662
-0.2,attitude_absolute,mid,QR_motioncap_brushless_Light_mid_NoWind_test4,rpy_std_deg,-1.16463394264028
-0.2,attitude_absolute,mid,QR_motioncap_brushless_Light_mid_NoWind_test5,rpy_std_deg,-1.667890231632
-0.2,attitude_absolute,top,QR_motioncap_brushless_Light_top_NoWind_test1,vt_rmse_3d_cm,0.860238722620875
-0.2,attitude_absolute,top,QR_motioncap_brushless_Light_top_NoWind_test2,vt_rmse_3d_cm,0.70435415194815
-0.2,attitude_absolute,top,QR_motioncap_brushless_Light_top_NoWind_test3,vt_rmse_3d_cm,1.03522112074668
-0.2,attitude_absolute,top,QR_motioncap_brushless_Light_top_NoWind_test4,vt_rmse_3d_cm,1.45548064882258
-0.2,attitude_absolute,top,QR_motioncap_brushless_Light_top_NoWind_test5,vt_rmse_3d_cm,1.01534386892302
-0.2,attitude_absolute,top,QR_motioncap_brushless_Light_top_NoWind_test1,visual_dispersion_3d_cm,1.14332024614124
-0.2,attitude_absolute,top,QR_motioncap_brushless_Light_top_NoWind_test2,visual_dispersion_3d_cm,1.59583930162248
-0.2,attitude_absolute,top,QR_motioncap_brushless_Light_top_NoWind_test3,visual_dispersion_3d_cm,1.65028020343529
-0.2,attitude_absolute,top,QR_motioncap_brushless_Light_top_NoWind_test4,visual_dispersion_3d_cm,2.14110042316578
-0.2,attitude_absolute,top,QR_motioncap_brushless_Light_top_NoWind_test5,visual_dispersion_3d_cm,1.46329750532276
-0.2,attitude_absolute,top,QR_motioncap_brushless_Light_top_NoWind_test1,vk_rmse_3d_cm,0.862807010776454
-0.2,attitude_absolute,top,QR_motioncap_brushless_Light_top_NoWind_test2,vk_rmse_3d_cm,0.819584012327989
-0.2,attitude_absolute,top,QR_motioncap_brushless_Light_top_NoWind_test3,vk_rmse_3d_cm,1.21820029466748
-0.2,attitude_absolute,top,QR_motioncap_brushless_Light_top_NoWind_test4,vk_rmse_3d_cm,1.01761027250339
-0.2,attitude_absolute,top,QR_motioncap_brushless_Light_top_NoWind_test5,vk_rmse_3d_cm,0.903900961643341
-0.2,attitude_absolute,top,QR_motioncap_brushless_Light_top_NoWind_test1,kt_rmse_3d_cm,0.54932749295304
-0.2,attitude_absolute,top,QR_motioncap_brushless_Light_top_NoWind_test2,kt_rmse_3d_cm,0.645998409388812
-0.2,attitude_absolute,top,QR_motioncap_brushless_Light_top_NoWind_test3,kt_rmse_3d_cm,1.00462545092275
-0.2,attitude_absolute,top,QR_motioncap_brushless_Light_top_NoWind_test4,kt_rmse_3d_cm,1.28124153375782
-0.2,attitude_absolute,top,QR_motioncap_brushless_Light_top_NoWind_test5,kt_rmse_3d_cm,0.728405700048507
-0.2,attitude_absolute,top,QR_motioncap_brushless_Light_top_NoWind_test1,kalman_pos_std_3d_cm,0.802764637471293
-0.2,attitude_absolute,top,QR_motioncap_brushless_Light_top_NoWind_test2,kalman_pos_std_3d_cm,0.982783235109199
-0.2,attitude_absolute,top,QR_motioncap_brushless_Light_top_NoWind_test3,kalman_pos_std_3d_cm,1.35375548845828
-0.2,attitude_absolute,top,QR_motioncap_brushless_Light_top_NoWind_test4,kalman_pos_std_3d_cm,1.62612619496355
-0.2,attitude_absolute,top,QR_motioncap_brushless_Light_top_NoWind_test5,kalman_pos_std_3d_cm,0.965880404199876
-0.2,attitude_absolute,top,QR_motioncap_brushless_Light_top_NoWind_test1,rpy_std_deg,2.61820410871576
-0.2,attitude_absolute,top,QR_motioncap_brushless_Light_top_NoWind_test2,rpy_std_deg,4.90290401835648
-0.2,attitude_absolute,top,QR_motioncap_brushless_Light_top_NoWind_test3,rpy_std_deg,4.62686733016188
-0.2,attitude_absolute,top,QR_motioncap_brushless_Light_top_NoWind_test4,rpy_std_deg,4.79289684831312
-0.2,attitude_absolute,top,QR_motioncap_brushless_Light_top_NoWind_test5,rpy_std_deg,3.55881706747079
-0.2,attitude_run_centered,bot,QR_motioncap_brushless_Light_bot_NoWind_test1,vt_rmse_3d_cm,0.847258160550161
-0.2,attitude_run_centered,bot,QR_motioncap_brushless_Light_bot_NoWind_test2,vt_rmse_3d_cm,0.572220359139511
-0.2,attitude_run_centered,bot,QR_motioncap_brushless_Light_bot_NoWind_test3,vt_rmse_3d_cm,0.357958332485057
-0.2,attitude_run_centered,bot,QR_motioncap_brushless_Light_bot_NoWind_test4,vt_rmse_3d_cm,0.333541007279129
-0.2,attitude_run_centered,bot,QR_motioncap_brushless_Light_bot_NoWind_test5,vt_rmse_3d_cm,0.578652394208075
-0.2,attitude_run_centered,bot,QR_motioncap_brushless_Light_bot_NoWind_test1,visual_dispersion_3d_cm,0.332904426733374
-0.2,attitude_run_centered,bot,QR_motioncap_brushless_Light_bot_NoWind_test2,visual_dispersion_3d_cm,0.687622469738899
-0.2,attitude_run_centered,bot,QR_motioncap_brushless_Light_bot_NoWind_test3,visual_dispersion_3d_cm,0.205200986572144
-0.2,attitude_run_centered,bot,QR_motioncap_brushless_Light_bot_NoWind_test4,visual_dispersion_3d_cm,0.458567654593721
-0.2,attitude_run_centered,bot,QR_motioncap_brushless_Light_bot_NoWind_test5,visual_dispersion_3d_cm,0.745421858990594
-0.2,attitude_run_centered,bot,QR_motioncap_brushless_Light_bot_NoWind_test1,vk_rmse_3d_cm,0.921897180998918
-0.2,attitude_run_centered,bot,QR_motioncap_brushless_Light_bot_NoWind_test2,vk_rmse_3d_cm,0.329831557157202
-0.2,attitude_run_centered,bot,QR_motioncap_brushless_Light_bot_NoWind_test3,vk_rmse_3d_cm,0.130269644922913
-0.2,attitude_run_centered,bot,QR_motioncap_brushless_Light_bot_NoWind_test4,vk_rmse_3d_cm,0.0523415229301105
-0.2,attitude_run_centered,bot,QR_motioncap_brushless_Light_bot_NoWind_test5,vk_rmse_3d_cm,0.489779194852164
-0.2,attitude_run_centered,bot,QR_motioncap_brushless_Light_bot_NoWind_test1,kt_rmse_3d_cm,0.268026275055508
-0.2,attitude_run_centered,bot,QR_motioncap_brushless_Light_bot_NoWind_test2,kt_rmse_3d_cm,0.663615666994075
-0.2,attitude_run_centered,bot,QR_motioncap_brushless_Light_bot_NoWind_test3,kt_rmse_3d_cm,0.0358329741136059
-0.2,attitude_run_centered,bot,QR_motioncap_brushless_Light_bot_NoWind_test4,kt_rmse_3d_cm,0.296052067614021
-0.2,attitude_run_centered,bot,QR_motioncap_brushless_Light_bot_NoWind_test5,kt_rmse_3d_cm,0.96845834433766
-0.2,attitude_run_centered,bot,QR_motioncap_brushless_Light_bot_NoWind_test1,kalman_pos_std_3d_cm,0.262933667231123
-0.2,attitude_run_centered,bot,QR_motioncap_brushless_Light_bot_NoWind_test2,kalman_pos_std_3d_cm,0.684936213443042
-0.2,attitude_run_centered,bot,QR_motioncap_brushless_Light_bot_NoWind_test3,kalman_pos_std_3d_cm,-0.0361257449136403
-0.2,attitude_run_centered,bot,QR_motioncap_brushless_Light_bot_NoWind_test4,kalman_pos_std_3d_cm,0.231289462932261
-0.2,attitude_run_centered,bot,QR_motioncap_brushless_Light_bot_NoWind_test5,kalman_pos_std_3d_cm,0.988769473868682
-0.2,attitude_run_centered,bot,QR_motioncap_brushless_Light_bot_NoWind_test1,rpy_std_deg,0.605084070229589
-0.2,attitude_run_centered,bot,QR_motioncap_brushless_Light_bot_NoWind_test2,rpy_std_deg,0.253058052822577
-0.2,attitude_run_centered,bot,QR_motioncap_brushless_Light_bot_NoWind_test3,rpy_std_deg,1.05866658569274
-0.2,attitude_run_centered,bot,QR_motioncap_brushless_Light_bot_NoWind_test4,rpy_std_deg,0.628511081870762
-0.2,attitude_run_centered,bot,QR_motioncap_brushless_Light_bot_NoWind_test5,rpy_std_deg,0.770779653441815
-0.2,attitude_run_centered,mid,QR_motioncap_brushless_Light_mid_NoWind_test1,vt_rmse_3d_cm,-0.409786119487842
-0.2,attitude_run_centered,mid,QR_motioncap_brushless_Light_mid_NoWind_test2,vt_rmse_3d_cm,-0.147857562505696
-0.2,attitude_run_centered,mid,QR_motioncap_brushless_Light_mid_NoWind_test3,vt_rmse_3d_cm,0.716529379359815
-0.2,attitude_run_centered,mid,QR_motioncap_brushless_Light_mid_NoWind_test4,vt_rmse_3d_cm,0.0309626730118575
-0.2,attitude_run_centered,mid,QR_motioncap_brushless_Light_mid_NoWind_test5,vt_rmse_3d_cm,0.2298707209264
-0.2,attitude_run_centered,mid,QR_motioncap_brushless_Light_mid_NoWind_test1,visual_dispersion_3d_cm,-0.874280303582496
-0.2,attitude_run_centered,mid,QR_motioncap_brushless_Light_mid_NoWind_test2,visual_dispersion_3d_cm,-0.448664605206815
-0.2,attitude_run_centered,mid,QR_motioncap_brushless_Light_mid_NoWind_test3,visual_dispersion_3d_cm,0.293520763541879
-0.2,attitude_run_centered,mid,QR_motioncap_brushless_Light_mid_NoWind_test4,visual_dispersion_3d_cm,-0.284259146425339
-0.2,attitude_run_centered,mid,QR_motioncap_brushless_Light_mid_NoWind_test5,visual_dispersion_3d_cm,-0.254399550415286
-0.2,attitude_run_centered,mid,QR_motioncap_brushless_Light_mid_NoWind_test1,vk_rmse_3d_cm,0.598677519245503
-0.2,attitude_run_centered,mid,QR_motioncap_brushless_Light_mid_NoWind_test2,vk_rmse_3d_cm,0.702065287980549
-0.2,attitude_run_centered,mid,QR_motioncap_brushless_Light_mid_NoWind_test3,vk_rmse_3d_cm,1.54310843936304
-0.2,attitude_run_centered,mid,QR_motioncap_brushless_Light_mid_NoWind_test4,vk_rmse_3d_cm,0.644066871780444
-0.2,attitude_run_centered,mid,QR_motioncap_brushless_Light_mid_NoWind_test5,vk_rmse_3d_cm,0.67966159332973
-0.2,attitude_run_centered,mid,QR_motioncap_brushless_Light_mid_NoWind_test1,kt_rmse_3d_cm,-0.766855980207416
-0.2,attitude_run_centered,mid,QR_motioncap_brushless_Light_mid_NoWind_test2,kt_rmse_3d_cm,-0.647037843056766
-0.2,attitude_run_centered,mid,QR_motioncap_brushless_Light_mid_NoWind_test3,kt_rmse_3d_cm,0.0948624320603928
-0.2,attitude_run_centered,mid,QR_motioncap_brushless_Light_mid_NoWind_test4,kt_rmse_3d_cm,-0.576995412755796
-0.2,attitude_run_centered,mid,QR_motioncap_brushless_Light_mid_NoWind_test5,kt_rmse_3d_cm,0.0387612239576232
-0.2,attitude_run_centered,mid,QR_motioncap_brushless_Light_mid_NoWind_test1,kalman_pos_std_3d_cm,-0.8274538737889
-0.2,attitude_run_centered,mid,QR_motioncap_brushless_Light_mid_NoWind_test2,kalman_pos_std_3d_cm,-0.675949843935751
-0.2,attitude_run_centered,mid,QR_motioncap_brushless_Light_mid_NoWind_test3,kalman_pos_std_3d_cm,0.101339040229559
-0.2,attitude_run_centered,mid,QR_motioncap_brushless_Light_mid_NoWind_test4,kalman_pos_std_3d_cm,-0.565755306610773
-0.2,attitude_run_centered,mid,QR_motioncap_brushless_Light_mid_NoWind_test5,kalman_pos_std_3d_cm,0.0208857584508912
-0.2,attitude_run_centered,mid,QR_motioncap_brushless_Light_mid_NoWind_test1,rpy_std_deg,-3.15849853036599
-0.2,attitude_run_centered,mid,QR_motioncap_brushless_Light_mid_NoWind_test2,rpy_std_deg,-0.840231865320225
-0.2,attitude_run_centered,mid,QR_motioncap_brushless_Light_mid_NoWind_test3,rpy_std_deg,-1.92016957373662
-0.2,attitude_run_centered,mid,QR_motioncap_brushless_Light_mid_NoWind_test4,rpy_std_deg,-1.16463394264028
-0.2,attitude_run_centered,mid,QR_motioncap_brushless_Light_mid_NoWind_test5,rpy_std_deg,-1.667890231632
-0.2,attitude_run_centered,top,QR_motioncap_brushless_Light_top_NoWind_test1,vt_rmse_3d_cm,0.845282441077398
-0.2,attitude_run_centered,top,QR_motioncap_brushless_Light_top_NoWind_test2,vt_rmse_3d_cm,0.67008449223993
-0.2,attitude_run_centered,top,QR_motioncap_brushless_Light_top_NoWind_test3,vt_rmse_3d_cm,1.00294948714994
-0.2,attitude_run_centered,top,QR_motioncap_brushless_Light_top_NoWind_test4,vt_rmse_3d_cm,1.45669722157714
-0.2,attitude_run_centered,top,QR_motioncap_brushless_Light_top_NoWind_test5,vt_rmse_3d_cm,1.01128389645032
-0.2,attitude_run_centered,top,QR_motioncap_brushless_Light_top_NoWind_test1,visual_dispersion_3d_cm,1.1424248426799
-0.2,attitude_run_centered,top,QR_motioncap_brushless_Light_top_NoWind_test2,visual_dispersion_3d_cm,1.59630588073669
-0.2,attitude_run_centered,top,QR_motioncap_brushless_Light_top_NoWind_test3,visual_dispersion_3d_cm,1.64984952312371
-0.2,attitude_run_centered,top,QR_motioncap_brushless_Light_top_NoWind_test4,visual_dispersion_3d_cm,2.14151091424911
-0.2,attitude_run_centered,top,QR_motioncap_brushless_Light_top_NoWind_test5,visual_dispersion_3d_cm,1.46295483637625
-0.2,attitude_run_centered,top,QR_motioncap_brushless_Light_top_NoWind_test1,vk_rmse_3d_cm,0.832168121500443
-0.2,attitude_run_centered,top,QR_motioncap_brushless_Light_top_NoWind_test2,vk_rmse_3d_cm,0.789911269479334
-0.2,attitude_run_centered,top,QR_motioncap_brushless_Light_top_NoWind_test3,vk_rmse_3d_cm,1.1853375599055
-0.2,attitude_run_centered,top,QR_motioncap_brushless_Light_top_NoWind_test4,vk_rmse_3d_cm,1.02227527402472
-0.2,attitude_run_centered,top,QR_motioncap_brushless_Light_top_NoWind_test5,vk_rmse_3d_cm,0.89088156963613
-0.2,attitude_run_centered,top,QR_motioncap_brushless_Light_top_NoWind_test1,kt_rmse_3d_cm,0.54932749295304
-0.2,attitude_run_centered,top,QR_motioncap_brushless_Light_top_NoWind_test2,kt_rmse_3d_cm,0.645998409388812
-0.2,attitude_run_centered,top,QR_motioncap_brushless_Light_top_NoWind_test3,kt_rmse_3d_cm,1.00462545092275
-0.2,attitude_run_centered,top,QR_motioncap_brushless_Light_top_NoWind_test4,kt_rmse_3d_cm,1.28124153375782
-0.2,attitude_run_centered,top,QR_motioncap_brushless_Light_top_NoWind_test5,kt_rmse_3d_cm,0.728405700048507
-0.2,attitude_run_centered,top,QR_motioncap_brushless_Light_top_NoWind_test1,kalman_pos_std_3d_cm,0.802764637471293
-0.2,attitude_run_centered,top,QR_motioncap_brushless_Light_top_NoWind_test2,kalman_pos_std_3d_cm,0.982783235109199
-0.2,attitude_run_centered,top,QR_motioncap_brushless_Light_top_NoWind_test3,kalman_pos_std_3d_cm,1.35375548845828
-0.2,attitude_run_centered,top,QR_motioncap_brushless_Light_top_NoWind_test4,kalman_pos_std_3d_cm,1.62612619496355
-0.2,attitude_run_centered,top,QR_motioncap_brushless_Light_top_NoWind_test5,kalman_pos_std_3d_cm,0.965880404199876
-0.2,attitude_run_centered,top,QR_motioncap_brushless_Light_top_NoWind_test1,rpy_std_deg,2.61820410871576
-0.2,attitude_run_centered,top,QR_motioncap_brushless_Light_top_NoWind_test2,rpy_std_deg,4.90290401835648
-0.2,attitude_run_centered,top,QR_motioncap_brushless_Light_top_NoWind_test3,rpy_std_deg,4.62686733016188
-0.2,attitude_run_centered,top,QR_motioncap_brushless_Light_top_NoWind_test4,rpy_std_deg,4.79289684831312
-0.2,attitude_run_centered,top,QR_motioncap_brushless_Light_top_NoWind_test5,rpy_std_deg,3.55881706747079
-0.2,original_static,bot,QR_motioncap_brushless_Light_bot_NoWind_test1,vt_rmse_3d_cm,1.35093665573243
-0.2,original_static,bot,QR_motioncap_brushless_Light_bot_NoWind_test2,vt_rmse_3d_cm,0.60527148755289
-0.2,original_static,bot,QR_motioncap_brushless_Light_bot_NoWind_test3,vt_rmse_3d_cm,0.395924085449236
-0.2,original_static,bot,QR_motioncap_brushless_Light_bot_NoWind_test4,vt_rmse_3d_cm,0.508158206593469
-0.2,original_static,bot,QR_motioncap_brushless_Light_bot_NoWind_test5,vt_rmse_3d_cm,0.397382848841543
-0.2,original_static,bot,QR_motioncap_brushless_Light_bot_NoWind_test1,visual_dispersion_3d_cm,0.699647315684498
-0.2,original_static,bot,QR_motioncap_brushless_Light_bot_NoWind_test2,visual_dispersion_3d_cm,0.73300504876721
-0.2,original_static,bot,QR_motioncap_brushless_Light_bot_NoWind_test3,visual_dispersion_3d_cm,0.314801654244595
-0.2,original_static,bot,QR_motioncap_brushless_Light_bot_NoWind_test4,visual_dispersion_3d_cm,0.574206464719778
-0.2,original_static,bot,QR_motioncap_brushless_Light_bot_NoWind_test5,visual_dispersion_3d_cm,0.564153324751435
-0.2,original_static,bot,QR_motioncap_brushless_Light_bot_NoWind_test1,vk_rmse_3d_cm,1.22126066203365
-0.2,original_static,bot,QR_motioncap_brushless_Light_bot_NoWind_test2,vk_rmse_3d_cm,0.234038960455272
-0.2,original_static,bot,QR_motioncap_brushless_Light_bot_NoWind_test3,vk_rmse_3d_cm,0.499878871735843
-0.2,original_static,bot,QR_motioncap_brushless_Light_bot_NoWind_test4,vk_rmse_3d_cm,0.0524989769856226
-0.2,original_static,bot,QR_motioncap_brushless_Light_bot_NoWind_test5,vk_rmse_3d_cm,0.443828860935637
-0.2,original_static,bot,QR_motioncap_brushless_Light_bot_NoWind_test1,kt_rmse_3d_cm,0.268026275055508
-0.2,original_static,bot,QR_motioncap_brushless_Light_bot_NoWind_test2,kt_rmse_3d_cm,0.663615666994075
-0.2,original_static,bot,QR_motioncap_brushless_Light_bot_NoWind_test3,kt_rmse_3d_cm,0.0358329741136059
-0.2,original_static,bot,QR_motioncap_brushless_Light_bot_NoWind_test4,kt_rmse_3d_cm,0.296052067614021
-0.2,original_static,bot,QR_motioncap_brushless_Light_bot_NoWind_test5,kt_rmse_3d_cm,0.96845834433766
-0.2,original_static,bot,QR_motioncap_brushless_Light_bot_NoWind_test1,kalman_pos_std_3d_cm,0.262933667231123
-0.2,original_static,bot,QR_motioncap_brushless_Light_bot_NoWind_test2,kalman_pos_std_3d_cm,0.684936213443042
-0.2,original_static,bot,QR_motioncap_brushless_Light_bot_NoWind_test3,kalman_pos_std_3d_cm,-0.0361257449136403
-0.2,original_static,bot,QR_motioncap_brushless_Light_bot_NoWind_test4,kalman_pos_std_3d_cm,0.231289462932261
-0.2,original_static,bot,QR_motioncap_brushless_Light_bot_NoWind_test5,kalman_pos_std_3d_cm,0.988769473868682
-0.2,original_static,bot,QR_motioncap_brushless_Light_bot_NoWind_test1,rpy_std_deg,0.605084070229589
-0.2,original_static,bot,QR_motioncap_brushless_Light_bot_NoWind_test2,rpy_std_deg,0.253058052822577
-0.2,original_static,bot,QR_motioncap_brushless_Light_bot_NoWind_test3,rpy_std_deg,1.05866658569274
-0.2,original_static,bot,QR_motioncap_brushless_Light_bot_NoWind_test4,rpy_std_deg,0.628511081870762
-0.2,original_static,bot,QR_motioncap_brushless_Light_bot_NoWind_test5,rpy_std_deg,0.770779653441815
-0.2,original_static,mid,QR_motioncap_brushless_Light_mid_NoWind_test1,vt_rmse_3d_cm,-0.305122054985915
-0.2,original_static,mid,QR_motioncap_brushless_Light_mid_NoWind_test2,vt_rmse_3d_cm,0.250221729643046
-0.2,original_static,mid,QR_motioncap_brushless_Light_mid_NoWind_test3,vt_rmse_3d_cm,0.279874581667648
-0.2,original_static,mid,QR_motioncap_brushless_Light_mid_NoWind_test4,vt_rmse_3d_cm,0.0076523028921498
-0.2,original_static,mid,QR_motioncap_brushless_Light_mid_NoWind_test5,vt_rmse_3d_cm,-0.112471844149681
-0.2,original_static,mid,QR_motioncap_brushless_Light_mid_NoWind_test1,visual_dispersion_3d_cm,-0.731773828694545
-0.2,original_static,mid,QR_motioncap_brushless_Light_mid_NoWind_test2,visual_dispersion_3d_cm,-0.0198178716584145
-0.2,original_static,mid,QR_motioncap_brushless_Light_mid_NoWind_test3,visual_dispersion_3d_cm,-0.169343415619512
-0.2,original_static,mid,QR_motioncap_brushless_Light_mid_NoWind_test4,visual_dispersion_3d_cm,-0.203529643783952
-0.2,original_static,mid,QR_motioncap_brushless_Light_mid_NoWind_test5,visual_dispersion_3d_cm,-0.488107108241731
-0.2,original_static,mid,QR_motioncap_brushless_Light_mid_NoWind_test1,vk_rmse_3d_cm,-0.217752654376128
-0.2,original_static,mid,QR_motioncap_brushless_Light_mid_NoWind_test2,vk_rmse_3d_cm,0.287605872907624
-0.2,original_static,mid,QR_motioncap_brushless_Light_mid_NoWind_test3,vk_rmse_3d_cm,0.460101960983084
-0.2,original_static,mid,QR_motioncap_brushless_Light_mid_NoWind_test4,vk_rmse_3d_cm,0.220237389875821
-0.2,original_static,mid,QR_motioncap_brushless_Light_mid_NoWind_test5,vk_rmse_3d_cm,0.248734184106309
-0.2,original_static,mid,QR_motioncap_brushless_Light_mid_NoWind_test1,kt_rmse_3d_cm,-0.766855980207416
-0.2,original_static,mid,QR_motioncap_brushless_Light_mid_NoWind_test2,kt_rmse_3d_cm,-0.647037843056766
-0.2,original_static,mid,QR_motioncap_brushless_Light_mid_NoWind_test3,kt_rmse_3d_cm,0.0948624320603928
-0.2,original_static,mid,QR_motioncap_brushless_Light_mid_NoWind_test4,kt_rmse_3d_cm,-0.576995412755796
-0.2,original_static,mid,QR_motioncap_brushless_Light_mid_NoWind_test5,kt_rmse_3d_cm,0.0387612239576232
-0.2,original_static,mid,QR_motioncap_brushless_Light_mid_NoWind_test1,kalman_pos_std_3d_cm,-0.8274538737889
-0.2,original_static,mid,QR_motioncap_brushless_Light_mid_NoWind_test2,kalman_pos_std_3d_cm,-0.675949843935751
-0.2,original_static,mid,QR_motioncap_brushless_Light_mid_NoWind_test3,kalman_pos_std_3d_cm,0.101339040229559
-0.2,original_static,mid,QR_motioncap_brushless_Light_mid_NoWind_test4,kalman_pos_std_3d_cm,-0.565755306610773
-0.2,original_static,mid,QR_motioncap_brushless_Light_mid_NoWind_test5,kalman_pos_std_3d_cm,0.0208857584508912
-0.2,original_static,mid,QR_motioncap_brushless_Light_mid_NoWind_test1,rpy_std_deg,-3.15849853036599
-0.2,original_static,mid,QR_motioncap_brushless_Light_mid_NoWind_test2,rpy_std_deg,-0.840231865320225
-0.2,original_static,mid,QR_motioncap_brushless_Light_mid_NoWind_test3,rpy_std_deg,-1.92016957373662
-0.2,original_static,mid,QR_motioncap_brushless_Light_mid_NoWind_test4,rpy_std_deg,-1.16463394264028
-0.2,original_static,mid,QR_motioncap_brushless_Light_mid_NoWind_test5,rpy_std_deg,-1.667890231632
-0.2,original_static,top,QR_motioncap_brushless_Light_top_NoWind_test1,vt_rmse_3d_cm,0.878274031907142
-0.2,original_static,top,QR_motioncap_brushless_Light_top_NoWind_test2,vt_rmse_3d_cm,1.87830593184119
-0.2,original_static,top,QR_motioncap_brushless_Light_top_NoWind_test3,vt_rmse_3d_cm,2.24144221802294
-0.2,original_static,top,QR_motioncap_brushless_Light_top_NoWind_test4,vt_rmse_3d_cm,1.85751279617409
-0.2,original_static,top,QR_motioncap_brushless_Light_top_NoWind_test5,vt_rmse_3d_cm,2.05784885558867
-0.2,original_static,top,QR_motioncap_brushless_Light_top_NoWind_test1,visual_dispersion_3d_cm,1.40550763974135
-0.2,original_static,top,QR_motioncap_brushless_Light_top_NoWind_test2,visual_dispersion_3d_cm,2.26129507139731
-0.2,original_static,top,QR_motioncap_brushless_Light_top_NoWind_test3,visual_dispersion_3d_cm,2.47380566801021
-0.2,original_static,top,QR_motioncap_brushless_Light_top_NoWind_test4,visual_dispersion_3d_cm,2.37173483598015
-0.2,original_static,top,QR_motioncap_brushless_Light_top_NoWind_test5,visual_dispersion_3d_cm,1.72092643059643
-0.2,original_static,top,QR_motioncap_brushless_Light_top_NoWind_test1,vk_rmse_3d_cm,0.681711178376958
-0.2,original_static,top,QR_motioncap_brushless_Light_top_NoWind_test2,vk_rmse_3d_cm,2.06398703936175
-0.2,original_static,top,QR_motioncap_brushless_Light_top_NoWind_test3,vk_rmse_3d_cm,2.57834410245397
-0.2,original_static,top,QR_motioncap_brushless_Light_top_NoWind_test4,vk_rmse_3d_cm,2.17557286058765
-0.2,original_static,top,QR_motioncap_brushless_Light_top_NoWind_test5,vk_rmse_3d_cm,1.68929083182305
-0.2,original_static,top,QR_motioncap_brushless_Light_top_NoWind_test1,kt_rmse_3d_cm,0.54932749295304
-0.2,original_static,top,QR_motioncap_brushless_Light_top_NoWind_test2,kt_rmse_3d_cm,0.645998409388812
-0.2,original_static,top,QR_motioncap_brushless_Light_top_NoWind_test3,kt_rmse_3d_cm,1.00462545092275
-0.2,original_static,top,QR_motioncap_brushless_Light_top_NoWind_test4,kt_rmse_3d_cm,1.28124153375782
-0.2,original_static,top,QR_motioncap_brushless_Light_top_NoWind_test5,kt_rmse_3d_cm,0.728405700048507
-0.2,original_static,top,QR_motioncap_brushless_Light_top_NoWind_test1,kalman_pos_std_3d_cm,0.802764637471293
-0.2,original_static,top,QR_motioncap_brushless_Light_top_NoWind_test2,kalman_pos_std_3d_cm,0.982783235109199
-0.2,original_static,top,QR_motioncap_brushless_Light_top_NoWind_test3,kalman_pos_std_3d_cm,1.35375548845828
-0.2,original_static,top,QR_motioncap_brushless_Light_top_NoWind_test4,kalman_pos_std_3d_cm,1.62612619496355
-0.2,original_static,top,QR_motioncap_brushless_Light_top_NoWind_test5,kalman_pos_std_3d_cm,0.965880404199876
-0.2,original_static,top,QR_motioncap_brushless_Light_top_NoWind_test1,rpy_std_deg,2.61820410871576
-0.2,original_static,top,QR_motioncap_brushless_Light_top_NoWind_test2,rpy_std_deg,4.90290401835648
-0.2,original_static,top,QR_motioncap_brushless_Light_top_NoWind_test3,rpy_std_deg,4.62686733016188
-0.2,original_static,top,QR_motioncap_brushless_Light_top_NoWind_test4,rpy_std_deg,4.79289684831312
-0.2,original_static,top,QR_motioncap_brushless_Light_top_NoWind_test5,rpy_std_deg,3.55881706747079
-0.15,attitude_absolute,bot,QR_motioncap_brushless_Light_bot_NoWind_test1,vt_rmse_3d_cm,0.836372927724847
-0.15,attitude_absolute,bot,QR_motioncap_brushless_Light_bot_NoWind_test2,vt_rmse_3d_cm,0.618856663397998
-0.15,attitude_absolute,bot,QR_motioncap_brushless_Light_bot_NoWind_test3,vt_rmse_3d_cm,0.3165943938697
-0.15,attitude_absolute,bot,QR_motioncap_brushless_Light_bot_NoWind_test4,vt_rmse_3d_cm,0.29377241734572
-0.15,attitude_absolute,bot,QR_motioncap_brushless_Light_bot_NoWind_test5,vt_rmse_3d_cm,0.604338039500941
-0.15,attitude_absolute,bot,QR_motioncap_brushless_Light_bot_NoWind_test1,visual_dispersion_3d_cm,0.297225933472526
-0.15,attitude_absolute,bot,QR_motioncap_brushless_Light_bot_NoWind_test2,visual_dispersion_3d_cm,0.723452267004412
-0.15,attitude_absolute,bot,QR_motioncap_brushless_Light_bot_NoWind_test3,visual_dispersion_3d_cm,0.176049196559752
-0.15,attitude_absolute,bot,QR_motioncap_brushless_Light_bot_NoWind_test4,visual_dispersion_3d_cm,0.39727494309602
-0.15,attitude_absolute,bot,QR_motioncap_brushless_Light_bot_NoWind_test5,visual_dispersion_3d_cm,0.780324920153468
-0.15,attitude_absolute,bot,QR_motioncap_brushless_Light_bot_NoWind_test1,vk_rmse_3d_cm,0.926209057269115
-0.15,attitude_absolute,bot,QR_motioncap_brushless_Light_bot_NoWind_test2,vk_rmse_3d_cm,0.349083472727686
-0.15,attitude_absolute,bot,QR_motioncap_brushless_Light_bot_NoWind_test3,vk_rmse_3d_cm,0.15595541872295
-0.15,attitude_absolute,bot,QR_motioncap_brushless_Light_bot_NoWind_test4,vk_rmse_3d_cm,0.052915049426145
-0.15,attitude_absolute,bot,QR_motioncap_brushless_Light_bot_NoWind_test5,vk_rmse_3d_cm,0.448632969046617
-0.15,attitude_absolute,bot,QR_motioncap_brushless_Light_bot_NoWind_test1,kt_rmse_3d_cm,0.261978172396785
-0.15,attitude_absolute,bot,QR_motioncap_brushless_Light_bot_NoWind_test2,kt_rmse_3d_cm,0.674673262512511
-0.15,attitude_absolute,bot,QR_motioncap_brushless_Light_bot_NoWind_test3,kt_rmse_3d_cm,0.0148328763240295
-0.15,attitude_absolute,bot,QR_motioncap_brushless_Light_bot_NoWind_test4,kt_rmse_3d_cm,0.301078502377043
-0.15,attitude_absolute,bot,QR_motioncap_brushless_Light_bot_NoWind_test5,kt_rmse_3d_cm,0.955439641226534
-0.15,attitude_absolute,bot,QR_motioncap_brushless_Light_bot_NoWind_test1,kalman_pos_std_3d_cm,0.257352151844922
-0.15,attitude_absolute,bot,QR_motioncap_brushless_Light_bot_NoWind_test2,kalman_pos_std_3d_cm,0.698967475273565
-0.15,attitude_absolute,bot,QR_motioncap_brushless_Light_bot_NoWind_test3,kalman_pos_std_3d_cm,-0.060776476679504
-0.15,attitude_absolute,bot,QR_motioncap_brushless_Light_bot_NoWind_test4,kalman_pos_std_3d_cm,0.238699310497146
-0.15,attitude_absolute,bot,QR_motioncap_brushless_Light_bot_NoWind_test5,kalman_pos_std_3d_cm,0.975663294053944
-0.15,attitude_absolute,bot,QR_motioncap_brushless_Light_bot_NoWind_test1,rpy_std_deg,0.598961332395098
-0.15,attitude_absolute,bot,QR_motioncap_brushless_Light_bot_NoWind_test2,rpy_std_deg,0.253794677290718
-0.15,attitude_absolute,bot,QR_motioncap_brushless_Light_bot_NoWind_test3,rpy_std_deg,1.06500618908862
-0.15,attitude_absolute,bot,QR_motioncap_brushless_Light_bot_NoWind_test4,rpy_std_deg,0.637161974975386
-0.15,attitude_absolute,bot,QR_motioncap_brushless_Light_bot_NoWind_test5,rpy_std_deg,0.770593398967154
-0.15,attitude_absolute,mid,QR_motioncap_brushless_Light_mid_NoWind_test1,vt_rmse_3d_cm,-0.29400731985359
-0.15,attitude_absolute,mid,QR_motioncap_brushless_Light_mid_NoWind_test2,vt_rmse_3d_cm,-0.147434128741357
-0.15,attitude_absolute,mid,QR_motioncap_brushless_Light_mid_NoWind_test3,vt_rmse_3d_cm,0.66068669696399
-0.15,attitude_absolute,mid,QR_motioncap_brushless_Light_mid_NoWind_test4,vt_rmse_3d_cm,0.086684801607825
-0.15,attitude_absolute,mid,QR_motioncap_brushless_Light_mid_NoWind_test5,vt_rmse_3d_cm,0.286467347965709
-0.15,attitude_absolute,mid,QR_motioncap_brushless_Light_mid_NoWind_test1,visual_dispersion_3d_cm,-0.759883558001273
-0.15,attitude_absolute,mid,QR_motioncap_brushless_Light_mid_NoWind_test2,visual_dispersion_3d_cm,-0.432579384336546
-0.15,attitude_absolute,mid,QR_motioncap_brushless_Light_mid_NoWind_test3,visual_dispersion_3d_cm,0.2963638513505
-0.15,attitude_absolute,mid,QR_motioncap_brushless_Light_mid_NoWind_test4,visual_dispersion_3d_cm,-0.299525046486087
-0.15,attitude_absolute,mid,QR_motioncap_brushless_Light_mid_NoWind_test5,visual_dispersion_3d_cm,-0.173150090717233
-0.15,attitude_absolute,mid,QR_motioncap_brushless_Light_mid_NoWind_test1,vk_rmse_3d_cm,0.655290383639521
-0.15,attitude_absolute,mid,QR_motioncap_brushless_Light_mid_NoWind_test2,vk_rmse_3d_cm,0.769762146126591
-0.15,attitude_absolute,mid,QR_motioncap_brushless_Light_mid_NoWind_test3,vk_rmse_3d_cm,1.47603760324322
-0.15,attitude_absolute,mid,QR_motioncap_brushless_Light_mid_NoWind_test4,vk_rmse_3d_cm,0.799780336067784
-0.15,attitude_absolute,mid,QR_motioncap_brushless_Light_mid_NoWind_test5,vk_rmse_3d_cm,0.729945894802407
-0.15,attitude_absolute,mid,QR_motioncap_brushless_Light_mid_NoWind_test1,kt_rmse_3d_cm,-0.775985104614968
-0.15,attitude_absolute,mid,QR_motioncap_brushless_Light_mid_NoWind_test2,kt_rmse_3d_cm,-0.636808476830592
-0.15,attitude_absolute,mid,QR_motioncap_brushless_Light_mid_NoWind_test3,kt_rmse_3d_cm,0.0711841072408417
-0.15,attitude_absolute,mid,QR_motioncap_brushless_Light_mid_NoWind_test4,kt_rmse_3d_cm,-0.577410987332399
-0.15,attitude_absolute,mid,QR_motioncap_brushless_Light_mid_NoWind_test5,kt_rmse_3d_cm,-0.0209144117989837
-0.15,attitude_absolute,mid,QR_motioncap_brushless_Light_mid_NoWind_test1,kalman_pos_std_3d_cm,-0.835936641006782
-0.15,attitude_absolute,mid,QR_motioncap_brushless_Light_mid_NoWind_test2,kalman_pos_std_3d_cm,-0.666270538695124
-0.15,attitude_absolute,mid,QR_motioncap_brushless_Light_mid_NoWind_test3,kalman_pos_std_3d_cm,0.0767530633893121
-0.15,attitude_absolute,mid,QR_motioncap_brushless_Light_mid_NoWind_test4,kalman_pos_std_3d_cm,-0.566481501096043
-0.15,attitude_absolute,mid,QR_motioncap_brushless_Light_mid_NoWind_test5,kalman_pos_std_3d_cm,-0.0409770501453846
-0.15,attitude_absolute,mid,QR_motioncap_brushless_Light_mid_NoWind_test1,rpy_std_deg,-3.16158313721557
-0.15,attitude_absolute,mid,QR_motioncap_brushless_Light_mid_NoWind_test2,rpy_std_deg,-0.848317496658539
-0.15,attitude_absolute,mid,QR_motioncap_brushless_Light_mid_NoWind_test3,rpy_std_deg,-1.91851625598816
-0.15,attitude_absolute,mid,QR_motioncap_brushless_Light_mid_NoWind_test4,rpy_std_deg,-1.16487765793375
-0.15,attitude_absolute,mid,QR_motioncap_brushless_Light_mid_NoWind_test5,rpy_std_deg,-1.62053224556786
-0.15,attitude_absolute,top,QR_motioncap_brushless_Light_top_NoWind_test1,vt_rmse_3d_cm,0.841855986300778
-0.15,attitude_absolute,top,QR_motioncap_brushless_Light_top_NoWind_test2,vt_rmse_3d_cm,0.62928267013616
-0.15,attitude_absolute,top,QR_motioncap_brushless_Light_top_NoWind_test3,vt_rmse_3d_cm,1.01256529257188
-0.15,attitude_absolute,top,QR_motioncap_brushless_Light_top_NoWind_test4,vt_rmse_3d_cm,1.36685265444932
-0.15,attitude_absolute,top,QR_motioncap_brushless_Light_top_NoWind_test5,vt_rmse_3d_cm,0.968068202095415
-0.15,attitude_absolute,top,QR_motioncap_brushless_Light_top_NoWind_test1,visual_dispersion_3d_cm,1.12802430098716
-0.15,attitude_absolute,top,QR_motioncap_brushless_Light_top_NoWind_test2,visual_dispersion_3d_cm,1.46395770323013
-0.15,attitude_absolute,top,QR_motioncap_brushless_Light_top_NoWind_test3,visual_dispersion_3d_cm,1.61588757383549
-0.15,attitude_absolute,top,QR_motioncap_brushless_Light_top_NoWind_test4,visual_dispersion_3d_cm,2.05029952361052
-0.15,attitude_absolute,top,QR_motioncap_brushless_Light_top_NoWind_test5,visual_dispersion_3d_cm,1.42195636919421
-0.15,attitude_absolute,top,QR_motioncap_brushless_Light_top_NoWind_test1,vk_rmse_3d_cm,0.815429097327812
-0.15,attitude_absolute,top,QR_motioncap_brushless_Light_top_NoWind_test2,vk_rmse_3d_cm,0.73529485219404
-0.15,attitude_absolute,top,QR_motioncap_brushless_Light_top_NoWind_test3,vk_rmse_3d_cm,1.14011217566239
-0.15,attitude_absolute,top,QR_motioncap_brushless_Light_top_NoWind_test4,vk_rmse_3d_cm,0.8706414018128
-0.15,attitude_absolute,top,QR_motioncap_brushless_Light_top_NoWind_test5,vk_rmse_3d_cm,0.843845660743218
-0.15,attitude_absolute,top,QR_motioncap_brushless_Light_top_NoWind_test1,kt_rmse_3d_cm,0.560242660965417
-0.15,attitude_absolute,top,QR_motioncap_brushless_Light_top_NoWind_test2,kt_rmse_3d_cm,0.653073767038874
-0.15,attitude_absolute,top,QR_motioncap_brushless_Light_top_NoWind_test3,kt_rmse_3d_cm,0.995112817288319
-0.15,attitude_absolute,top,QR_motioncap_brushless_Light_top_NoWind_test4,kt_rmse_3d_cm,1.30219178763306
-0.15,attitude_absolute,top,QR_motioncap_brushless_Light_top_NoWind_test5,kt_rmse_3d_cm,0.752780056419998
-0.15,attitude_absolute,top,QR_motioncap_brushless_Light_top_NoWind_test1,kalman_pos_std_3d_cm,0.814922144147693
-0.15,attitude_absolute,top,QR_motioncap_brushless_Light_top_NoWind_test2,kalman_pos_std_3d_cm,0.988885800321344
-0.15,attitude_absolute,top,QR_motioncap_brushless_Light_top_NoWind_test3,kalman_pos_std_3d_cm,1.34412599904691
-0.15,attitude_absolute,top,QR_motioncap_brushless_Light_top_NoWind_test4,kalman_pos_std_3d_cm,1.64464765589621
-0.15,attitude_absolute,top,QR_motioncap_brushless_Light_top_NoWind_test5,kalman_pos_std_3d_cm,0.990285833161707
-0.15,attitude_absolute,top,QR_motioncap_brushless_Light_top_NoWind_test1,rpy_std_deg,2.62403159682886
-0.15,attitude_absolute,top,QR_motioncap_brushless_Light_top_NoWind_test2,rpy_std_deg,4.89861826593903
-0.15,attitude_absolute,top,QR_motioncap_brushless_Light_top_NoWind_test3,rpy_std_deg,4.63115571271968
-0.15,attitude_absolute,top,QR_motioncap_brushless_Light_top_NoWind_test4,rpy_std_deg,4.7898777749548
-0.15,attitude_absolute,top,QR_motioncap_brushless_Light_top_NoWind_test5,rpy_std_deg,3.55427772181485
-0.15,attitude_run_centered,bot,QR_motioncap_brushless_Light_bot_NoWind_test1,vt_rmse_3d_cm,0.836661736821216
-0.15,attitude_run_centered,bot,QR_motioncap_brushless_Light_bot_NoWind_test2,vt_rmse_3d_cm,0.600651077028083
-0.15,attitude_run_centered,bot,QR_motioncap_brushless_Light_bot_NoWind_test3,vt_rmse_3d_cm,0.329642775504476
-0.15,attitude_run_centered,bot,QR_motioncap_brushless_Light_bot_NoWind_test4,vt_rmse_3d_cm,0.279793466324944
-0.15,attitude_run_centered,bot,QR_motioncap_brushless_Light_bot_NoWind_test5,vt_rmse_3d_cm,0.602803019940557
-0.15,attitude_run_centered,bot,QR_motioncap_brushless_Light_bot_NoWind_test1,visual_dispersion_3d_cm,0.297301576347186
-0.15,attitude_run_centered,bot,QR_motioncap_brushless_Light_bot_NoWind_test2,visual_dispersion_3d_cm,0.723146099392932
-0.15,attitude_run_centered,bot,QR_motioncap_brushless_Light_bot_NoWind_test3,visual_dispersion_3d_cm,0.17594112493513
-0.15,attitude_run_centered,bot,QR_motioncap_brushless_Light_bot_NoWind_test4,visual_dispersion_3d_cm,0.397295217126287
-0.15,attitude_run_centered,bot,QR_motioncap_brushless_Light_bot_NoWind_test5,visual_dispersion_3d_cm,0.780067078712531
-0.15,attitude_run_centered,bot,QR_motioncap_brushless_Light_bot_NoWind_test1,vk_rmse_3d_cm,0.928202525063669
-0.15,attitude_run_centered,bot,QR_motioncap_brushless_Light_bot_NoWind_test2,vk_rmse_3d_cm,0.33189056166607
-0.15,attitude_run_centered,bot,QR_motioncap_brushless_Light_bot_NoWind_test3,vk_rmse_3d_cm,0.168470826006596
-0.15,attitude_run_centered,bot,QR_motioncap_brushless_Light_bot_NoWind_test4,vk_rmse_3d_cm,0.0209589966008887
-0.15,attitude_run_centered,bot,QR_motioncap_brushless_Light_bot_NoWind_test5,vk_rmse_3d_cm,0.447511457192856
-0.15,attitude_run_centered,bot,QR_motioncap_brushless_Light_bot_NoWind_test1,kt_rmse_3d_cm,0.261978172396785
-0.15,attitude_run_centered,bot,QR_motioncap_brushless_Light_bot_NoWind_test2,kt_rmse_3d_cm,0.674673262512511
-0.15,attitude_run_centered,bot,QR_motioncap_brushless_Light_bot_NoWind_test3,kt_rmse_3d_cm,0.0148328763240295
-0.15,attitude_run_centered,bot,QR_motioncap_brushless_Light_bot_NoWind_test4,kt_rmse_3d_cm,0.301078502377043
-0.15,attitude_run_centered,bot,QR_motioncap_brushless_Light_bot_NoWind_test5,kt_rmse_3d_cm,0.955439641226534
-0.15,attitude_run_centered,bot,QR_motioncap_brushless_Light_bot_NoWind_test1,kalman_pos_std_3d_cm,0.257352151844922
-0.15,attitude_run_centered,bot,QR_motioncap_brushless_Light_bot_NoWind_test2,kalman_pos_std_3d_cm,0.698967475273565
-0.15,attitude_run_centered,bot,QR_motioncap_brushless_Light_bot_NoWind_test3,kalman_pos_std_3d_cm,-0.060776476679504
-0.15,attitude_run_centered,bot,QR_motioncap_brushless_Light_bot_NoWind_test4,kalman_pos_std_3d_cm,0.238699310497146
-0.15,attitude_run_centered,bot,QR_motioncap_brushless_Light_bot_NoWind_test5,kalman_pos_std_3d_cm,0.975663294053944
-0.15,attitude_run_centered,bot,QR_motioncap_brushless_Light_bot_NoWind_test1,rpy_std_deg,0.598961332395098
-0.15,attitude_run_centered,bot,QR_motioncap_brushless_Light_bot_NoWind_test2,rpy_std_deg,0.253794677290718
-0.15,attitude_run_centered,bot,QR_motioncap_brushless_Light_bot_NoWind_test3,rpy_std_deg,1.06500618908862
-0.15,attitude_run_centered,bot,QR_motioncap_brushless_Light_bot_NoWind_test4,rpy_std_deg,0.637161974975386
-0.15,attitude_run_centered,bot,QR_motioncap_brushless_Light_bot_NoWind_test5,rpy_std_deg,0.770593398967154
-0.15,attitude_run_centered,mid,QR_motioncap_brushless_Light_mid_NoWind_test1,vt_rmse_3d_cm,-0.294992524629076
-0.15,attitude_run_centered,mid,QR_motioncap_brushless_Light_mid_NoWind_test2,vt_rmse_3d_cm,-0.134483459864418
-0.15,attitude_run_centered,mid,QR_motioncap_brushless_Light_mid_NoWind_test3,vt_rmse_3d_cm,0.718165752503029
-0.15,attitude_run_centered,mid,QR_motioncap_brushless_Light_mid_NoWind_test4,vt_rmse_3d_cm,0.0169849073456234
-0.15,attitude_run_centered,mid,QR_motioncap_brushless_Light_mid_NoWind_test5,vt_rmse_3d_cm,0.312285754142666
-0.15,attitude_run_centered,mid,QR_motioncap_brushless_Light_mid_NoWind_test1,visual_dispersion_3d_cm,-0.760101071267431
-0.15,attitude_run_centered,mid,QR_motioncap_brushless_Light_mid_NoWind_test2,visual_dispersion_3d_cm,-0.43384660834906
-0.15,attitude_run_centered,mid,QR_motioncap_brushless_Light_mid_NoWind_test3,visual_dispersion_3d_cm,0.2957483727021
-0.15,attitude_run_centered,mid,QR_motioncap_brushless_Light_mid_NoWind_test4,visual_dispersion_3d_cm,-0.299453206065057
-0.15,attitude_run_centered,mid,QR_motioncap_brushless_Light_mid_NoWind_test5,visual_dispersion_3d_cm,-0.173601931046147
-0.15,attitude_run_centered,mid,QR_motioncap_brushless_Light_mid_NoWind_test1,vk_rmse_3d_cm,0.700077815919183
-0.15,attitude_run_centered,mid,QR_motioncap_brushless_Light_mid_NoWind_test2,vk_rmse_3d_cm,0.798337933926481
-0.15,attitude_run_centered,mid,QR_motioncap_brushless_Light_mid_NoWind_test3,vk_rmse_3d_cm,1.54566534139422
-0.15,attitude_run_centered,mid,QR_motioncap_brushless_Light_mid_NoWind_test4,vk_rmse_3d_cm,0.705318506771009
-0.15,attitude_run_centered,mid,QR_motioncap_brushless_Light_mid_NoWind_test5,vk_rmse_3d_cm,0.742738401532118
-0.15,attitude_run_centered,mid,QR_motioncap_brushless_Light_mid_NoWind_test1,kt_rmse_3d_cm,-0.775985104614968
-0.15,attitude_run_centered,mid,QR_motioncap_brushless_Light_mid_NoWind_test2,kt_rmse_3d_cm,-0.636808476830592
-0.15,attitude_run_centered,mid,QR_motioncap_brushless_Light_mid_NoWind_test3,kt_rmse_3d_cm,0.0711841072408417
-0.15,attitude_run_centered,mid,QR_motioncap_brushless_Light_mid_NoWind_test4,kt_rmse_3d_cm,-0.577410987332399
-0.15,attitude_run_centered,mid,QR_motioncap_brushless_Light_mid_NoWind_test5,kt_rmse_3d_cm,-0.0209144117989837
-0.15,attitude_run_centered,mid,QR_motioncap_brushless_Light_mid_NoWind_test1,kalman_pos_std_3d_cm,-0.835936641006782
-0.15,attitude_run_centered,mid,QR_motioncap_brushless_Light_mid_NoWind_test2,kalman_pos_std_3d_cm,-0.666270538695124
-0.15,attitude_run_centered,mid,QR_motioncap_brushless_Light_mid_NoWind_test3,kalman_pos_std_3d_cm,0.0767530633893121
-0.15,attitude_run_centered,mid,QR_motioncap_brushless_Light_mid_NoWind_test4,kalman_pos_std_3d_cm,-0.566481501096043
-0.15,attitude_run_centered,mid,QR_motioncap_brushless_Light_mid_NoWind_test5,kalman_pos_std_3d_cm,-0.0409770501453846
-0.15,attitude_run_centered,mid,QR_motioncap_brushless_Light_mid_NoWind_test1,rpy_std_deg,-3.16158313721557
-0.15,attitude_run_centered,mid,QR_motioncap_brushless_Light_mid_NoWind_test2,rpy_std_deg,-0.848317496658539
-0.15,attitude_run_centered,mid,QR_motioncap_brushless_Light_mid_NoWind_test3,rpy_std_deg,-1.91851625598816
-0.15,attitude_run_centered,mid,QR_motioncap_brushless_Light_mid_NoWind_test4,rpy_std_deg,-1.16487765793375
-0.15,attitude_run_centered,mid,QR_motioncap_brushless_Light_mid_NoWind_test5,rpy_std_deg,-1.62053224556786
-0.15,attitude_run_centered,top,QR_motioncap_brushless_Light_top_NoWind_test1,vt_rmse_3d_cm,0.82771292955449
-0.15,attitude_run_centered,top,QR_motioncap_brushless_Light_top_NoWind_test2,vt_rmse_3d_cm,0.598537129880683
-0.15,attitude_run_centered,top,QR_motioncap_brushless_Light_top_NoWind_test3,vt_rmse_3d_cm,0.983047141548478
-0.15,attitude_run_centered,top,QR_motioncap_brushless_Light_top_NoWind_test4,vt_rmse_3d_cm,1.3700466687025
-0.15,attitude_run_centered,top,QR_motioncap_brushless_Light_top_NoWind_test5,vt_rmse_3d_cm,0.963901593473502
-0.15,attitude_run_centered,top,QR_motioncap_brushless_Light_top_NoWind_test1,visual_dispersion_3d_cm,1.12697241784228
-0.15,attitude_run_centered,top,QR_motioncap_brushless_Light_top_NoWind_test2,visual_dispersion_3d_cm,1.46442339197423
-0.15,attitude_run_centered,top,QR_motioncap_brushless_Light_top_NoWind_test3,visual_dispersion_3d_cm,1.6154799458162
-0.15,attitude_run_centered,top,QR_motioncap_brushless_Light_top_NoWind_test4,visual_dispersion_3d_cm,2.05080262624586
-0.15,attitude_run_centered,top,QR_motioncap_brushless_Light_top_NoWind_test5,visual_dispersion_3d_cm,1.42156600254892
-0.15,attitude_run_centered,top,QR_motioncap_brushless_Light_top_NoWind_test1,vk_rmse_3d_cm,0.789776576452896
-0.15,attitude_run_centered,top,QR_motioncap_brushless_Light_top_NoWind_test2,vk_rmse_3d_cm,0.709826074317503
-0.15,attitude_run_centered,top,QR_motioncap_brushless_Light_top_NoWind_test3,vk_rmse_3d_cm,1.1106578056014
-0.15,attitude_run_centered,top,QR_motioncap_brushless_Light_top_NoWind_test4,vk_rmse_3d_cm,0.877456645609237
-0.15,attitude_run_centered,top,QR_motioncap_brushless_Light_top_NoWind_test5,vk_rmse_3d_cm,0.830426947856971
-0.15,attitude_run_centered,top,QR_motioncap_brushless_Light_top_NoWind_test1,kt_rmse_3d_cm,0.560242660965417
-0.15,attitude_run_centered,top,QR_motioncap_brushless_Light_top_NoWind_test2,kt_rmse_3d_cm,0.653073767038874
-0.15,attitude_run_centered,top,QR_motioncap_brushless_Light_top_NoWind_test3,kt_rmse_3d_cm,0.995112817288319
-0.15,attitude_run_centered,top,QR_motioncap_brushless_Light_top_NoWind_test4,kt_rmse_3d_cm,1.30219178763306
-0.15,attitude_run_centered,top,QR_motioncap_brushless_Light_top_NoWind_test5,kt_rmse_3d_cm,0.752780056419998
-0.15,attitude_run_centered,top,QR_motioncap_brushless_Light_top_NoWind_test1,kalman_pos_std_3d_cm,0.814922144147693
-0.15,attitude_run_centered,top,QR_motioncap_brushless_Light_top_NoWind_test2,kalman_pos_std_3d_cm,0.988885800321344
-0.15,attitude_run_centered,top,QR_motioncap_brushless_Light_top_NoWind_test3,kalman_pos_std_3d_cm,1.34412599904691
-0.15,attitude_run_centered,top,QR_motioncap_brushless_Light_top_NoWind_test4,kalman_pos_std_3d_cm,1.64464765589621
-0.15,attitude_run_centered,top,QR_motioncap_brushless_Light_top_NoWind_test5,kalman_pos_std_3d_cm,0.990285833161707
-0.15,attitude_run_centered,top,QR_motioncap_brushless_Light_top_NoWind_test1,rpy_std_deg,2.62403159682886
-0.15,attitude_run_centered,top,QR_motioncap_brushless_Light_top_NoWind_test2,rpy_std_deg,4.89861826593903
-0.15,attitude_run_centered,top,QR_motioncap_brushless_Light_top_NoWind_test3,rpy_std_deg,4.63115571271968
-0.15,attitude_run_centered,top,QR_motioncap_brushless_Light_top_NoWind_test4,rpy_std_deg,4.7898777749548
-0.15,attitude_run_centered,top,QR_motioncap_brushless_Light_top_NoWind_test5,rpy_std_deg,3.55427772181485
-0.15,original_static,bot,QR_motioncap_brushless_Light_bot_NoWind_test1,vt_rmse_3d_cm,1.35093665573243
-0.15,original_static,bot,QR_motioncap_brushless_Light_bot_NoWind_test2,vt_rmse_3d_cm,0.60527148755289
-0.15,original_static,bot,QR_motioncap_brushless_Light_bot_NoWind_test3,vt_rmse_3d_cm,0.395924085449236
-0.15,original_static,bot,QR_motioncap_brushless_Light_bot_NoWind_test4,vt_rmse_3d_cm,0.508158206593469
-0.15,original_static,bot,QR_motioncap_brushless_Light_bot_NoWind_test5,vt_rmse_3d_cm,0.397382848841543
-0.15,original_static,bot,QR_motioncap_brushless_Light_bot_NoWind_test1,visual_dispersion_3d_cm,0.699647315684498
-0.15,original_static,bot,QR_motioncap_brushless_Light_bot_NoWind_test2,visual_dispersion_3d_cm,0.73300504876721
-0.15,original_static,bot,QR_motioncap_brushless_Light_bot_NoWind_test3,visual_dispersion_3d_cm,0.314801654244595
-0.15,original_static,bot,QR_motioncap_brushless_Light_bot_NoWind_test4,visual_dispersion_3d_cm,0.574206464719778
-0.15,original_static,bot,QR_motioncap_brushless_Light_bot_NoWind_test5,visual_dispersion_3d_cm,0.564153324751435
-0.15,original_static,bot,QR_motioncap_brushless_Light_bot_NoWind_test1,vk_rmse_3d_cm,1.2362509957371
-0.15,original_static,bot,QR_motioncap_brushless_Light_bot_NoWind_test2,vk_rmse_3d_cm,0.204886348642189
-0.15,original_static,bot,QR_motioncap_brushless_Light_bot_NoWind_test3,vk_rmse_3d_cm,0.57981424825216
-0.15,original_static,bot,QR_motioncap_brushless_Light_bot_NoWind_test4,vk_rmse_3d_cm,0.0875411310316951
-0.15,original_static,bot,QR_motioncap_brushless_Light_bot_NoWind_test5,vk_rmse_3d_cm,0.370409049529663
-0.15,original_static,bot,QR_motioncap_brushless_Light_bot_NoWind_test1,kt_rmse_3d_cm,0.261978172396785
-0.15,original_static,bot,QR_motioncap_brushless_Light_bot_NoWind_test2,kt_rmse_3d_cm,0.674673262512511
-0.15,original_static,bot,QR_motioncap_brushless_Light_bot_NoWind_test3,kt_rmse_3d_cm,0.0148328763240295
-0.15,original_static,bot,QR_motioncap_brushless_Light_bot_NoWind_test4,kt_rmse_3d_cm,0.301078502377043
-0.15,original_static,bot,QR_motioncap_brushless_Light_bot_NoWind_test5,kt_rmse_3d_cm,0.955439641226534
-0.15,original_static,bot,QR_motioncap_brushless_Light_bot_NoWind_test1,kalman_pos_std_3d_cm,0.257352151844922
-0.15,original_static,bot,QR_motioncap_brushless_Light_bot_NoWind_test2,kalman_pos_std_3d_cm,0.698967475273565
-0.15,original_static,bot,QR_motioncap_brushless_Light_bot_NoWind_test3,kalman_pos_std_3d_cm,-0.060776476679504
-0.15,original_static,bot,QR_motioncap_brushless_Light_bot_NoWind_test4,kalman_pos_std_3d_cm,0.238699310497146
-0.15,original_static,bot,QR_motioncap_brushless_Light_bot_NoWind_test5,kalman_pos_std_3d_cm,0.975663294053944
-0.15,original_static,bot,QR_motioncap_brushless_Light_bot_NoWind_test1,rpy_std_deg,0.598961332395098
-0.15,original_static,bot,QR_motioncap_brushless_Light_bot_NoWind_test2,rpy_std_deg,0.253794677290718
-0.15,original_static,bot,QR_motioncap_brushless_Light_bot_NoWind_test3,rpy_std_deg,1.06500618908862
-0.15,original_static,bot,QR_motioncap_brushless_Light_bot_NoWind_test4,rpy_std_deg,0.637161974975386
-0.15,original_static,bot,QR_motioncap_brushless_Light_bot_NoWind_test5,rpy_std_deg,0.770593398967154
-0.15,original_static,mid,QR_motioncap_brushless_Light_mid_NoWind_test1,vt_rmse_3d_cm,-0.305122054985915
-0.15,original_static,mid,QR_motioncap_brushless_Light_mid_NoWind_test2,vt_rmse_3d_cm,0.250221729643046
-0.15,original_static,mid,QR_motioncap_brushless_Light_mid_NoWind_test3,vt_rmse_3d_cm,0.279874581667648
-0.15,original_static,mid,QR_motioncap_brushless_Light_mid_NoWind_test4,vt_rmse_3d_cm,0.0076523028921498
-0.15,original_static,mid,QR_motioncap_brushless_Light_mid_NoWind_test5,vt_rmse_3d_cm,-0.112471844149681
-0.15,original_static,mid,QR_motioncap_brushless_Light_mid_NoWind_test1,visual_dispersion_3d_cm,-0.731773828694545
-0.15,original_static,mid,QR_motioncap_brushless_Light_mid_NoWind_test2,visual_dispersion_3d_cm,-0.0198178716584145
-0.15,original_static,mid,QR_motioncap_brushless_Light_mid_NoWind_test3,visual_dispersion_3d_cm,-0.169343415619512
-0.15,original_static,mid,QR_motioncap_brushless_Light_mid_NoWind_test4,visual_dispersion_3d_cm,-0.203529643783952
-0.15,original_static,mid,QR_motioncap_brushless_Light_mid_NoWind_test5,visual_dispersion_3d_cm,-0.488107108241731
-0.15,original_static,mid,QR_motioncap_brushless_Light_mid_NoWind_test1,vk_rmse_3d_cm,-0.277819045734082
-0.15,original_static,mid,QR_motioncap_brushless_Light_mid_NoWind_test2,vk_rmse_3d_cm,0.309453038891631
-0.15,original_static,mid,QR_motioncap_brushless_Light_mid_NoWind_test3,vk_rmse_3d_cm,0.443656163692494
-0.15,original_static,mid,QR_motioncap_brushless_Light_mid_NoWind_test4,vk_rmse_3d_cm,0.309308085537881
-0.15,original_static,mid,QR_motioncap_brushless_Light_mid_NoWind_test5,vk_rmse_3d_cm,0.216277773121977
-0.15,original_static,mid,QR_motioncap_brushless_Light_mid_NoWind_test1,kt_rmse_3d_cm,-0.775985104614968
-0.15,original_static,mid,QR_motioncap_brushless_Light_mid_NoWind_test2,kt_rmse_3d_cm,-0.636808476830592
-0.15,original_static,mid,QR_motioncap_brushless_Light_mid_NoWind_test3,kt_rmse_3d_cm,0.0711841072408417
-0.15,original_static,mid,QR_motioncap_brushless_Light_mid_NoWind_test4,kt_rmse_3d_cm,-0.577410987332399
-0.15,original_static,mid,QR_motioncap_brushless_Light_mid_NoWind_test5,kt_rmse_3d_cm,-0.0209144117989837
-0.15,original_static,mid,QR_motioncap_brushless_Light_mid_NoWind_test1,kalman_pos_std_3d_cm,-0.835936641006782
-0.15,original_static,mid,QR_motioncap_brushless_Light_mid_NoWind_test2,kalman_pos_std_3d_cm,-0.666270538695124
-0.15,original_static,mid,QR_motioncap_brushless_Light_mid_NoWind_test3,kalman_pos_std_3d_cm,0.0767530633893121
-0.15,original_static,mid,QR_motioncap_brushless_Light_mid_NoWind_test4,kalman_pos_std_3d_cm,-0.566481501096043
-0.15,original_static,mid,QR_motioncap_brushless_Light_mid_NoWind_test5,kalman_pos_std_3d_cm,-0.0409770501453846
-0.15,original_static,mid,QR_motioncap_brushless_Light_mid_NoWind_test1,rpy_std_deg,-3.16158313721557
-0.15,original_static,mid,QR_motioncap_brushless_Light_mid_NoWind_test2,rpy_std_deg,-0.848317496658539
-0.15,original_static,mid,QR_motioncap_brushless_Light_mid_NoWind_test3,rpy_std_deg,-1.91851625598816
-0.15,original_static,mid,QR_motioncap_brushless_Light_mid_NoWind_test4,rpy_std_deg,-1.16487765793375
-0.15,original_static,mid,QR_motioncap_brushless_Light_mid_NoWind_test5,rpy_std_deg,-1.62053224556786
-0.15,original_static,top,QR_motioncap_brushless_Light_top_NoWind_test1,vt_rmse_3d_cm,0.878274031907142
-0.15,original_static,top,QR_motioncap_brushless_Light_top_NoWind_test2,vt_rmse_3d_cm,1.87830593184119
-0.15,original_static,top,QR_motioncap_brushless_Light_top_NoWind_test3,vt_rmse_3d_cm,2.24144221802294
-0.15,original_static,top,QR_motioncap_brushless_Light_top_NoWind_test4,vt_rmse_3d_cm,1.85751279617409
-0.15,original_static,top,QR_motioncap_brushless_Light_top_NoWind_test5,vt_rmse_3d_cm,2.05784885558867
-0.15,original_static,top,QR_motioncap_brushless_Light_top_NoWind_test1,visual_dispersion_3d_cm,1.40550763974135
-0.15,original_static,top,QR_motioncap_brushless_Light_top_NoWind_test2,visual_dispersion_3d_cm,2.26129507139731
-0.15,original_static,top,QR_motioncap_brushless_Light_top_NoWind_test3,visual_dispersion_3d_cm,2.47380566801021
-0.15,original_static,top,QR_motioncap_brushless_Light_top_NoWind_test4,visual_dispersion_3d_cm,2.37173483598015
-0.15,original_static,top,QR_motioncap_brushless_Light_top_NoWind_test5,visual_dispersion_3d_cm,1.72092643059643
-0.15,original_static,top,QR_motioncap_brushless_Light_top_NoWind_test1,vk_rmse_3d_cm,0.63241685115137
-0.15,original_static,top,QR_motioncap_brushless_Light_top_NoWind_test2,vk_rmse_3d_cm,2.04308096536381
-0.15,original_static,top,QR_motioncap_brushless_Light_top_NoWind_test3,vk_rmse_3d_cm,2.53369163628679
-0.15,original_static,top,QR_motioncap_brushless_Light_top_NoWind_test4,vk_rmse_3d_cm,2.13483151915062
-0.15,original_static,top,QR_motioncap_brushless_Light_top_NoWind_test5,vk_rmse_3d_cm,1.68097721021675
-0.15,original_static,top,QR_motioncap_brushless_Light_top_NoWind_test1,kt_rmse_3d_cm,0.560242660965417
-0.15,original_static,top,QR_motioncap_brushless_Light_top_NoWind_test2,kt_rmse_3d_cm,0.653073767038874
-0.15,original_static,top,QR_motioncap_brushless_Light_top_NoWind_test3,kt_rmse_3d_cm,0.995112817288319
-0.15,original_static,top,QR_motioncap_brushless_Light_top_NoWind_test4,kt_rmse_3d_cm,1.30219178763306
-0.15,original_static,top,QR_motioncap_brushless_Light_top_NoWind_test5,kt_rmse_3d_cm,0.752780056419998
-0.15,original_static,top,QR_motioncap_brushless_Light_top_NoWind_test1,kalman_pos_std_3d_cm,0.814922144147693
-0.15,original_static,top,QR_motioncap_brushless_Light_top_NoWind_test2,kalman_pos_std_3d_cm,0.988885800321344
-0.15,original_static,top,QR_motioncap_brushless_Light_top_NoWind_test3,kalman_pos_std_3d_cm,1.34412599904691
-0.15,original_static,top,QR_motioncap_brushless_Light_top_NoWind_test4,kalman_pos_std_3d_cm,1.64464765589621
-0.15,original_static,top,QR_motioncap_brushless_Light_top_NoWind_test5,kalman_pos_std_3d_cm,0.990285833161707
-0.15,original_static,top,QR_motioncap_brushless_Light_top_NoWind_test1,rpy_std_deg,2.62403159682886
-0.15,original_static,top,QR_motioncap_brushless_Light_top_NoWind_test2,rpy_std_deg,4.89861826593903
-0.15,original_static,top,QR_motioncap_brushless_Light_top_NoWind_test3,rpy_std_deg,4.63115571271968
-0.15,original_static,top,QR_motioncap_brushless_Light_top_NoWind_test4,rpy_std_deg,4.7898777749548
-0.15,original_static,top,QR_motioncap_brushless_Light_top_NoWind_test5,rpy_std_deg,3.55427772181485
-0.1,attitude_absolute,bot,QR_motioncap_brushless_Light_bot_NoWind_test1,vt_rmse_3d_cm,0.832285511842686
-0.1,attitude_absolute,bot,QR_motioncap_brushless_Light_bot_NoWind_test2,vt_rmse_3d_cm,0.627802701226527
-0.1,attitude_absolute,bot,QR_motioncap_brushless_Light_bot_NoWind_test3,vt_rmse_3d_cm,0.28591672052918
-0.1,attitude_absolute,bot,QR_motioncap_brushless_Light_bot_NoWind_test4,vt_rmse_3d_cm,0.235267544797122
-0.1,attitude_absolute,bot,QR_motioncap_brushless_Light_bot_NoWind_test5,vt_rmse_3d_cm,0.622462141930466
-0.1,attitude_absolute,bot,QR_motioncap_brushless_Light_bot_NoWind_test1,visual_dispersion_3d_cm,0.265642462129791
-0.1,attitude_absolute,bot,QR_motioncap_brushless_Light_bot_NoWind_test2,visual_dispersion_3d_cm,0.736846566921907
-0.1,attitude_absolute,bot,QR_motioncap_brushless_Light_bot_NoWind_test3,visual_dispersion_3d_cm,0.146051820260404
-0.1,attitude_absolute,bot,QR_motioncap_brushless_Light_bot_NoWind_test4,visual_dispersion_3d_cm,0.331448844747203
-0.1,attitude_absolute,bot,QR_motioncap_brushless_Light_bot_NoWind_test5,visual_dispersion_3d_cm,0.806602728014356
-0.1,attitude_absolute,bot,QR_motioncap_brushless_Light_bot_NoWind_test1,vk_rmse_3d_cm,0.948910568799238
-0.1,attitude_absolute,bot,QR_motioncap_brushless_Light_bot_NoWind_test2,vk_rmse_3d_cm,0.316748952143123
-0.1,attitude_absolute,bot,QR_motioncap_brushless_Light_bot_NoWind_test3,vk_rmse_3d_cm,0.177451404348457
-0.1,attitude_absolute,bot,QR_motioncap_brushless_Light_bot_NoWind_test4,vk_rmse_3d_cm,0.0361003796401755
-0.1,attitude_absolute,bot,QR_motioncap_brushless_Light_bot_NoWind_test5,vk_rmse_3d_cm,0.424834708822765
-0.1,attitude_absolute,bot,QR_motioncap_brushless_Light_bot_NoWind_test1,kt_rmse_3d_cm,0.263499787681085
-0.1,attitude_absolute,bot,QR_motioncap_brushless_Light_bot_NoWind_test2,kt_rmse_3d_cm,0.665691622614148
-0.1,attitude_absolute,bot,QR_motioncap_brushless_Light_bot_NoWind_test3,kt_rmse_3d_cm,-0.00167561628803714
-0.1,attitude_absolute,bot,QR_motioncap_brushless_Light_bot_NoWind_test4,kt_rmse_3d_cm,0.296770886179544
-0.1,attitude_absolute,bot,QR_motioncap_brushless_Light_bot_NoWind_test5,kt_rmse_3d_cm,0.962038661704038
-0.1,attitude_absolute,bot,QR_motioncap_brushless_Light_bot_NoWind_test1,kalman_pos_std_3d_cm,0.259837322501481
-0.1,attitude_absolute,bot,QR_motioncap_brushless_Light_bot_NoWind_test2,kalman_pos_std_3d_cm,0.690656423495506
-0.1,attitude_absolute,bot,QR_motioncap_brushless_Light_bot_NoWind_test3,kalman_pos_std_3d_cm,-0.0797257637748103
-0.1,attitude_absolute,bot,QR_motioncap_brushless_Light_bot_NoWind_test4,kalman_pos_std_3d_cm,0.234936267909035
-0.1,attitude_absolute,bot,QR_motioncap_brushless_Light_bot_NoWind_test5,kalman_pos_std_3d_cm,0.983517549982861
-0.1,attitude_absolute,bot,QR_motioncap_brushless_Light_bot_NoWind_test1,rpy_std_deg,0.592358974568723
-0.1,attitude_absolute,bot,QR_motioncap_brushless_Light_bot_NoWind_test2,rpy_std_deg,0.255244597176611
-0.1,attitude_absolute,bot,QR_motioncap_brushless_Light_bot_NoWind_test3,rpy_std_deg,1.07010632012139
-0.1,attitude_absolute,bot,QR_motioncap_brushless_Light_bot_NoWind_test4,rpy_std_deg,0.647739851977787
-0.1,attitude_absolute,bot,QR_motioncap_brushless_Light_bot_NoWind_test5,rpy_std_deg,0.771083739166318
-0.1,attitude_absolute,mid,QR_motioncap_brushless_Light_mid_NoWind_test1,vt_rmse_3d_cm,-0.199120433781514
-0.1,attitude_absolute,mid,QR_motioncap_brushless_Light_mid_NoWind_test2,vt_rmse_3d_cm,-0.140742416562261
-0.1,attitude_absolute,mid,QR_motioncap_brushless_Light_mid_NoWind_test3,vt_rmse_3d_cm,0.657786374170106
-0.1,attitude_absolute,mid,QR_motioncap_brushless_Light_mid_NoWind_test4,vt_rmse_3d_cm,0.0527195987835589
-0.1,attitude_absolute,mid,QR_motioncap_brushless_Light_mid_NoWind_test5,vt_rmse_3d_cm,0.353094401259872
-0.1,attitude_absolute,mid,QR_motioncap_brushless_Light_mid_NoWind_test1,visual_dispersion_3d_cm,-0.658662540980722
-0.1,attitude_absolute,mid,QR_motioncap_brushless_Light_mid_NoWind_test2,visual_dispersion_3d_cm,-0.426443655760101
-0.1,attitude_absolute,mid,QR_motioncap_brushless_Light_mid_NoWind_test3,visual_dispersion_3d_cm,0.296304869843793
-0.1,attitude_absolute,mid,QR_motioncap_brushless_Light_mid_NoWind_test4,visual_dispersion_3d_cm,-0.335661142372843
-0.1,attitude_absolute,mid,QR_motioncap_brushless_Light_mid_NoWind_test5,visual_dispersion_3d_cm,-0.0987127750713306
-0.1,attitude_absolute,mid,QR_motioncap_brushless_Light_mid_NoWind_test1,vk_rmse_3d_cm,0.704204218074485
-0.1,attitude_absolute,mid,QR_motioncap_brushless_Light_mid_NoWind_test2,vk_rmse_3d_cm,0.834283104681208
-0.1,attitude_absolute,mid,QR_motioncap_brushless_Light_mid_NoWind_test3,vk_rmse_3d_cm,1.45169347556322
-0.1,attitude_absolute,mid,QR_motioncap_brushless_Light_mid_NoWind_test4,vk_rmse_3d_cm,0.813986593869529
-0.1,attitude_absolute,mid,QR_motioncap_brushless_Light_mid_NoWind_test5,vk_rmse_3d_cm,0.753068894109129
-0.1,attitude_absolute,mid,QR_motioncap_brushless_Light_mid_NoWind_test1,kt_rmse_3d_cm,-0.785113589062196
-0.1,attitude_absolute,mid,QR_motioncap_brushless_Light_mid_NoWind_test2,kt_rmse_3d_cm,-0.634428258325159
-0.1,attitude_absolute,mid,QR_motioncap_brushless_Light_mid_NoWind_test3,kt_rmse_3d_cm,0.0443662414283446
-0.1,attitude_absolute,mid,QR_motioncap_brushless_Light_mid_NoWind_test4,kt_rmse_3d_cm,-0.587679219253423
-0.1,attitude_absolute,mid,QR_motioncap_brushless_Light_mid_NoWind_test5,kt_rmse_3d_cm,-0.0922278378199981
-0.1,attitude_absolute,mid,QR_motioncap_brushless_Light_mid_NoWind_test1,kalman_pos_std_3d_cm,-0.844861812453692
-0.1,attitude_absolute,mid,QR_motioncap_brushless_Light_mid_NoWind_test2,kalman_pos_std_3d_cm,-0.664375995764348
-0.1,attitude_absolute,mid,QR_motioncap_brushless_Light_mid_NoWind_test3,kalman_pos_std_3d_cm,0.0494092261407242
-0.1,attitude_absolute,mid,QR_motioncap_brushless_Light_mid_NoWind_test4,kalman_pos_std_3d_cm,-0.577736914597212
-0.1,attitude_absolute,mid,QR_motioncap_brushless_Light_mid_NoWind_test5,kalman_pos_std_3d_cm,-0.114358452666088
-0.1,attitude_absolute,mid,QR_motioncap_brushless_Light_mid_NoWind_test1,rpy_std_deg,-3.16545833529333
-0.1,attitude_absolute,mid,QR_motioncap_brushless_Light_mid_NoWind_test2,rpy_std_deg,-0.862108267868095
-0.1,attitude_absolute,mid,QR_motioncap_brushless_Light_mid_NoWind_test3,rpy_std_deg,-1.91544366595953
-0.1,attitude_absolute,mid,QR_motioncap_brushless_Light_mid_NoWind_test4,rpy_std_deg,-1.16536228657465
-0.1,attitude_absolute,mid,QR_motioncap_brushless_Light_mid_NoWind_test5,rpy_std_deg,-1.5873022930947
-0.1,attitude_absolute,top,QR_motioncap_brushless_Light_top_NoWind_test1,vt_rmse_3d_cm,0.848947519129827
-0.1,attitude_absolute,top,QR_motioncap_brushless_Light_top_NoWind_test2,vt_rmse_3d_cm,0.603111356136947
-0.1,attitude_absolute,top,QR_motioncap_brushless_Light_top_NoWind_test3,vt_rmse_3d_cm,1.02154828186887
-0.1,attitude_absolute,top,QR_motioncap_brushless_Light_top_NoWind_test4,vt_rmse_3d_cm,1.33437235983157
-0.1,attitude_absolute,top,QR_motioncap_brushless_Light_top_NoWind_test5,vt_rmse_3d_cm,0.930031551939137
-0.1,attitude_absolute,top,QR_motioncap_brushless_Light_top_NoWind_test1,visual_dispersion_3d_cm,1.14226176220506
-0.1,attitude_absolute,top,QR_motioncap_brushless_Light_top_NoWind_test2,visual_dispersion_3d_cm,1.38292751605993
-0.1,attitude_absolute,top,QR_motioncap_brushless_Light_top_NoWind_test3,visual_dispersion_3d_cm,1.61295291383052
-0.1,attitude_absolute,top,QR_motioncap_brushless_Light_top_NoWind_test4,visual_dispersion_3d_cm,2.01322088267419
-0.1,attitude_absolute,top,QR_motioncap_brushless_Light_top_NoWind_test5,visual_dispersion_3d_cm,1.38470750698484
-0.1,attitude_absolute,top,QR_motioncap_brushless_Light_top_NoWind_test1,vk_rmse_3d_cm,0.806640205212561
-0.1,attitude_absolute,top,QR_motioncap_brushless_Light_top_NoWind_test2,vk_rmse_3d_cm,0.717075287798762
-0.1,attitude_absolute,top,QR_motioncap_brushless_Light_top_NoWind_test3,vk_rmse_3d_cm,1.13680451576104
-0.1,attitude_absolute,top,QR_motioncap_brushless_Light_top_NoWind_test4,vk_rmse_3d_cm,0.808525404790093
-0.1,attitude_absolute,top,QR_motioncap_brushless_Light_top_NoWind_test5,vk_rmse_3d_cm,0.806057341544175
-0.1,attitude_absolute,top,QR_motioncap_brushless_Light_top_NoWind_test1,kt_rmse_3d_cm,0.57639986461511
-0.1,attitude_absolute,top,QR_motioncap_brushless_Light_top_NoWind_test2,kt_rmse_3d_cm,0.66266678872667
-0.1,attitude_absolute,top,QR_motioncap_brushless_Light_top_NoWind_test3,kt_rmse_3d_cm,1.00728006714794
-0.1,attitude_absolute,top,QR_motioncap_brushless_Light_top_NoWind_test4,kt_rmse_3d_cm,1.32942047050527
-0.1,attitude_absolute,top,QR_motioncap_brushless_Light_top_NoWind_test5,kt_rmse_3d_cm,0.759813602943496
-0.1,attitude_absolute,top,QR_motioncap_brushless_Light_top_NoWind_test1,kalman_pos_std_3d_cm,0.831550155564787
-0.1,attitude_absolute,top,QR_motioncap_brushless_Light_top_NoWind_test2,kalman_pos_std_3d_cm,0.997862544450297
-0.1,attitude_absolute,top,QR_motioncap_brushless_Light_top_NoWind_test3,kalman_pos_std_3d_cm,1.35640075336553
-0.1,attitude_absolute,top,QR_motioncap_brushless_Light_top_NoWind_test4,kalman_pos_std_3d_cm,1.66974616034951
-0.1,attitude_absolute,top,QR_motioncap_brushless_Light_top_NoWind_test5,kalman_pos_std_3d_cm,0.997794558656803
-0.1,attitude_absolute,top,QR_motioncap_brushless_Light_top_NoWind_test1,rpy_std_deg,2.63047917277654
-0.1,attitude_absolute,top,QR_motioncap_brushless_Light_top_NoWind_test2,rpy_std_deg,4.89168551434681
-0.1,attitude_absolute,top,QR_motioncap_brushless_Light_top_NoWind_test3,rpy_std_deg,4.63230406085387
-0.1,attitude_absolute,top,QR_motioncap_brushless_Light_top_NoWind_test4,rpy_std_deg,4.78662222116438
-0.1,attitude_absolute,top,QR_motioncap_brushless_Light_top_NoWind_test5,rpy_std_deg,3.54174704923941
-0.1,attitude_run_centered,bot,QR_motioncap_brushless_Light_bot_NoWind_test1,vt_rmse_3d_cm,0.832440799887455
-0.1,attitude_run_centered,bot,QR_motioncap_brushless_Light_bot_NoWind_test2,vt_rmse_3d_cm,0.610099793760271
-0.1,attitude_run_centered,bot,QR_motioncap_brushless_Light_bot_NoWind_test3,vt_rmse_3d_cm,0.298898910564815
-0.1,attitude_run_centered,bot,QR_motioncap_brushless_Light_bot_NoWind_test4,vt_rmse_3d_cm,0.221240653257519
-0.1,attitude_run_centered,bot,QR_motioncap_brushless_Light_bot_NoWind_test5,vt_rmse_3d_cm,0.62100455153672
-0.1,attitude_run_centered,bot,QR_motioncap_brushless_Light_bot_NoWind_test1,visual_dispersion_3d_cm,0.265707753888331
-0.1,attitude_run_centered,bot,QR_motioncap_brushless_Light_bot_NoWind_test2,visual_dispersion_3d_cm,0.736591073464741
-0.1,attitude_run_centered,bot,QR_motioncap_brushless_Light_bot_NoWind_test3,visual_dispersion_3d_cm,0.145908861403502
-0.1,attitude_run_centered,bot,QR_motioncap_brushless_Light_bot_NoWind_test4,visual_dispersion_3d_cm,0.331578968828675
-0.1,attitude_run_centered,bot,QR_motioncap_brushless_Light_bot_NoWind_test5,visual_dispersion_3d_cm,0.806350557306247
-0.1,attitude_run_centered,bot,QR_motioncap_brushless_Light_bot_NoWind_test1,vk_rmse_3d_cm,0.95104570279786
-0.1,attitude_run_centered,bot,QR_motioncap_brushless_Light_bot_NoWind_test2,vk_rmse_3d_cm,0.299473063404839
-0.1,attitude_run_centered,bot,QR_motioncap_brushless_Light_bot_NoWind_test3,vk_rmse_3d_cm,0.189518223050167
-0.1,attitude_run_centered,bot,QR_motioncap_brushless_Light_bot_NoWind_test4,vk_rmse_3d_cm,0.00372354355758953
-0.1,attitude_run_centered,bot,QR_motioncap_brushless_Light_bot_NoWind_test5,vk_rmse_3d_cm,0.423654142815822
-0.1,attitude_run_centered,bot,QR_motioncap_brushless_Light_bot_NoWind_test1,kt_rmse_3d_cm,0.263499787681085
-0.1,attitude_run_centered,bot,QR_motioncap_brushless_Light_bot_NoWind_test2,kt_rmse_3d_cm,0.665691622614148
-0.1,attitude_run_centered,bot,QR_motioncap_brushless_Light_bot_NoWind_test3,kt_rmse_3d_cm,-0.00167561628803714
-0.1,attitude_run_centered,bot,QR_motioncap_brushless_Light_bot_NoWind_test4,kt_rmse_3d_cm,0.296770886179544
-0.1,attitude_run_centered,bot,QR_motioncap_brushless_Light_bot_NoWind_test5,kt_rmse_3d_cm,0.962038661704038
-0.1,attitude_run_centered,bot,QR_motioncap_brushless_Light_bot_NoWind_test1,kalman_pos_std_3d_cm,0.259837322501481
-0.1,attitude_run_centered,bot,QR_motioncap_brushless_Light_bot_NoWind_test2,kalman_pos_std_3d_cm,0.690656423495506
-0.1,attitude_run_centered,bot,QR_motioncap_brushless_Light_bot_NoWind_test3,kalman_pos_std_3d_cm,-0.0797257637748103
-0.1,attitude_run_centered,bot,QR_motioncap_brushless_Light_bot_NoWind_test4,kalman_pos_std_3d_cm,0.234936267909035
-0.1,attitude_run_centered,bot,QR_motioncap_brushless_Light_bot_NoWind_test5,kalman_pos_std_3d_cm,0.983517549982861
-0.1,attitude_run_centered,bot,QR_motioncap_brushless_Light_bot_NoWind_test1,rpy_std_deg,0.592358974568723
-0.1,attitude_run_centered,bot,QR_motioncap_brushless_Light_bot_NoWind_test2,rpy_std_deg,0.255244597176611
-0.1,attitude_run_centered,bot,QR_motioncap_brushless_Light_bot_NoWind_test3,rpy_std_deg,1.07010632012139
-0.1,attitude_run_centered,bot,QR_motioncap_brushless_Light_bot_NoWind_test4,rpy_std_deg,0.647739851977787
-0.1,attitude_run_centered,bot,QR_motioncap_brushless_Light_bot_NoWind_test5,rpy_std_deg,0.771083739166318
-0.1,attitude_run_centered,mid,QR_motioncap_brushless_Light_mid_NoWind_test1,vt_rmse_3d_cm,-0.198627509482872
-0.1,attitude_run_centered,mid,QR_motioncap_brushless_Light_mid_NoWind_test2,vt_rmse_3d_cm,-0.128450463310437
-0.1,attitude_run_centered,mid,QR_motioncap_brushless_Light_mid_NoWind_test3,vt_rmse_3d_cm,0.714973774353561
-0.1,attitude_run_centered,mid,QR_motioncap_brushless_Light_mid_NoWind_test4,vt_rmse_3d_cm,-0.0175158033897453
-0.1,attitude_run_centered,mid,QR_motioncap_brushless_Light_mid_NoWind_test5,vt_rmse_3d_cm,0.384904110882456
-0.1,attitude_run_centered,mid,QR_motioncap_brushless_Light_mid_NoWind_test1,visual_dispersion_3d_cm,-0.65882499965956
-0.1,attitude_run_centered,mid,QR_motioncap_brushless_Light_mid_NoWind_test2,visual_dispersion_3d_cm,-0.427699740616803
-0.1,attitude_run_centered,mid,QR_motioncap_brushless_Light_mid_NoWind_test3,visual_dispersion_3d_cm,0.29559745017932
-0.1,attitude_run_centered,mid,QR_motioncap_brushless_Light_mid_NoWind_test4,visual_dispersion_3d_cm,-0.335476914141786
-0.1,attitude_run_centered,mid,QR_motioncap_brushless_Light_mid_NoWind_test5,visual_dispersion_3d_cm,-0.0991011011359877
-0.1,attitude_run_centered,mid,QR_motioncap_brushless_Light_mid_NoWind_test1,vk_rmse_3d_cm,0.750620658232333
-0.1,attitude_run_centered,mid,QR_motioncap_brushless_Light_mid_NoWind_test2,vk_rmse_3d_cm,0.863188438735333
-0.1,attitude_run_centered,mid,QR_motioncap_brushless_Light_mid_NoWind_test3,vk_rmse_3d_cm,1.52272061420983
-0.1,attitude_run_centered,mid,QR_motioncap_brushless_Light_mid_NoWind_test4,vk_rmse_3d_cm,0.716791723654948
-0.1,attitude_run_centered,mid,QR_motioncap_brushless_Light_mid_NoWind_test5,vk_rmse_3d_cm,0.773503630156541
-0.1,attitude_run_centered,mid,QR_motioncap_brushless_Light_mid_NoWind_test1,kt_rmse_3d_cm,-0.785113589062196
-0.1,attitude_run_centered,mid,QR_motioncap_brushless_Light_mid_NoWind_test2,kt_rmse_3d_cm,-0.634428258325159
-0.1,attitude_run_centered,mid,QR_motioncap_brushless_Light_mid_NoWind_test3,kt_rmse_3d_cm,0.0443662414283446
-0.1,attitude_run_centered,mid,QR_motioncap_brushless_Light_mid_NoWind_test4,kt_rmse_3d_cm,-0.587679219253423
-0.1,attitude_run_centered,mid,QR_motioncap_brushless_Light_mid_NoWind_test5,kt_rmse_3d_cm,-0.0922278378199981
-0.1,attitude_run_centered,mid,QR_motioncap_brushless_Light_mid_NoWind_test1,kalman_pos_std_3d_cm,-0.844861812453692
-0.1,attitude_run_centered,mid,QR_motioncap_brushless_Light_mid_NoWind_test2,kalman_pos_std_3d_cm,-0.664375995764348
-0.1,attitude_run_centered,mid,QR_motioncap_brushless_Light_mid_NoWind_test3,kalman_pos_std_3d_cm,0.0494092261407242
-0.1,attitude_run_centered,mid,QR_motioncap_brushless_Light_mid_NoWind_test4,kalman_pos_std_3d_cm,-0.577736914597212
-0.1,attitude_run_centered,mid,QR_motioncap_brushless_Light_mid_NoWind_test5,kalman_pos_std_3d_cm,-0.114358452666088
-0.1,attitude_run_centered,mid,QR_motioncap_brushless_Light_mid_NoWind_test1,rpy_std_deg,-3.16545833529333
-0.1,attitude_run_centered,mid,QR_motioncap_brushless_Light_mid_NoWind_test2,rpy_std_deg,-0.862108267868095
-0.1,attitude_run_centered,mid,QR_motioncap_brushless_Light_mid_NoWind_test3,rpy_std_deg,-1.91544366595953
-0.1,attitude_run_centered,mid,QR_motioncap_brushless_Light_mid_NoWind_test4,rpy_std_deg,-1.16536228657465
-0.1,attitude_run_centered,mid,QR_motioncap_brushless_Light_mid_NoWind_test5,rpy_std_deg,-1.5873022930947
-0.1,attitude_run_centered,top,QR_motioncap_brushless_Light_top_NoWind_test1,vt_rmse_3d_cm,0.834188410353444
-0.1,attitude_run_centered,top,QR_motioncap_brushless_Light_top_NoWind_test2,vt_rmse_3d_cm,0.575165418041101
-0.1,attitude_run_centered,top,QR_motioncap_brushless_Light_top_NoWind_test3,vt_rmse_3d_cm,0.99440070924113
-0.1,attitude_run_centered,top,QR_motioncap_brushless_Light_top_NoWind_test4,vt_rmse_3d_cm,1.33834022896234
-0.1,attitude_run_centered,top,QR_motioncap_brushless_Light_top_NoWind_test5,vt_rmse_3d_cm,0.925800309770066
-0.1,attitude_run_centered,top,QR_motioncap_brushless_Light_top_NoWind_test1,visual_dispersion_3d_cm,1.14119491666676
-0.1,attitude_run_centered,top,QR_motioncap_brushless_Light_top_NoWind_test2,visual_dispersion_3d_cm,1.38339278335851
-0.1,attitude_run_centered,top,QR_motioncap_brushless_Light_top_NoWind_test3,visual_dispersion_3d_cm,1.61257759481284
-0.1,attitude_run_centered,top,QR_motioncap_brushless_Light_top_NoWind_test4,visual_dispersion_3d_cm,2.01375901747182
-0.1,attitude_run_centered,top,QR_motioncap_brushless_Light_top_NoWind_test5,visual_dispersion_3d_cm,1.38430949326381
-0.1,attitude_run_centered,top,QR_motioncap_brushless_Light_top_NoWind_test1,vk_rmse_3d_cm,0.783123907825638
-0.1,attitude_run_centered,top,QR_motioncap_brushless_Light_top_NoWind_test2,vk_rmse_3d_cm,0.69466572536107
-0.1,attitude_run_centered,top,QR_motioncap_brushless_Light_top_NoWind_test3,vk_rmse_3d_cm,1.11020207644963
-0.1,attitude_run_centered,top,QR_motioncap_brushless_Light_top_NoWind_test4,vk_rmse_3d_cm,0.815573512709896
-0.1,attitude_run_centered,top,QR_motioncap_brushless_Light_top_NoWind_test5,vk_rmse_3d_cm,0.792349756022124
-0.1,attitude_run_centered,top,QR_motioncap_brushless_Light_top_NoWind_test1,kt_rmse_3d_cm,0.57639986461511
-0.1,attitude_run_centered,top,QR_motioncap_brushless_Light_top_NoWind_test2,kt_rmse_3d_cm,0.66266678872667
-0.1,attitude_run_centered,top,QR_motioncap_brushless_Light_top_NoWind_test3,kt_rmse_3d_cm,1.00728006714794
-0.1,attitude_run_centered,top,QR_motioncap_brushless_Light_top_NoWind_test4,kt_rmse_3d_cm,1.32942047050527
-0.1,attitude_run_centered,top,QR_motioncap_brushless_Light_top_NoWind_test5,kt_rmse_3d_cm,0.759813602943496
-0.1,attitude_run_centered,top,QR_motioncap_brushless_Light_top_NoWind_test1,kalman_pos_std_3d_cm,0.831550155564787
-0.1,attitude_run_centered,top,QR_motioncap_brushless_Light_top_NoWind_test2,kalman_pos_std_3d_cm,0.997862544450297
-0.1,attitude_run_centered,top,QR_motioncap_brushless_Light_top_NoWind_test3,kalman_pos_std_3d_cm,1.35640075336553
-0.1,attitude_run_centered,top,QR_motioncap_brushless_Light_top_NoWind_test4,kalman_pos_std_3d_cm,1.66974616034951
-0.1,attitude_run_centered,top,QR_motioncap_brushless_Light_top_NoWind_test5,kalman_pos_std_3d_cm,0.997794558656803
-0.1,attitude_run_centered,top,QR_motioncap_brushless_Light_top_NoWind_test1,rpy_std_deg,2.63047917277654
-0.1,attitude_run_centered,top,QR_motioncap_brushless_Light_top_NoWind_test2,rpy_std_deg,4.89168551434681
-0.1,attitude_run_centered,top,QR_motioncap_brushless_Light_top_NoWind_test3,rpy_std_deg,4.63230406085387
-0.1,attitude_run_centered,top,QR_motioncap_brushless_Light_top_NoWind_test4,rpy_std_deg,4.78662222116438
-0.1,attitude_run_centered,top,QR_motioncap_brushless_Light_top_NoWind_test5,rpy_std_deg,3.54174704923941
-0.1,original_static,bot,QR_motioncap_brushless_Light_bot_NoWind_test1,vt_rmse_3d_cm,1.35093665573243
-0.1,original_static,bot,QR_motioncap_brushless_Light_bot_NoWind_test2,vt_rmse_3d_cm,0.60527148755289
-0.1,original_static,bot,QR_motioncap_brushless_Light_bot_NoWind_test3,vt_rmse_3d_cm,0.395924085449236
-0.1,original_static,bot,QR_motioncap_brushless_Light_bot_NoWind_test4,vt_rmse_3d_cm,0.508158206593469
-0.1,original_static,bot,QR_motioncap_brushless_Light_bot_NoWind_test5,vt_rmse_3d_cm,0.397382848841543
-0.1,original_static,bot,QR_motioncap_brushless_Light_bot_NoWind_test1,visual_dispersion_3d_cm,0.699647315684498
-0.1,original_static,bot,QR_motioncap_brushless_Light_bot_NoWind_test2,visual_dispersion_3d_cm,0.73300504876721
-0.1,original_static,bot,QR_motioncap_brushless_Light_bot_NoWind_test3,visual_dispersion_3d_cm,0.314801654244595
-0.1,original_static,bot,QR_motioncap_brushless_Light_bot_NoWind_test4,visual_dispersion_3d_cm,0.574206464719778
-0.1,original_static,bot,QR_motioncap_brushless_Light_bot_NoWind_test5,visual_dispersion_3d_cm,0.564153324751435
-0.1,original_static,bot,QR_motioncap_brushless_Light_bot_NoWind_test1,vk_rmse_3d_cm,1.26468532964323
-0.1,original_static,bot,QR_motioncap_brushless_Light_bot_NoWind_test2,vk_rmse_3d_cm,0.164665907648543
-0.1,original_static,bot,QR_motioncap_brushless_Light_bot_NoWind_test3,vk_rmse_3d_cm,0.638732135925905
-0.1,original_static,bot,QR_motioncap_brushless_Light_bot_NoWind_test4,vk_rmse_3d_cm,0.137044284811771
-0.1,original_static,bot,QR_motioncap_brushless_Light_bot_NoWind_test5,vk_rmse_3d_cm,0.326184189301602
-0.1,original_static,bot,QR_motioncap_brushless_Light_bot_NoWind_test1,kt_rmse_3d_cm,0.263499787681085
-0.1,original_static,bot,QR_motioncap_brushless_Light_bot_NoWind_test2,kt_rmse_3d_cm,0.665691622614148
-0.1,original_static,bot,QR_motioncap_brushless_Light_bot_NoWind_test3,kt_rmse_3d_cm,-0.00167561628803714
-0.1,original_static,bot,QR_motioncap_brushless_Light_bot_NoWind_test4,kt_rmse_3d_cm,0.296770886179544
-0.1,original_static,bot,QR_motioncap_brushless_Light_bot_NoWind_test5,kt_rmse_3d_cm,0.962038661704038
-0.1,original_static,bot,QR_motioncap_brushless_Light_bot_NoWind_test1,kalman_pos_std_3d_cm,0.259837322501481
-0.1,original_static,bot,QR_motioncap_brushless_Light_bot_NoWind_test2,kalman_pos_std_3d_cm,0.690656423495506
-0.1,original_static,bot,QR_motioncap_brushless_Light_bot_NoWind_test3,kalman_pos_std_3d_cm,-0.0797257637748103
-0.1,original_static,bot,QR_motioncap_brushless_Light_bot_NoWind_test4,kalman_pos_std_3d_cm,0.234936267909035
-0.1,original_static,bot,QR_motioncap_brushless_Light_bot_NoWind_test5,kalman_pos_std_3d_cm,0.983517549982861
-0.1,original_static,bot,QR_motioncap_brushless_Light_bot_NoWind_test1,rpy_std_deg,0.592358974568723
-0.1,original_static,bot,QR_motioncap_brushless_Light_bot_NoWind_test2,rpy_std_deg,0.255244597176611
-0.1,original_static,bot,QR_motioncap_brushless_Light_bot_NoWind_test3,rpy_std_deg,1.07010632012139
-0.1,original_static,bot,QR_motioncap_brushless_Light_bot_NoWind_test4,rpy_std_deg,0.647739851977787
-0.1,original_static,bot,QR_motioncap_brushless_Light_bot_NoWind_test5,rpy_std_deg,0.771083739166318
-0.1,original_static,mid,QR_motioncap_brushless_Light_mid_NoWind_test1,vt_rmse_3d_cm,-0.305122054985915
-0.1,original_static,mid,QR_motioncap_brushless_Light_mid_NoWind_test2,vt_rmse_3d_cm,0.250221729643046
-0.1,original_static,mid,QR_motioncap_brushless_Light_mid_NoWind_test3,vt_rmse_3d_cm,0.279874581667648
-0.1,original_static,mid,QR_motioncap_brushless_Light_mid_NoWind_test4,vt_rmse_3d_cm,0.0076523028921498
-0.1,original_static,mid,QR_motioncap_brushless_Light_mid_NoWind_test5,vt_rmse_3d_cm,-0.112471844149681
-0.1,original_static,mid,QR_motioncap_brushless_Light_mid_NoWind_test1,visual_dispersion_3d_cm,-0.731773828694545
-0.1,original_static,mid,QR_motioncap_brushless_Light_mid_NoWind_test2,visual_dispersion_3d_cm,-0.0198178716584145
-0.1,original_static,mid,QR_motioncap_brushless_Light_mid_NoWind_test3,visual_dispersion_3d_cm,-0.169343415619512
-0.1,original_static,mid,QR_motioncap_brushless_Light_mid_NoWind_test4,visual_dispersion_3d_cm,-0.203529643783952
-0.1,original_static,mid,QR_motioncap_brushless_Light_mid_NoWind_test5,visual_dispersion_3d_cm,-0.488107108241731
-0.1,original_static,mid,QR_motioncap_brushless_Light_mid_NoWind_test1,vk_rmse_3d_cm,-0.353158244651385
-0.1,original_static,mid,QR_motioncap_brushless_Light_mid_NoWind_test2,vk_rmse_3d_cm,0.316783470370722
-0.1,original_static,mid,QR_motioncap_brushless_Light_mid_NoWind_test3,vk_rmse_3d_cm,0.418744703177141
-0.1,original_static,mid,QR_motioncap_brushless_Light_mid_NoWind_test4,vk_rmse_3d_cm,0.372700157339779
-0.1,original_static,mid,QR_motioncap_brushless_Light_mid_NoWind_test5,vk_rmse_3d_cm,0.16668469041791
-0.1,original_static,mid,QR_motioncap_brushless_Light_mid_NoWind_test1,kt_rmse_3d_cm,-0.785113589062196
-0.1,original_static,mid,QR_motioncap_brushless_Light_mid_NoWind_test2,kt_rmse_3d_cm,-0.634428258325159
-0.1,original_static,mid,QR_motioncap_brushless_Light_mid_NoWind_test3,kt_rmse_3d_cm,0.0443662414283446
-0.1,original_static,mid,QR_motioncap_brushless_Light_mid_NoWind_test4,kt_rmse_3d_cm,-0.587679219253423
-0.1,original_static,mid,QR_motioncap_brushless_Light_mid_NoWind_test5,kt_rmse_3d_cm,-0.0922278378199981
-0.1,original_static,mid,QR_motioncap_brushless_Light_mid_NoWind_test1,kalman_pos_std_3d_cm,-0.844861812453692
-0.1,original_static,mid,QR_motioncap_brushless_Light_mid_NoWind_test2,kalman_pos_std_3d_cm,-0.664375995764348
-0.1,original_static,mid,QR_motioncap_brushless_Light_mid_NoWind_test3,kalman_pos_std_3d_cm,0.0494092261407242
-0.1,original_static,mid,QR_motioncap_brushless_Light_mid_NoWind_test4,kalman_pos_std_3d_cm,-0.577736914597212
-0.1,original_static,mid,QR_motioncap_brushless_Light_mid_NoWind_test5,kalman_pos_std_3d_cm,-0.114358452666088
-0.1,original_static,mid,QR_motioncap_brushless_Light_mid_NoWind_test1,rpy_std_deg,-3.16545833529333
-0.1,original_static,mid,QR_motioncap_brushless_Light_mid_NoWind_test2,rpy_std_deg,-0.862108267868095
-0.1,original_static,mid,QR_motioncap_brushless_Light_mid_NoWind_test3,rpy_std_deg,-1.91544366595953
-0.1,original_static,mid,QR_motioncap_brushless_Light_mid_NoWind_test4,rpy_std_deg,-1.16536228657465
-0.1,original_static,mid,QR_motioncap_brushless_Light_mid_NoWind_test5,rpy_std_deg,-1.5873022930947
-0.1,original_static,top,QR_motioncap_brushless_Light_top_NoWind_test1,vt_rmse_3d_cm,0.878274031907142
-0.1,original_static,top,QR_motioncap_brushless_Light_top_NoWind_test2,vt_rmse_3d_cm,1.87830593184119
-0.1,original_static,top,QR_motioncap_brushless_Light_top_NoWind_test3,vt_rmse_3d_cm,2.24144221802294
-0.1,original_static,top,QR_motioncap_brushless_Light_top_NoWind_test4,vt_rmse_3d_cm,1.85751279617409
-0.1,original_static,top,QR_motioncap_brushless_Light_top_NoWind_test5,vt_rmse_3d_cm,2.05784885558867
-0.1,original_static,top,QR_motioncap_brushless_Light_top_NoWind_test1,visual_dispersion_3d_cm,1.40550763974135
-0.1,original_static,top,QR_motioncap_brushless_Light_top_NoWind_test2,visual_dispersion_3d_cm,2.26129507139731
-0.1,original_static,top,QR_motioncap_brushless_Light_top_NoWind_test3,visual_dispersion_3d_cm,2.47380566801021
-0.1,original_static,top,QR_motioncap_brushless_Light_top_NoWind_test4,visual_dispersion_3d_cm,2.37173483598015
-0.1,original_static,top,QR_motioncap_brushless_Light_top_NoWind_test5,visual_dispersion_3d_cm,1.72092643059643
-0.1,original_static,top,QR_motioncap_brushless_Light_top_NoWind_test1,vk_rmse_3d_cm,0.595768849310794
-0.1,original_static,top,QR_motioncap_brushless_Light_top_NoWind_test2,vk_rmse_3d_cm,2.03269784921284
-0.1,original_static,top,QR_motioncap_brushless_Light_top_NoWind_test3,vk_rmse_3d_cm,2.50555370877362
-0.1,original_static,top,QR_motioncap_brushless_Light_top_NoWind_test4,vk_rmse_3d_cm,2.11231576155338
-0.1,original_static,top,QR_motioncap_brushless_Light_top_NoWind_test5,vk_rmse_3d_cm,1.69381067542764
-0.1,original_static,top,QR_motioncap_brushless_Light_top_NoWind_test1,kt_rmse_3d_cm,0.57639986461511
-0.1,original_static,top,QR_motioncap_brushless_Light_top_NoWind_test2,kt_rmse_3d_cm,0.66266678872667
-0.1,original_static,top,QR_motioncap_brushless_Light_top_NoWind_test3,kt_rmse_3d_cm,1.00728006714794
-0.1,original_static,top,QR_motioncap_brushless_Light_top_NoWind_test4,kt_rmse_3d_cm,1.32942047050527
-0.1,original_static,top,QR_motioncap_brushless_Light_top_NoWind_test5,kt_rmse_3d_cm,0.759813602943496
-0.1,original_static,top,QR_motioncap_brushless_Light_top_NoWind_test1,kalman_pos_std_3d_cm,0.831550155564787
-0.1,original_static,top,QR_motioncap_brushless_Light_top_NoWind_test2,kalman_pos_std_3d_cm,0.997862544450297
-0.1,original_static,top,QR_motioncap_brushless_Light_top_NoWind_test3,kalman_pos_std_3d_cm,1.35640075336553
-0.1,original_static,top,QR_motioncap_brushless_Light_top_NoWind_test4,kalman_pos_std_3d_cm,1.66974616034951
-0.1,original_static,top,QR_motioncap_brushless_Light_top_NoWind_test5,kalman_pos_std_3d_cm,0.997794558656803
-0.1,original_static,top,QR_motioncap_brushless_Light_top_NoWind_test1,rpy_std_deg,2.63047917277654
-0.1,original_static,top,QR_motioncap_brushless_Light_top_NoWind_test2,rpy_std_deg,4.89168551434681
-0.1,original_static,top,QR_motioncap_brushless_Light_top_NoWind_test3,rpy_std_deg,4.63230406085387
-0.1,original_static,top,QR_motioncap_brushless_Light_top_NoWind_test4,rpy_std_deg,4.78662222116438
-0.1,original_static,top,QR_motioncap_brushless_Light_top_NoWind_test5,rpy_std_deg,3.54174704923941
-0.05,attitude_absolute,bot,QR_motioncap_brushless_Light_bot_NoWind_test1,vt_rmse_3d_cm,0.819579923775542
-0.05,attitude_absolute,bot,QR_motioncap_brushless_Light_bot_NoWind_test2,vt_rmse_3d_cm,0.628837288663501
-0.05,attitude_absolute,bot,QR_motioncap_brushless_Light_bot_NoWind_test3,vt_rmse_3d_cm,0.255206723136955
-0.05,attitude_absolute,bot,QR_motioncap_brushless_Light_bot_NoWind_test4,vt_rmse_3d_cm,0.181997847962386
-0.05,attitude_absolute,bot,QR_motioncap_brushless_Light_bot_NoWind_test5,vt_rmse_3d_cm,0.624550615513991
-0.05,attitude_absolute,bot,QR_motioncap_brushless_Light_bot_NoWind_test1,visual_dispersion_3d_cm,0.22503373428776
-0.05,attitude_absolute,bot,QR_motioncap_brushless_Light_bot_NoWind_test2,visual_dispersion_3d_cm,0.742421017914483
-0.05,attitude_absolute,bot,QR_motioncap_brushless_Light_bot_NoWind_test3,visual_dispersion_3d_cm,0.124228122767019
-0.05,attitude_absolute,bot,QR_motioncap_brushless_Light_bot_NoWind_test4,visual_dispersion_3d_cm,0.268437032837146
-0.05,attitude_absolute,bot,QR_motioncap_brushless_Light_bot_NoWind_test5,visual_dispersion_3d_cm,0.816685498856032
-0.05,attitude_absolute,bot,QR_motioncap_brushless_Light_bot_NoWind_test1,vk_rmse_3d_cm,0.967980205438441
-0.05,attitude_absolute,bot,QR_motioncap_brushless_Light_bot_NoWind_test2,vk_rmse_3d_cm,0.242909091132306
-0.05,attitude_absolute,bot,QR_motioncap_brushless_Light_bot_NoWind_test3,vk_rmse_3d_cm,0.230066156012963
-0.05,attitude_absolute,bot,QR_motioncap_brushless_Light_bot_NoWind_test4,vk_rmse_3d_cm,0.0314848644465209
-0.05,attitude_absolute,bot,QR_motioncap_brushless_Light_bot_NoWind_test5,vk_rmse_3d_cm,0.414545692194642
-0.05,attitude_absolute,bot,QR_motioncap_brushless_Light_bot_NoWind_test1,kt_rmse_3d_cm,0.26927406212469
-0.05,attitude_absolute,bot,QR_motioncap_brushless_Light_bot_NoWind_test2,kt_rmse_3d_cm,0.636643983763017
-0.05,attitude_absolute,bot,QR_motioncap_brushless_Light_bot_NoWind_test3,kt_rmse_3d_cm,-0.0052063997449534
-0.05,attitude_absolute,bot,QR_motioncap_brushless_Light_bot_NoWind_test4,kt_rmse_3d_cm,0.286109765648548
-0.05,attitude_absolute,bot,QR_motioncap_brushless_Light_bot_NoWind_test5,kt_rmse_3d_cm,0.952935882589393
-0.05,attitude_absolute,bot,QR_motioncap_brushless_Light_bot_NoWind_test1,kalman_pos_std_3d_cm,0.267303213507835
-0.05,attitude_absolute,bot,QR_motioncap_brushless_Light_bot_NoWind_test2,kalman_pos_std_3d_cm,0.666264845818707
-0.05,attitude_absolute,bot,QR_motioncap_brushless_Light_bot_NoWind_test3,kalman_pos_std_3d_cm,-0.0830103805124076
-0.05,attitude_absolute,bot,QR_motioncap_brushless_Light_bot_NoWind_test4,kalman_pos_std_3d_cm,0.227339073954286
-0.05,attitude_absolute,bot,QR_motioncap_brushless_Light_bot_NoWind_test5,kalman_pos_std_3d_cm,0.973170019929237
-0.05,attitude_absolute,bot,QR_motioncap_brushless_Light_bot_NoWind_test1,rpy_std_deg,0.586152564748892
-0.05,attitude_absolute,bot,QR_motioncap_brushless_Light_bot_NoWind_test2,rpy_std_deg,0.25687719684812
-0.05,attitude_absolute,bot,QR_motioncap_brushless_Light_bot_NoWind_test3,rpy_std_deg,1.0744959653592
-0.05,attitude_absolute,bot,QR_motioncap_brushless_Light_bot_NoWind_test4,rpy_std_deg,0.657069356561292
-0.05,attitude_absolute,bot,QR_motioncap_brushless_Light_bot_NoWind_test5,rpy_std_deg,0.77020325721817
-0.05,attitude_absolute,mid,QR_motioncap_brushless_Light_mid_NoWind_test1,vt_rmse_3d_cm,-0.110671835098696
-0.05,attitude_absolute,mid,QR_motioncap_brushless_Light_mid_NoWind_test2,vt_rmse_3d_cm,-0.139101585560858
-0.05,attitude_absolute,mid,QR_motioncap_brushless_Light_mid_NoWind_test3,vt_rmse_3d_cm,0.651681792547359
-0.05,attitude_absolute,mid,QR_motioncap_brushless_Light_mid_NoWind_test4,vt_rmse_3d_cm,0.00691618110068815
-0.05,attitude_absolute,mid,QR_motioncap_brushless_Light_mid_NoWind_test5,vt_rmse_3d_cm,0.417935812197844
-0.05,attitude_absolute,mid,QR_motioncap_brushless_Light_mid_NoWind_test1,visual_dispersion_3d_cm,-0.56508639729343
-0.05,attitude_absolute,mid,QR_motioncap_brushless_Light_mid_NoWind_test2,visual_dispersion_3d_cm,-0.42371343261647
-0.05,attitude_absolute,mid,QR_motioncap_brushless_Light_mid_NoWind_test3,visual_dispersion_3d_cm,0.292916244237043
-0.05,attitude_absolute,mid,QR_motioncap_brushless_Light_mid_NoWind_test4,visual_dispersion_3d_cm,-0.379985267303118
-0.05,attitude_absolute,mid,QR_motioncap_brushless_Light_mid_NoWind_test5,visual_dispersion_3d_cm,-0.0268332093382035
-0.05,attitude_absolute,mid,QR_motioncap_brushless_Light_mid_NoWind_test1,vk_rmse_3d_cm,0.714689237309557
-0.05,attitude_absolute,mid,QR_motioncap_brushless_Light_mid_NoWind_test2,vk_rmse_3d_cm,0.862070731941447
-0.05,attitude_absolute,mid,QR_motioncap_brushless_Light_mid_NoWind_test3,vk_rmse_3d_cm,1.41252846999972
-0.05,attitude_absolute,mid,QR_motioncap_brushless_Light_mid_NoWind_test4,vk_rmse_3d_cm,0.796576344967321
-0.05,attitude_absolute,mid,QR_motioncap_brushless_Light_mid_NoWind_test5,vk_rmse_3d_cm,0.743595045572094
-0.05,attitude_absolute,mid,QR_motioncap_brushless_Light_mid_NoWind_test1,kt_rmse_3d_cm,-0.79502224531587
-0.05,attitude_absolute,mid,QR_motioncap_brushless_Light_mid_NoWind_test2,kt_rmse_3d_cm,-0.638121097394795
-0.05,attitude_absolute,mid,QR_motioncap_brushless_Light_mid_NoWind_test3,kt_rmse_3d_cm,0.0182429112559039
-0.05,attitude_absolute,mid,QR_motioncap_brushless_Light_mid_NoWind_test4,kt_rmse_3d_cm,-0.599873119417509
-0.05,attitude_absolute,mid,QR_motioncap_brushless_Light_mid_NoWind_test5,kt_rmse_3d_cm,-0.165595981431629
-0.05,attitude_absolute,mid,QR_motioncap_brushless_Light_mid_NoWind_test1,kalman_pos_std_3d_cm,-0.8538735111409
-0.05,attitude_absolute,mid,QR_motioncap_brushless_Light_mid_NoWind_test2,kalman_pos_std_3d_cm,-0.668450636331559
-0.05,attitude_absolute,mid,QR_motioncap_brushless_Light_mid_NoWind_test3,kalman_pos_std_3d_cm,0.0223368659579379
-0.05,attitude_absolute,mid,QR_motioncap_brushless_Light_mid_NoWind_test4,kalman_pos_std_3d_cm,-0.591193458576223
-0.05,attitude_absolute,mid,QR_motioncap_brushless_Light_mid_NoWind_test5,kalman_pos_std_3d_cm,-0.190374960294329
-0.05,attitude_absolute,mid,QR_motioncap_brushless_Light_mid_NoWind_test1,rpy_std_deg,-3.17107697367002
-0.05,attitude_absolute,mid,QR_motioncap_brushless_Light_mid_NoWind_test2,rpy_std_deg,-0.876205496046617
-0.05,attitude_absolute,mid,QR_motioncap_brushless_Light_mid_NoWind_test3,rpy_std_deg,-1.91185181281651
-0.05,attitude_absolute,mid,QR_motioncap_brushless_Light_mid_NoWind_test4,rpy_std_deg,-1.16693361004668
-0.05,attitude_absolute,mid,QR_motioncap_brushless_Light_mid_NoWind_test5,rpy_std_deg,-1.55753972472587
-0.05,attitude_absolute,top,QR_motioncap_brushless_Light_top_NoWind_test1,vt_rmse_3d_cm,0.878356618962858
-0.05,attitude_absolute,top,QR_motioncap_brushless_Light_top_NoWind_test2,vt_rmse_3d_cm,0.61927614684854
-0.05,attitude_absolute,top,QR_motioncap_brushless_Light_top_NoWind_test3,vt_rmse_3d_cm,1.07859693032376
-0.05,attitude_absolute,top,QR_motioncap_brushless_Light_top_NoWind_test4,vt_rmse_3d_cm,1.34623242317235
-0.05,attitude_absolute,top,QR_motioncap_brushless_Light_top_NoWind_test5,vt_rmse_3d_cm,0.914036916466992
-0.05,attitude_absolute,top,QR_motioncap_brushless_Light_top_NoWind_test1,visual_dispersion_3d_cm,1.18238974798406
-0.05,attitude_absolute,top,QR_motioncap_brushless_Light_top_NoWind_test2,visual_dispersion_3d_cm,1.35077733555455
-0.05,attitude_absolute,top,QR_motioncap_brushless_Light_top_NoWind_test3,visual_dispersion_3d_cm,1.65184947591495
-0.05,attitude_absolute,top,QR_motioncap_brushless_Light_top_NoWind_test4,visual_dispersion_3d_cm,2.01651588636768
-0.05,attitude_absolute,top,QR_motioncap_brushless_Light_top_NoWind_test5,visual_dispersion_3d_cm,1.36365026828804
-0.05,attitude_absolute,top,QR_motioncap_brushless_Light_top_NoWind_test1,vk_rmse_3d_cm,0.83727548223182
-0.05,attitude_absolute,top,QR_motioncap_brushless_Light_top_NoWind_test2,vk_rmse_3d_cm,0.76043285555887
-0.05,attitude_absolute,top,QR_motioncap_brushless_Light_top_NoWind_test3,vk_rmse_3d_cm,1.19863591346026
-0.05,attitude_absolute,top,QR_motioncap_brushless_Light_top_NoWind_test4,vk_rmse_3d_cm,0.824987842441882
-0.05,attitude_absolute,top,QR_motioncap_brushless_Light_top_NoWind_test5,vk_rmse_3d_cm,0.80653541682512
-0.05,attitude_absolute,top,QR_motioncap_brushless_Light_top_NoWind_test1,kt_rmse_3d_cm,0.587390503206724
-0.05,attitude_absolute,top,QR_motioncap_brushless_Light_top_NoWind_test2,kt_rmse_3d_cm,0.67685811611887
-0.05,attitude_absolute,top,QR_motioncap_brushless_Light_top_NoWind_test3,kt_rmse_3d_cm,1.01825921140766
-0.05,attitude_absolute,top,QR_motioncap_brushless_Light_top_NoWind_test4,kt_rmse_3d_cm,1.35003228847186
-0.05,attitude_absolute,top,QR_motioncap_brushless_Light_top_NoWind_test5,kt_rmse_3d_cm,0.762220537627095
-0.05,attitude_absolute,top,QR_motioncap_brushless_Light_top_NoWind_test1,kalman_pos_std_3d_cm,0.843337104042285
-0.05,attitude_absolute,top,QR_motioncap_brushless_Light_top_NoWind_test2,kalman_pos_std_3d_cm,1.01174670688507
-0.05,attitude_absolute,top,QR_motioncap_brushless_Light_top_NoWind_test3,kalman_pos_std_3d_cm,1.3672644814494
-0.05,attitude_absolute,top,QR_motioncap_brushless_Light_top_NoWind_test4,kalman_pos_std_3d_cm,1.68868486334803
-0.05,attitude_absolute,top,QR_motioncap_brushless_Light_top_NoWind_test5,kalman_pos_std_3d_cm,1.0023362669731
-0.05,attitude_absolute,top,QR_motioncap_brushless_Light_top_NoWind_test1,rpy_std_deg,2.63271478862148
-0.05,attitude_absolute,top,QR_motioncap_brushless_Light_top_NoWind_test2,rpy_std_deg,4.88647985449014
-0.05,attitude_absolute,top,QR_motioncap_brushless_Light_top_NoWind_test3,rpy_std_deg,4.63581365032368
-0.05,attitude_absolute,top,QR_motioncap_brushless_Light_top_NoWind_test4,rpy_std_deg,4.78272130648884
-0.05,attitude_absolute,top,QR_motioncap_brushless_Light_top_NoWind_test5,rpy_std_deg,3.53061345708298
-0.05,attitude_run_centered,bot,QR_motioncap_brushless_Light_bot_NoWind_test1,vt_rmse_3d_cm,0.819587441415115
-0.05,attitude_run_centered,bot,QR_motioncap_brushless_Light_bot_NoWind_test2,vt_rmse_3d_cm,0.611842026090353
-0.05,attitude_run_centered,bot,QR_motioncap_brushless_Light_bot_NoWind_test3,vt_rmse_3d_cm,0.268135819929403
-0.05,attitude_run_centered,bot,QR_motioncap_brushless_Light_bot_NoWind_test4,vt_rmse_3d_cm,0.168051010353082
-0.05,attitude_run_centered,bot,QR_motioncap_brushless_Light_bot_NoWind_test5,vt_rmse_3d_cm,0.62303959300452
-0.05,attitude_run_centered,bot,QR_motioncap_brushless_Light_bot_NoWind_test1,visual_dispersion_3d_cm,0.225089578775163
-0.05,attitude_run_centered,bot,QR_motioncap_brushless_Light_bot_NoWind_test2,visual_dispersion_3d_cm,0.742215386247289
-0.05,attitude_run_centered,bot,QR_motioncap_brushless_Light_bot_NoWind_test3,visual_dispersion_3d_cm,0.124064937382808
-0.05,attitude_run_centered,bot,QR_motioncap_brushless_Light_bot_NoWind_test4,visual_dispersion_3d_cm,0.268669558245668
-0.05,attitude_run_centered,bot,QR_motioncap_brushless_Light_bot_NoWind_test5,visual_dispersion_3d_cm,0.816448036334038
-0.05,attitude_run_centered,bot,QR_motioncap_brushless_Light_bot_NoWind_test1,vk_rmse_3d_cm,0.970223441797949
-0.05,attitude_run_centered,bot,QR_motioncap_brushless_Light_bot_NoWind_test2,vk_rmse_3d_cm,0.225974170528911
-0.05,attitude_run_centered,bot,QR_motioncap_brushless_Light_bot_NoWind_test3,vk_rmse_3d_cm,0.241481977942595
-0.05,attitude_run_centered,bot,QR_motioncap_brushless_Light_bot_NoWind_test4,vk_rmse_3d_cm,-0.000389738529262385
-0.05,attitude_run_centered,bot,QR_motioncap_brushless_Light_bot_NoWind_test5,vk_rmse_3d_cm,0.413125103916689
-0.05,attitude_run_centered,bot,QR_motioncap_brushless_Light_bot_NoWind_test1,kt_rmse_3d_cm,0.26927406212469
-0.05,attitude_run_centered,bot,QR_motioncap_brushless_Light_bot_NoWind_test2,kt_rmse_3d_cm,0.636643983763017
-0.05,attitude_run_centered,bot,QR_motioncap_brushless_Light_bot_NoWind_test3,kt_rmse_3d_cm,-0.0052063997449534
-0.05,attitude_run_centered,bot,QR_motioncap_brushless_Light_bot_NoWind_test4,kt_rmse_3d_cm,0.286109765648548
-0.05,attitude_run_centered,bot,QR_motioncap_brushless_Light_bot_NoWind_test5,kt_rmse_3d_cm,0.952935882589393
-0.05,attitude_run_centered,bot,QR_motioncap_brushless_Light_bot_NoWind_test1,kalman_pos_std_3d_cm,0.267303213507835
-0.05,attitude_run_centered,bot,QR_motioncap_brushless_Light_bot_NoWind_test2,kalman_pos_std_3d_cm,0.666264845818707
-0.05,attitude_run_centered,bot,QR_motioncap_brushless_Light_bot_NoWind_test3,kalman_pos_std_3d_cm,-0.0830103805124076
-0.05,attitude_run_centered,bot,QR_motioncap_brushless_Light_bot_NoWind_test4,kalman_pos_std_3d_cm,0.227339073954286
-0.05,attitude_run_centered,bot,QR_motioncap_brushless_Light_bot_NoWind_test5,kalman_pos_std_3d_cm,0.973170019929237
-0.05,attitude_run_centered,bot,QR_motioncap_brushless_Light_bot_NoWind_test1,rpy_std_deg,0.586152564748892
-0.05,attitude_run_centered,bot,QR_motioncap_brushless_Light_bot_NoWind_test2,rpy_std_deg,0.25687719684812
-0.05,attitude_run_centered,bot,QR_motioncap_brushless_Light_bot_NoWind_test3,rpy_std_deg,1.0744959653592
-0.05,attitude_run_centered,bot,QR_motioncap_brushless_Light_bot_NoWind_test4,rpy_std_deg,0.657069356561292
-0.05,attitude_run_centered,bot,QR_motioncap_brushless_Light_bot_NoWind_test5,rpy_std_deg,0.77020325721817
-0.05,attitude_run_centered,mid,QR_motioncap_brushless_Light_mid_NoWind_test1,vt_rmse_3d_cm,-0.1085707538719
-0.05,attitude_run_centered,mid,QR_motioncap_brushless_Light_mid_NoWind_test2,vt_rmse_3d_cm,-0.127178345269856
-0.05,attitude_run_centered,mid,QR_motioncap_brushless_Light_mid_NoWind_test3,vt_rmse_3d_cm,0.708177436593906
-0.05,attitude_run_centered,mid,QR_motioncap_brushless_Light_mid_NoWind_test4,vt_rmse_3d_cm,-0.0640007252795125
-0.05,attitude_run_centered,mid,QR_motioncap_brushless_Light_mid_NoWind_test5,vt_rmse_3d_cm,0.455552167370234
-0.05,attitude_run_centered,mid,QR_motioncap_brushless_Light_mid_NoWind_test1,visual_dispersion_3d_cm,-0.565219929364311
-0.05,attitude_run_centered,mid,QR_motioncap_brushless_Light_mid_NoWind_test2,visual_dispersion_3d_cm,-0.424931260536412
-0.05,attitude_run_centered,mid,QR_motioncap_brushless_Light_mid_NoWind_test3,visual_dispersion_3d_cm,0.292080603256368
-0.05,attitude_run_centered,mid,QR_motioncap_brushless_Light_mid_NoWind_test4,visual_dispersion_3d_cm,-0.379683257929508
-0.05,attitude_run_centered,mid,QR_motioncap_brushless_Light_mid_NoWind_test5,visual_dispersion_3d_cm,-0.0270563346469253
-0.05,attitude_run_centered,mid,QR_motioncap_brushless_Light_mid_NoWind_test1,vk_rmse_3d_cm,0.761955979918187
-0.05,attitude_run_centered,mid,QR_motioncap_brushless_Light_mid_NoWind_test2,vk_rmse_3d_cm,0.890835114309709
-0.05,attitude_run_centered,mid,QR_motioncap_brushless_Light_mid_NoWind_test3,vk_rmse_3d_cm,1.48340610158196
-0.05,attitude_run_centered,mid,QR_motioncap_brushless_Light_mid_NoWind_test4,vk_rmse_3d_cm,0.696428415842527
-0.05,attitude_run_centered,mid,QR_motioncap_brushless_Light_mid_NoWind_test5,vk_rmse_3d_cm,0.770214837747346
-0.05,attitude_run_centered,mid,QR_motioncap_brushless_Light_mid_NoWind_test1,kt_rmse_3d_cm,-0.79502224531587
-0.05,attitude_run_centered,mid,QR_motioncap_brushless_Light_mid_NoWind_test2,kt_rmse_3d_cm,-0.638121097394795
-0.05,attitude_run_centered,mid,QR_motioncap_brushless_Light_mid_NoWind_test3,kt_rmse_3d_cm,0.0182429112559039
-0.05,attitude_run_centered,mid,QR_motioncap_brushless_Light_mid_NoWind_test4,kt_rmse_3d_cm,-0.599873119417509
-0.05,attitude_run_centered,mid,QR_motioncap_brushless_Light_mid_NoWind_test5,kt_rmse_3d_cm,-0.165595981431629
-0.05,attitude_run_centered,mid,QR_motioncap_brushless_Light_mid_NoWind_test1,kalman_pos_std_3d_cm,-0.8538735111409
-0.05,attitude_run_centered,mid,QR_motioncap_brushless_Light_mid_NoWind_test2,kalman_pos_std_3d_cm,-0.668450636331559
-0.05,attitude_run_centered,mid,QR_motioncap_brushless_Light_mid_NoWind_test3,kalman_pos_std_3d_cm,0.0223368659579379
-0.05,attitude_run_centered,mid,QR_motioncap_brushless_Light_mid_NoWind_test4,kalman_pos_std_3d_cm,-0.591193458576223
-0.05,attitude_run_centered,mid,QR_motioncap_brushless_Light_mid_NoWind_test5,kalman_pos_std_3d_cm,-0.190374960294329
-0.05,attitude_run_centered,mid,QR_motioncap_brushless_Light_mid_NoWind_test1,rpy_std_deg,-3.17107697367002
-0.05,attitude_run_centered,mid,QR_motioncap_brushless_Light_mid_NoWind_test2,rpy_std_deg,-0.876205496046617
-0.05,attitude_run_centered,mid,QR_motioncap_brushless_Light_mid_NoWind_test3,rpy_std_deg,-1.91185181281651
-0.05,attitude_run_centered,mid,QR_motioncap_brushless_Light_mid_NoWind_test4,rpy_std_deg,-1.16693361004668
-0.05,attitude_run_centered,mid,QR_motioncap_brushless_Light_mid_NoWind_test5,rpy_std_deg,-1.55753972472587
-0.05,attitude_run_centered,top,QR_motioncap_brushless_Light_top_NoWind_test1,vt_rmse_3d_cm,0.861779311339132
-0.05,attitude_run_centered,top,QR_motioncap_brushless_Light_top_NoWind_test2,vt_rmse_3d_cm,0.593246904851221
-0.05,attitude_run_centered,top,QR_motioncap_brushless_Light_top_NoWind_test3,vt_rmse_3d_cm,1.05373752819158
-0.05,attitude_run_centered,top,QR_motioncap_brushless_Light_top_NoWind_test4,vt_rmse_3d_cm,1.35049134647149
-0.05,attitude_run_centered,top,QR_motioncap_brushless_Light_top_NoWind_test5,vt_rmse_3d_cm,0.909637420127718
-0.05,attitude_run_centered,top,QR_motioncap_brushless_Light_top_NoWind_test1,visual_dispersion_3d_cm,1.18121523949047
-0.05,attitude_run_centered,top,QR_motioncap_brushless_Light_top_NoWind_test2,visual_dispersion_3d_cm,1.35127602733491
-0.05,attitude_run_centered,top,QR_motioncap_brushless_Light_top_NoWind_test3,visual_dispersion_3d_cm,1.65151890055238
-0.05,attitude_run_centered,top,QR_motioncap_brushless_Light_top_NoWind_test4,visual_dispersion_3d_cm,2.0171233991112
-0.05,attitude_run_centered,top,QR_motioncap_brushless_Light_top_NoWind_test5,visual_dispersion_3d_cm,1.36326690727075
-0.05,attitude_run_centered,top,QR_motioncap_brushless_Light_top_NoWind_test1,vk_rmse_3d_cm,0.81307753712616
-0.05,attitude_run_centered,top,QR_motioncap_brushless_Light_top_NoWind_test2,vk_rmse_3d_cm,0.739597475204265
-0.05,attitude_run_centered,top,QR_motioncap_brushless_Light_top_NoWind_test3,vk_rmse_3d_cm,1.17461042663985
-0.05,attitude_run_centered,top,QR_motioncap_brushless_Light_top_NoWind_test4,vk_rmse_3d_cm,0.831305355672898
-0.05,attitude_run_centered,top,QR_motioncap_brushless_Light_top_NoWind_test5,vk_rmse_3d_cm,0.792649052884014
-0.05,attitude_run_centered,top,QR_motioncap_brushless_Light_top_NoWind_test1,kt_rmse_3d_cm,0.587390503206724
-0.05,attitude_run_centered,top,QR_motioncap_brushless_Light_top_NoWind_test2,kt_rmse_3d_cm,0.67685811611887
-0.05,attitude_run_centered,top,QR_motioncap_brushless_Light_top_NoWind_test3,kt_rmse_3d_cm,1.01825921140766
-0.05,attitude_run_centered,top,QR_motioncap_brushless_Light_top_NoWind_test4,kt_rmse_3d_cm,1.35003228847186
-0.05,attitude_run_centered,top,QR_motioncap_brushless_Light_top_NoWind_test5,kt_rmse_3d_cm,0.762220537627095
-0.05,attitude_run_centered,top,QR_motioncap_brushless_Light_top_NoWind_test1,kalman_pos_std_3d_cm,0.843337104042285
-0.05,attitude_run_centered,top,QR_motioncap_brushless_Light_top_NoWind_test2,kalman_pos_std_3d_cm,1.01174670688507
-0.05,attitude_run_centered,top,QR_motioncap_brushless_Light_top_NoWind_test3,kalman_pos_std_3d_cm,1.3672644814494
-0.05,attitude_run_centered,top,QR_motioncap_brushless_Light_top_NoWind_test4,kalman_pos_std_3d_cm,1.68868486334803
-0.05,attitude_run_centered,top,QR_motioncap_brushless_Light_top_NoWind_test5,kalman_pos_std_3d_cm,1.0023362669731
-0.05,attitude_run_centered,top,QR_motioncap_brushless_Light_top_NoWind_test1,rpy_std_deg,2.63271478862148
-0.05,attitude_run_centered,top,QR_motioncap_brushless_Light_top_NoWind_test2,rpy_std_deg,4.88647985449014
-0.05,attitude_run_centered,top,QR_motioncap_brushless_Light_top_NoWind_test3,rpy_std_deg,4.63581365032368
-0.05,attitude_run_centered,top,QR_motioncap_brushless_Light_top_NoWind_test4,rpy_std_deg,4.78272130648884
-0.05,attitude_run_centered,top,QR_motioncap_brushless_Light_top_NoWind_test5,rpy_std_deg,3.53061345708298
-0.05,original_static,bot,QR_motioncap_brushless_Light_bot_NoWind_test1,vt_rmse_3d_cm,1.35093665573243
-0.05,original_static,bot,QR_motioncap_brushless_Light_bot_NoWind_test2,vt_rmse_3d_cm,0.60527148755289
-0.05,original_static,bot,QR_motioncap_brushless_Light_bot_NoWind_test3,vt_rmse_3d_cm,0.395924085449236
-0.05,original_static,bot,QR_motioncap_brushless_Light_bot_NoWind_test4,vt_rmse_3d_cm,0.508158206593469
-0.05,original_static,bot,QR_motioncap_brushless_Light_bot_NoWind_test5,vt_rmse_3d_cm,0.397382848841543
-0.05,original_static,bot,QR_motioncap_brushless_Light_bot_NoWind_test1,visual_dispersion_3d_cm,0.699647315684498
-0.05,original_static,bot,QR_motioncap_brushless_Light_bot_NoWind_test2,visual_dispersion_3d_cm,0.73300504876721
-0.05,original_static,bot,QR_motioncap_brushless_Light_bot_NoWind_test3,visual_dispersion_3d_cm,0.314801654244595
-0.05,original_static,bot,QR_motioncap_brushless_Light_bot_NoWind_test4,visual_dispersion_3d_cm,0.574206464719778
-0.05,original_static,bot,QR_motioncap_brushless_Light_bot_NoWind_test5,visual_dispersion_3d_cm,0.564153324751435
-0.05,original_static,bot,QR_motioncap_brushless_Light_bot_NoWind_test1,vk_rmse_3d_cm,1.29793214488168
-0.05,original_static,bot,QR_motioncap_brushless_Light_bot_NoWind_test2,vk_rmse_3d_cm,0.106428796504275
-0.05,original_static,bot,QR_motioncap_brushless_Light_bot_NoWind_test3,vk_rmse_3d_cm,0.72874735817678
-0.05,original_static,bot,QR_motioncap_brushless_Light_bot_NoWind_test4,vk_rmse_3d_cm,0.191830247616858
-0.05,original_static,bot,QR_motioncap_brushless_Light_bot_NoWind_test5,vk_rmse_3d_cm,0.313458057256005
-0.05,original_static,bot,QR_motioncap_brushless_Light_bot_NoWind_test1,kt_rmse_3d_cm,0.26927406212469
-0.05,original_static,bot,QR_motioncap_brushless_Light_bot_NoWind_test2,kt_rmse_3d_cm,0.636643983763017
-0.05,original_static,bot,QR_motioncap_brushless_Light_bot_NoWind_test3,kt_rmse_3d_cm,-0.0052063997449534
-0.05,original_static,bot,QR_motioncap_brushless_Light_bot_NoWind_test4,kt_rmse_3d_cm,0.286109765648548
-0.05,original_static,bot,QR_motioncap_brushless_Light_bot_NoWind_test5,kt_rmse_3d_cm,0.952935882589393
-0.05,original_static,bot,QR_motioncap_brushless_Light_bot_NoWind_test1,kalman_pos_std_3d_cm,0.267303213507835
-0.05,original_static,bot,QR_motioncap_brushless_Light_bot_NoWind_test2,kalman_pos_std_3d_cm,0.666264845818707
-0.05,original_static,bot,QR_motioncap_brushless_Light_bot_NoWind_test3,kalman_pos_std_3d_cm,-0.0830103805124076
-0.05,original_static,bot,QR_motioncap_brushless_Light_bot_NoWind_test4,kalman_pos_std_3d_cm,0.227339073954286
-0.05,original_static,bot,QR_motioncap_brushless_Light_bot_NoWind_test5,kalman_pos_std_3d_cm,0.973170019929237
-0.05,original_static,bot,QR_motioncap_brushless_Light_bot_NoWind_test1,rpy_std_deg,0.586152564748892
-0.05,original_static,bot,QR_motioncap_brushless_Light_bot_NoWind_test2,rpy_std_deg,0.25687719684812
-0.05,original_static,bot,QR_motioncap_brushless_Light_bot_NoWind_test3,rpy_std_deg,1.0744959653592
-0.05,original_static,bot,QR_motioncap_brushless_Light_bot_NoWind_test4,rpy_std_deg,0.657069356561292
-0.05,original_static,bot,QR_motioncap_brushless_Light_bot_NoWind_test5,rpy_std_deg,0.77020325721817
-0.05,original_static,mid,QR_motioncap_brushless_Light_mid_NoWind_test1,vt_rmse_3d_cm,-0.305122054985915
-0.05,original_static,mid,QR_motioncap_brushless_Light_mid_NoWind_test2,vt_rmse_3d_cm,0.250221729643046
-0.05,original_static,mid,QR_motioncap_brushless_Light_mid_NoWind_test3,vt_rmse_3d_cm,0.279874581667648
-0.05,original_static,mid,QR_motioncap_brushless_Light_mid_NoWind_test4,vt_rmse_3d_cm,0.0076523028921498
-0.05,original_static,mid,QR_motioncap_brushless_Light_mid_NoWind_test5,vt_rmse_3d_cm,-0.112471844149681
-0.05,original_static,mid,QR_motioncap_brushless_Light_mid_NoWind_test1,visual_dispersion_3d_cm,-0.731773828694545
-0.05,original_static,mid,QR_motioncap_brushless_Light_mid_NoWind_test2,visual_dispersion_3d_cm,-0.0198178716584145
-0.05,original_static,mid,QR_motioncap_brushless_Light_mid_NoWind_test3,visual_dispersion_3d_cm,-0.169343415619512
-0.05,original_static,mid,QR_motioncap_brushless_Light_mid_NoWind_test4,visual_dispersion_3d_cm,-0.203529643783952
-0.05,original_static,mid,QR_motioncap_brushless_Light_mid_NoWind_test5,visual_dispersion_3d_cm,-0.488107108241731
-0.05,original_static,mid,QR_motioncap_brushless_Light_mid_NoWind_test1,vk_rmse_3d_cm,-0.435644550842897
-0.05,original_static,mid,QR_motioncap_brushless_Light_mid_NoWind_test2,vk_rmse_3d_cm,0.321868152280354
-0.05,original_static,mid,QR_motioncap_brushless_Light_mid_NoWind_test3,vk_rmse_3d_cm,0.393480323336695
-0.05,original_static,mid,QR_motioncap_brushless_Light_mid_NoWind_test4,vk_rmse_3d_cm,0.422276580093809
-0.05,original_static,mid,QR_motioncap_brushless_Light_mid_NoWind_test5,vk_rmse_3d_cm,0.108057444677268
-0.05,original_static,mid,QR_motioncap_brushless_Light_mid_NoWind_test1,kt_rmse_3d_cm,-0.79502224531587
-0.05,original_static,mid,QR_motioncap_brushless_Light_mid_NoWind_test2,kt_rmse_3d_cm,-0.638121097394795
-0.05,original_static,mid,QR_motioncap_brushless_Light_mid_NoWind_test3,kt_rmse_3d_cm,0.0182429112559039
-0.05,original_static,mid,QR_motioncap_brushless_Light_mid_NoWind_test4,kt_rmse_3d_cm,-0.599873119417509
-0.05,original_static,mid,QR_motioncap_brushless_Light_mid_NoWind_test5,kt_rmse_3d_cm,-0.165595981431629
-0.05,original_static,mid,QR_motioncap_brushless_Light_mid_NoWind_test1,kalman_pos_std_3d_cm,-0.8538735111409
-0.05,original_static,mid,QR_motioncap_brushless_Light_mid_NoWind_test2,kalman_pos_std_3d_cm,-0.668450636331559
-0.05,original_static,mid,QR_motioncap_brushless_Light_mid_NoWind_test3,kalman_pos_std_3d_cm,0.0223368659579379
-0.05,original_static,mid,QR_motioncap_brushless_Light_mid_NoWind_test4,kalman_pos_std_3d_cm,-0.591193458576223
-0.05,original_static,mid,QR_motioncap_brushless_Light_mid_NoWind_test5,kalman_pos_std_3d_cm,-0.190374960294329
-0.05,original_static,mid,QR_motioncap_brushless_Light_mid_NoWind_test1,rpy_std_deg,-3.17107697367002
-0.05,original_static,mid,QR_motioncap_brushless_Light_mid_NoWind_test2,rpy_std_deg,-0.876205496046617
-0.05,original_static,mid,QR_motioncap_brushless_Light_mid_NoWind_test3,rpy_std_deg,-1.91185181281651
-0.05,original_static,mid,QR_motioncap_brushless_Light_mid_NoWind_test4,rpy_std_deg,-1.16693361004668
-0.05,original_static,mid,QR_motioncap_brushless_Light_mid_NoWind_test5,rpy_std_deg,-1.55753972472587
-0.05,original_static,top,QR_motioncap_brushless_Light_top_NoWind_test1,vt_rmse_3d_cm,0.878274031907142
-0.05,original_static,top,QR_motioncap_brushless_Light_top_NoWind_test2,vt_rmse_3d_cm,1.87830593184119
-0.05,original_static,top,QR_motioncap_brushless_Light_top_NoWind_test3,vt_rmse_3d_cm,2.24144221802294
-0.05,original_static,top,QR_motioncap_brushless_Light_top_NoWind_test4,vt_rmse_3d_cm,1.85751279617409
-0.05,original_static,top,QR_motioncap_brushless_Light_top_NoWind_test5,vt_rmse_3d_cm,2.05784885558867
-0.05,original_static,top,QR_motioncap_brushless_Light_top_NoWind_test1,visual_dispersion_3d_cm,1.40550763974135
-0.05,original_static,top,QR_motioncap_brushless_Light_top_NoWind_test2,visual_dispersion_3d_cm,2.26129507139731
-0.05,original_static,top,QR_motioncap_brushless_Light_top_NoWind_test3,visual_dispersion_3d_cm,2.47380566801021
-0.05,original_static,top,QR_motioncap_brushless_Light_top_NoWind_test4,visual_dispersion_3d_cm,2.37173483598015
-0.05,original_static,top,QR_motioncap_brushless_Light_top_NoWind_test5,visual_dispersion_3d_cm,1.72092643059643
-0.05,original_static,top,QR_motioncap_brushless_Light_top_NoWind_test1,vk_rmse_3d_cm,0.572924134025677
-0.05,original_static,top,QR_motioncap_brushless_Light_top_NoWind_test2,vk_rmse_3d_cm,2.03986031711035
-0.05,original_static,top,QR_motioncap_brushless_Light_top_NoWind_test3,vk_rmse_3d_cm,2.48926111496108
-0.05,original_static,top,QR_motioncap_brushless_Light_top_NoWind_test4,vk_rmse_3d_cm,2.10609327810651
-0.05,original_static,top,QR_motioncap_brushless_Light_top_NoWind_test5,vk_rmse_3d_cm,1.7254019515756
-0.05,original_static,top,QR_motioncap_brushless_Light_top_NoWind_test1,kt_rmse_3d_cm,0.587390503206724
-0.05,original_static,top,QR_motioncap_brushless_Light_top_NoWind_test2,kt_rmse_3d_cm,0.67685811611887
-0.05,original_static,top,QR_motioncap_brushless_Light_top_NoWind_test3,kt_rmse_3d_cm,1.01825921140766
-0.05,original_static,top,QR_motioncap_brushless_Light_top_NoWind_test4,kt_rmse_3d_cm,1.35003228847186
-0.05,original_static,top,QR_motioncap_brushless_Light_top_NoWind_test5,kt_rmse_3d_cm,0.762220537627095
-0.05,original_static,top,QR_motioncap_brushless_Light_top_NoWind_test1,kalman_pos_std_3d_cm,0.843337104042285
-0.05,original_static,top,QR_motioncap_brushless_Light_top_NoWind_test2,kalman_pos_std_3d_cm,1.01174670688507
-0.05,original_static,top,QR_motioncap_brushless_Light_top_NoWind_test3,kalman_pos_std_3d_cm,1.3672644814494
-0.05,original_static,top,QR_motioncap_brushless_Light_top_NoWind_test4,kalman_pos_std_3d_cm,1.68868486334803
-0.05,original_static,top,QR_motioncap_brushless_Light_top_NoWind_test5,kalman_pos_std_3d_cm,1.0023362669731
-0.05,original_static,top,QR_motioncap_brushless_Light_top_NoWind_test1,rpy_std_deg,2.63271478862148
-0.05,original_static,top,QR_motioncap_brushless_Light_top_NoWind_test2,rpy_std_deg,4.88647985449014
-0.05,original_static,top,QR_motioncap_brushless_Light_top_NoWind_test3,rpy_std_deg,4.63581365032368
-0.05,original_static,top,QR_motioncap_brushless_Light_top_NoWind_test4,rpy_std_deg,4.78272130648884
-0.05,original_static,top,QR_motioncap_brushless_Light_top_NoWind_test5,rpy_std_deg,3.53061345708298
0,attitude_absolute,bot,QR_motioncap_brushless_Light_bot_NoWind_test1,vt_rmse_3d_cm,0.814216041872793
0,attitude_absolute,bot,QR_motioncap_brushless_Light_bot_NoWind_test2,vt_rmse_3d_cm,0.61519554582742
0,attitude_absolute,bot,QR_motioncap_brushless_Light_bot_NoWind_test3,vt_rmse_3d_cm,0.232037755751022
0,attitude_absolute,bot,QR_motioncap_brushless_Light_bot_NoWind_test4,vt_rmse_3d_cm,0.144097979462976
0,attitude_absolute,bot,QR_motioncap_brushless_Light_bot_NoWind_test5,vt_rmse_3d_cm,0.624557372676582
0,attitude_absolute,bot,QR_motioncap_brushless_Light_bot_NoWind_test1,visual_dispersion_3d_cm,0.190892887997072
0,attitude_absolute,bot,QR_motioncap_brushless_Light_bot_NoWind_test2,visual_dispersion_3d_cm,0.733182429387234
0,attitude_absolute,bot,QR_motioncap_brushless_Light_bot_NoWind_test3,visual_dispersion_3d_cm,0.110273071963664
0,attitude_absolute,bot,QR_motioncap_brushless_Light_bot_NoWind_test4,visual_dispersion_3d_cm,0.229868096628509
0,attitude_absolute,bot,QR_motioncap_brushless_Light_bot_NoWind_test5,visual_dispersion_3d_cm,0.820677652878526
0,attitude_absolute,bot,QR_motioncap_brushless_Light_bot_NoWind_test1,vk_rmse_3d_cm,0.97144481716523
0,attitude_absolute,bot,QR_motioncap_brushless_Light_bot_NoWind_test2,vk_rmse_3d_cm,0.211673239321633
0,attitude_absolute,bot,QR_motioncap_brushless_Light_bot_NoWind_test3,vk_rmse_3d_cm,0.243743654565741
0,attitude_absolute,bot,QR_motioncap_brushless_Light_bot_NoWind_test4,vk_rmse_3d_cm,0.0793293742702912
0,attitude_absolute,bot,QR_motioncap_brushless_Light_bot_NoWind_test5,vk_rmse_3d_cm,0.395263262774577
0,attitude_absolute,bot,QR_motioncap_brushless_Light_bot_NoWind_test1,kt_rmse_3d_cm,0.261637808580081
0,attitude_absolute,bot,QR_motioncap_brushless_Light_bot_NoWind_test2,kt_rmse_3d_cm,0.635608468207137
0,attitude_absolute,bot,QR_motioncap_brushless_Light_bot_NoWind_test3,kt_rmse_3d_cm,-0.024156779769934
0,attitude_absolute,bot,QR_motioncap_brushless_Light_bot_NoWind_test4,kt_rmse_3d_cm,0.308360833220646
0,attitude_absolute,bot,QR_motioncap_brushless_Light_bot_NoWind_test5,kt_rmse_3d_cm,0.944221012287971
0,attitude_absolute,bot,QR_motioncap_brushless_Light_bot_NoWind_test1,kalman_pos_std_3d_cm,0.261011215765972
0,attitude_absolute,bot,QR_motioncap_brushless_Light_bot_NoWind_test2,kalman_pos_std_3d_cm,0.668025001404963
0,attitude_absolute,bot,QR_motioncap_brushless_Light_bot_NoWind_test3,kalman_pos_std_3d_cm,-0.10237783758811
0,attitude_absolute,bot,QR_motioncap_brushless_Light_bot_NoWind_test4,kalman_pos_std_3d_cm,0.25381576072599
0,attitude_absolute,bot,QR_motioncap_brushless_Light_bot_NoWind_test5,kalman_pos_std_3d_cm,0.964405681668796
0,attitude_absolute,bot,QR_motioncap_brushless_Light_bot_NoWind_test1,rpy_std_deg,0.578965506607449
0,attitude_absolute,bot,QR_motioncap_brushless_Light_bot_NoWind_test2,rpy_std_deg,0.258905944508668
0,attitude_absolute,bot,QR_motioncap_brushless_Light_bot_NoWind_test3,rpy_std_deg,1.07752438138733
0,attitude_absolute,bot,QR_motioncap_brushless_Light_bot_NoWind_test4,rpy_std_deg,0.665469107926286
0,attitude_absolute,bot,QR_motioncap_brushless_Light_bot_NoWind_test5,rpy_std_deg,0.768982501476788
0,attitude_absolute,mid,QR_motioncap_brushless_Light_mid_NoWind_test1,vt_rmse_3d_cm,-0.0338228396553806
0,attitude_absolute,mid,QR_motioncap_brushless_Light_mid_NoWind_test2,vt_rmse_3d_cm,-0.149722116699484
0,attitude_absolute,mid,QR_motioncap_brushless_Light_mid_NoWind_test3,vt_rmse_3d_cm,0.63897662746886
0,attitude_absolute,mid,QR_motioncap_brushless_Light_mid_NoWind_test4,vt_rmse_3d_cm,-0.0397763250470686
0,attitude_absolute,mid,QR_motioncap_brushless_Light_mid_NoWind_test5,vt_rmse_3d_cm,0.461899140020144
0,attitude_absolute,mid,QR_motioncap_brushless_Light_mid_NoWind_test1,visual_dispersion_3d_cm,-0.484053356802561
0,attitude_absolute,mid,QR_motioncap_brushless_Light_mid_NoWind_test2,visual_dispersion_3d_cm,-0.431819566370709
0,attitude_absolute,mid,QR_motioncap_brushless_Light_mid_NoWind_test3,visual_dispersion_3d_cm,0.282858408902253
0,attitude_absolute,mid,QR_motioncap_brushless_Light_mid_NoWind_test4,visual_dispersion_3d_cm,-0.425071896426539
0,attitude_absolute,mid,QR_motioncap_brushless_Light_mid_NoWind_test5,visual_dispersion_3d_cm,0.0254930750821822
0,attitude_absolute,mid,QR_motioncap_brushless_Light_mid_NoWind_test1,vk_rmse_3d_cm,0.669694574884242
0,attitude_absolute,mid,QR_motioncap_brushless_Light_mid_NoWind_test2,vk_rmse_3d_cm,0.849421256775578
0,attitude_absolute,mid,QR_motioncap_brushless_Light_mid_NoWind_test3,vk_rmse_3d_cm,1.35027952882625
0,attitude_absolute,mid,QR_motioncap_brushless_Light_mid_NoWind_test4,vk_rmse_3d_cm,0.729837264612137
0,attitude_absolute,mid,QR_motioncap_brushless_Light_mid_NoWind_test5,vk_rmse_3d_cm,0.703676626832286
0,attitude_absolute,mid,QR_motioncap_brushless_Light_mid_NoWind_test1,kt_rmse_3d_cm,-0.806427468208184
0,attitude_absolute,mid,QR_motioncap_brushless_Light_mid_NoWind_test2,kt_rmse_3d_cm,-0.642842188481384
0,attitude_absolute,mid,QR_motioncap_brushless_Light_mid_NoWind_test3,kt_rmse_3d_cm,-0.000687509696803534
0,attitude_absolute,mid,QR_motioncap_brushless_Light_mid_NoWind_test4,kt_rmse_3d_cm,-0.619110210370265
0,attitude_absolute,mid,QR_motioncap_brushless_Light_mid_NoWind_test5,kt_rmse_3d_cm,-0.231503496679209
0,attitude_absolute,mid,QR_motioncap_brushless_Light_mid_NoWind_test1,kalman_pos_std_3d_cm,-0.864347763329679
0,attitude_absolute,mid,QR_motioncap_brushless_Light_mid_NoWind_test2,kalman_pos_std_3d_cm,-0.674040715915053
0,attitude_absolute,mid,QR_motioncap_brushless_Light_mid_NoWind_test3,kalman_pos_std_3d_cm,0.00290527394239293
0,attitude_absolute,mid,QR_motioncap_brushless_Light_mid_NoWind_test4,kalman_pos_std_3d_cm,-0.612012109876114
0,attitude_absolute,mid,QR_motioncap_brushless_Light_mid_NoWind_test5,kalman_pos_std_3d_cm,-0.258742122958342
0,attitude_absolute,mid,QR_motioncap_brushless_Light_mid_NoWind_test1,rpy_std_deg,-3.1774895274872
0,attitude_absolute,mid,QR_motioncap_brushless_Light_mid_NoWind_test2,rpy_std_deg,-0.891989593460304
0,attitude_absolute,mid,QR_motioncap_brushless_Light_mid_NoWind_test3,rpy_std_deg,-1.90859660912368
0,attitude_absolute,mid,QR_motioncap_brushless_Light_mid_NoWind_test4,rpy_std_deg,-1.16861552666675
0,attitude_absolute,mid,QR_motioncap_brushless_Light_mid_NoWind_test5,rpy_std_deg,-1.53829138197822
0,attitude_absolute,top,QR_motioncap_brushless_Light_top_NoWind_test1,vt_rmse_3d_cm,0.92733535862966
0,attitude_absolute,top,QR_motioncap_brushless_Light_top_NoWind_test2,vt_rmse_3d_cm,0.684402895976769
0,attitude_absolute,top,QR_motioncap_brushless_Light_top_NoWind_test3,vt_rmse_3d_cm,1.16759832881863
0,attitude_absolute,top,QR_motioncap_brushless_Light_top_NoWind_test4,vt_rmse_3d_cm,1.40174603861196
0,attitude_absolute,top,QR_motioncap_brushless_Light_top_NoWind_test5,vt_rmse_3d_cm,0.912587453930929
0,attitude_absolute,top,QR_motioncap_brushless_Light_top_NoWind_test1,visual_dispersion_3d_cm,1.24662122071679
0,attitude_absolute,top,QR_motioncap_brushless_Light_top_NoWind_test2,visual_dispersion_3d_cm,1.37437367252708
0,attitude_absolute,top,QR_motioncap_brushless_Light_top_NoWind_test3,visual_dispersion_3d_cm,1.72462932626216
0,attitude_absolute,top,QR_motioncap_brushless_Light_top_NoWind_test4,visual_dispersion_3d_cm,2.06136645297841
0,attitude_absolute,top,QR_motioncap_brushless_Light_top_NoWind_test5,visual_dispersion_3d_cm,1.35686420900711
0,attitude_absolute,top,QR_motioncap_brushless_Light_top_NoWind_test1,vk_rmse_3d_cm,0.902984103209462
0,attitude_absolute,top,QR_motioncap_brushless_Light_top_NoWind_test2,vk_rmse_3d_cm,0.872968227046389
0,attitude_absolute,top,QR_motioncap_brushless_Light_top_NoWind_test3,vk_rmse_3d_cm,1.29539252781106
0,attitude_absolute,top,QR_motioncap_brushless_Light_top_NoWind_test4,vk_rmse_3d_cm,0.923123922409429
0,attitude_absolute,top,QR_motioncap_brushless_Light_top_NoWind_test5,vk_rmse_3d_cm,0.831297444653404
0,attitude_absolute,top,QR_motioncap_brushless_Light_top_NoWind_test1,kt_rmse_3d_cm,0.598203769226714
0,attitude_absolute,top,QR_motioncap_brushless_Light_top_NoWind_test2,kt_rmse_3d_cm,0.694721992520141
0,attitude_absolute,top,QR_motioncap_brushless_Light_top_NoWind_test3,kt_rmse_3d_cm,1.02351779502589
0,attitude_absolute,top,QR_motioncap_brushless_Light_top_NoWind_test4,kt_rmse_3d_cm,1.36938234459769
0,attitude_absolute,top,QR_motioncap_brushless_Light_top_NoWind_test5,kt_rmse_3d_cm,0.75750152244578
0,attitude_absolute,top,QR_motioncap_brushless_Light_top_NoWind_test1,kalman_pos_std_3d_cm,0.854662529776343
0,attitude_absolute,top,QR_motioncap_brushless_Light_top_NoWind_test2,kalman_pos_std_3d_cm,1.02956870530985
0,attitude_absolute,top,QR_motioncap_brushless_Light_top_NoWind_test3,kalman_pos_std_3d_cm,1.37327035034164
0,attitude_absolute,top,QR_motioncap_brushless_Light_top_NoWind_test4,kalman_pos_std_3d_cm,1.70606518743384
0,attitude_absolute,top,QR_motioncap_brushless_Light_top_NoWind_test5,kalman_pos_std_3d_cm,0.998926718277859
0,attitude_absolute,top,QR_motioncap_brushless_Light_top_NoWind_test1,rpy_std_deg,2.63545737793053
0,attitude_absolute,top,QR_motioncap_brushless_Light_top_NoWind_test2,rpy_std_deg,4.88239035306724
0,attitude_absolute,top,QR_motioncap_brushless_Light_top_NoWind_test3,rpy_std_deg,4.63662856323336
0,attitude_absolute,top,QR_motioncap_brushless_Light_top_NoWind_test4,rpy_std_deg,4.78041495806777
0,attitude_absolute,top,QR_motioncap_brushless_Light_top_NoWind_test5,rpy_std_deg,3.52040017202104
0,attitude_run_centered,bot,QR_motioncap_brushless_Light_bot_NoWind_test1,vt_rmse_3d_cm,0.814049887910206
0,attitude_run_centered,bot,QR_motioncap_brushless_Light_bot_NoWind_test2,vt_rmse_3d_cm,0.598814661338597
0,attitude_run_centered,bot,QR_motioncap_brushless_Light_bot_NoWind_test3,vt_rmse_3d_cm,0.244980037529651
0,attitude_run_centered,bot,QR_motioncap_brushless_Light_bot_NoWind_test4,vt_rmse_3d_cm,0.130551148355429
0,attitude_run_centered,bot,QR_motioncap_brushless_Light_bot_NoWind_test5,vt_rmse_3d_cm,0.623105110747918
0,attitude_run_centered,bot,QR_motioncap_brushless_Light_bot_NoWind_test1,visual_dispersion_3d_cm,0.190933384403831
0,attitude_run_centered,bot,QR_motioncap_brushless_Light_bot_NoWind_test2,visual_dispersion_3d_cm,0.733033845204196
0,attitude_run_centered,bot,QR_motioncap_brushless_Light_bot_NoWind_test3,visual_dispersion_3d_cm,0.110123614400409
0,attitude_run_centered,bot,QR_motioncap_brushless_Light_bot_NoWind_test4,visual_dispersion_3d_cm,0.230201908608378
0,attitude_run_centered,bot,QR_motioncap_brushless_Light_bot_NoWind_test5,visual_dispersion_3d_cm,0.820453132131732
0,attitude_run_centered,bot,QR_motioncap_brushless_Light_bot_NoWind_test1,vk_rmse_3d_cm,0.973607064194233
0,attitude_run_centered,bot,QR_motioncap_brushless_Light_bot_NoWind_test2,vk_rmse_3d_cm,0.194291690646487
0,attitude_run_centered,bot,QR_motioncap_brushless_Light_bot_NoWind_test3,vk_rmse_3d_cm,0.25493807595491
0,attitude_run_centered,bot,QR_motioncap_brushless_Light_bot_NoWind_test4,vk_rmse_3d_cm,0.0484186491384562
0,attitude_run_centered,bot,QR_motioncap_brushless_Light_bot_NoWind_test5,vk_rmse_3d_cm,0.393872861806824
0,attitude_run_centered,bot,QR_motioncap_brushless_Light_bot_NoWind_test1,kt_rmse_3d_cm,0.261637808580081
0,attitude_run_centered,bot,QR_motioncap_brushless_Light_bot_NoWind_test2,kt_rmse_3d_cm,0.635608468207137
0,attitude_run_centered,bot,QR_motioncap_brushless_Light_bot_NoWind_test3,kt_rmse_3d_cm,-0.024156779769934
0,attitude_run_centered,bot,QR_motioncap_brushless_Light_bot_NoWind_test4,kt_rmse_3d_cm,0.308360833220646
0,attitude_run_centered,bot,QR_motioncap_brushless_Light_bot_NoWind_test5,kt_rmse_3d_cm,0.944221012287971
0,attitude_run_centered,bot,QR_motioncap_brushless_Light_bot_NoWind_test1,kalman_pos_std_3d_cm,0.261011215765972
0,attitude_run_centered,bot,QR_motioncap_brushless_Light_bot_NoWind_test2,kalman_pos_std_3d_cm,0.668025001404963
0,attitude_run_centered,bot,QR_motioncap_brushless_Light_bot_NoWind_test3,kalman_pos_std_3d_cm,-0.10237783758811
0,attitude_run_centered,bot,QR_motioncap_brushless_Light_bot_NoWind_test4,kalman_pos_std_3d_cm,0.25381576072599
0,attitude_run_centered,bot,QR_motioncap_brushless_Light_bot_NoWind_test5,kalman_pos_std_3d_cm,0.964405681668796
0,attitude_run_centered,bot,QR_motioncap_brushless_Light_bot_NoWind_test1,rpy_std_deg,0.578965506607449
0,attitude_run_centered,bot,QR_motioncap_brushless_Light_bot_NoWind_test2,rpy_std_deg,0.258905944508668
0,attitude_run_centered,bot,QR_motioncap_brushless_Light_bot_NoWind_test3,rpy_std_deg,1.07752438138733
0,attitude_run_centered,bot,QR_motioncap_brushless_Light_bot_NoWind_test4,rpy_std_deg,0.665469107926286
0,attitude_run_centered,bot,QR_motioncap_brushless_Light_bot_NoWind_test5,rpy_std_deg,0.768982501476788
0,attitude_run_centered,mid,QR_motioncap_brushless_Light_mid_NoWind_test1,vt_rmse_3d_cm,-0.030222082960317
0,attitude_run_centered,mid,QR_motioncap_brushless_Light_mid_NoWind_test2,vt_rmse_3d_cm,-0.137990632623683
0,attitude_run_centered,mid,QR_motioncap_brushless_Light_mid_NoWind_test3,vt_rmse_3d_cm,0.695409993881545
0,attitude_run_centered,mid,QR_motioncap_brushless_Light_mid_NoWind_test4,vt_rmse_3d_cm,-0.110478336012064
0,attitude_run_centered,mid,QR_motioncap_brushless_Light_mid_NoWind_test5,vt_rmse_3d_cm,0.504287267933895
0,attitude_run_centered,mid,QR_motioncap_brushless_Light_mid_NoWind_test1,visual_dispersion_3d_cm,-0.484099016597151
0,attitude_run_centered,mid,QR_motioncap_brushless_Light_mid_NoWind_test2,visual_dispersion_3d_cm,-0.432966349366655
0,attitude_run_centered,mid,QR_motioncap_brushless_Light_mid_NoWind_test3,visual_dispersion_3d_cm,0.281979274806343
0,attitude_run_centered,mid,QR_motioncap_brushless_Light_mid_NoWind_test4,visual_dispersion_3d_cm,-0.424685556717228
0,attitude_run_centered,mid,QR_motioncap_brushless_Light_mid_NoWind_test5,visual_dispersion_3d_cm,0.025443513577788
0,attitude_run_centered,mid,QR_motioncap_brushless_Light_mid_NoWind_test1,vk_rmse_3d_cm,0.715951712090062
0,attitude_run_centered,mid,QR_motioncap_brushless_Light_mid_NoWind_test2,vk_rmse_3d_cm,0.877238095509058
0,attitude_run_centered,mid,QR_motioncap_brushless_Light_mid_NoWind_test3,vk_rmse_3d_cm,1.42008175597823
0,attitude_run_centered,mid,QR_motioncap_brushless_Light_mid_NoWind_test4,vk_rmse_3d_cm,0.630217481150457
0,attitude_run_centered,mid,QR_motioncap_brushless_Light_mid_NoWind_test5,vk_rmse_3d_cm,0.734535260896571
0,attitude_run_centered,mid,QR_motioncap_brushless_Light_mid_NoWind_test1,kt_rmse_3d_cm,-0.806427468208184
0,attitude_run_centered,mid,QR_motioncap_brushless_Light_mid_NoWind_test2,kt_rmse_3d_cm,-0.642842188481384
0,attitude_run_centered,mid,QR_motioncap_brushless_Light_mid_NoWind_test3,kt_rmse_3d_cm,-0.000687509696803534
0,attitude_run_centered,mid,QR_motioncap_brushless_Light_mid_NoWind_test4,kt_rmse_3d_cm,-0.619110210370265
0,attitude_run_centered,mid,QR_motioncap_brushless_Light_mid_NoWind_test5,kt_rmse_3d_cm,-0.231503496679209
0,attitude_run_centered,mid,QR_motioncap_brushless_Light_mid_NoWind_test1,kalman_pos_std_3d_cm,-0.864347763329679
0,attitude_run_centered,mid,QR_motioncap_brushless_Light_mid_NoWind_test2,kalman_pos_std_3d_cm,-0.674040715915053
0,attitude_run_centered,mid,QR_motioncap_brushless_Light_mid_NoWind_test3,kalman_pos_std_3d_cm,0.00290527394239293
0,attitude_run_centered,mid,QR_motioncap_brushless_Light_mid_NoWind_test4,kalman_pos_std_3d_cm,-0.612012109876114
0,attitude_run_centered,mid,QR_motioncap_brushless_Light_mid_NoWind_test5,kalman_pos_std_3d_cm,-0.258742122958342
0,attitude_run_centered,mid,QR_motioncap_brushless_Light_mid_NoWind_test1,rpy_std_deg,-3.1774895274872
0,attitude_run_centered,mid,QR_motioncap_brushless_Light_mid_NoWind_test2,rpy_std_deg,-0.891989593460304
0,attitude_run_centered,mid,QR_motioncap_brushless_Light_mid_NoWind_test3,rpy_std_deg,-1.90859660912368
0,attitude_run_centered,mid,QR_motioncap_brushless_Light_mid_NoWind_test4,rpy_std_deg,-1.16861552666675
0,attitude_run_centered,mid,QR_motioncap_brushless_Light_mid_NoWind_test5,rpy_std_deg,-1.53829138197822
0,attitude_run_centered,top,QR_motioncap_brushless_Light_top_NoWind_test1,vt_rmse_3d_cm,0.907693425984113
0,attitude_run_centered,top,QR_motioncap_brushless_Light_top_NoWind_test2,vt_rmse_3d_cm,0.659417348106362
0,attitude_run_centered,top,QR_motioncap_brushless_Light_top_NoWind_test3,vt_rmse_3d_cm,1.14423917209574
0,attitude_run_centered,top,QR_motioncap_brushless_Light_top_NoWind_test4,vt_rmse_3d_cm,1.40570396764266
0,attitude_run_centered,top,QR_motioncap_brushless_Light_top_NoWind_test5,vt_rmse_3d_cm,0.908137287062397
0,attitude_run_centered,top,QR_motioncap_brushless_Light_top_NoWind_test1,visual_dispersion_3d_cm,1.24550755096259
0,attitude_run_centered,top,QR_motioncap_brushless_Light_top_NoWind_test2,visual_dispersion_3d_cm,1.3749295566833
0,attitude_run_centered,top,QR_motioncap_brushless_Light_top_NoWind_test3,visual_dispersion_3d_cm,1.72433265891629
0,attitude_run_centered,top,QR_motioncap_brushless_Light_top_NoWind_test4,visual_dispersion_3d_cm,2.06202816593364
0,attitude_run_centered,top,QR_motioncap_brushless_Light_top_NoWind_test5,visual_dispersion_3d_cm,1.35650154132591
0,attitude_run_centered,top,QR_motioncap_brushless_Light_top_NoWind_test1,vk_rmse_3d_cm,0.875155796430236
0,attitude_run_centered,top,QR_motioncap_brushless_Light_top_NoWind_test2,vk_rmse_3d_cm,0.852277958247886
0,attitude_run_centered,top,QR_motioncap_brushless_Light_top_NoWind_test3,vk_rmse_3d_cm,1.27339129503466
0,attitude_run_centered,top,QR_motioncap_brushless_Light_top_NoWind_test4,vk_rmse_3d_cm,0.927331434685353
0,attitude_run_centered,top,QR_motioncap_brushless_Light_top_NoWind_test5,vk_rmse_3d_cm,0.81750407069974
0,attitude_run_centered,top,QR_motioncap_brushless_Light_top_NoWind_test1,kt_rmse_3d_cm,0.598203769226714
0,attitude_run_centered,top,QR_motioncap_brushless_Light_top_NoWind_test2,kt_rmse_3d_cm,0.694721992520141
0,attitude_run_centered,top,QR_motioncap_brushless_Light_top_NoWind_test3,kt_rmse_3d_cm,1.02351779502589
0,attitude_run_centered,top,QR_motioncap_brushless_Light_top_NoWind_test4,kt_rmse_3d_cm,1.36938234459769
0,attitude_run_centered,top,QR_motioncap_brushless_Light_top_NoWind_test5,kt_rmse_3d_cm,0.75750152244578
0,attitude_run_centered,top,QR_motioncap_brushless_Light_top_NoWind_test1,kalman_pos_std_3d_cm,0.854662529776343
0,attitude_run_centered,top,QR_motioncap_brushless_Light_top_NoWind_test2,kalman_pos_std_3d_cm,1.02956870530985
0,attitude_run_centered,top,QR_motioncap_brushless_Light_top_NoWind_test3,kalman_pos_std_3d_cm,1.37327035034164
0,attitude_run_centered,top,QR_motioncap_brushless_Light_top_NoWind_test4,kalman_pos_std_3d_cm,1.70606518743384
0,attitude_run_centered,top,QR_motioncap_brushless_Light_top_NoWind_test5,kalman_pos_std_3d_cm,0.998926718277859
0,attitude_run_centered,top,QR_motioncap_brushless_Light_top_NoWind_test1,rpy_std_deg,2.63545737793053
0,attitude_run_centered,top,QR_motioncap_brushless_Light_top_NoWind_test2,rpy_std_deg,4.88239035306724
0,attitude_run_centered,top,QR_motioncap_brushless_Light_top_NoWind_test3,rpy_std_deg,4.63662856323336
0,attitude_run_centered,top,QR_motioncap_brushless_Light_top_NoWind_test4,rpy_std_deg,4.78041495806777
0,attitude_run_centered,top,QR_motioncap_brushless_Light_top_NoWind_test5,rpy_std_deg,3.52040017202104
0,original_static,bot,QR_motioncap_brushless_Light_bot_NoWind_test1,vt_rmse_3d_cm,1.35093665573243
0,original_static,bot,QR_motioncap_brushless_Light_bot_NoWind_test2,vt_rmse_3d_cm,0.60527148755289
0,original_static,bot,QR_motioncap_brushless_Light_bot_NoWind_test3,vt_rmse_3d_cm,0.395924085449236
0,original_static,bot,QR_motioncap_brushless_Light_bot_NoWind_test4,vt_rmse_3d_cm,0.508158206593469
0,original_static,bot,QR_motioncap_brushless_Light_bot_NoWind_test5,vt_rmse_3d_cm,0.397382848841543
0,original_static,bot,QR_motioncap_brushless_Light_bot_NoWind_test1,visual_dispersion_3d_cm,0.699647315684498
0,original_static,bot,QR_motioncap_brushless_Light_bot_NoWind_test2,visual_dispersion_3d_cm,0.73300504876721
0,original_static,bot,QR_motioncap_brushless_Light_bot_NoWind_test3,visual_dispersion_3d_cm,0.314801654244595
0,original_static,bot,QR_motioncap_brushless_Light_bot_NoWind_test4,visual_dispersion_3d_cm,0.574206464719778
0,original_static,bot,QR_motioncap_brushless_Light_bot_NoWind_test5,visual_dispersion_3d_cm,0.564153324751435
0,original_static,bot,QR_motioncap_brushless_Light_bot_NoWind_test1,vk_rmse_3d_cm,1.31022937615489
0,original_static,bot,QR_motioncap_brushless_Light_bot_NoWind_test2,vk_rmse_3d_cm,0.105110693783844
0,original_static,bot,QR_motioncap_brushless_Light_bot_NoWind_test3,vk_rmse_3d_cm,0.787676707110017
0,original_static,bot,QR_motioncap_brushless_Light_bot_NoWind_test4,vk_rmse_3d_cm,0.267555970891248
0,original_static,bot,QR_motioncap_brushless_Light_bot_NoWind_test5,vk_rmse_3d_cm,0.295767035436755
0,original_static,bot,QR_motioncap_brushless_Light_bot_NoWind_test1,kt_rmse_3d_cm,0.261637808580081
0,original_static,bot,QR_motioncap_brushless_Light_bot_NoWind_test2,kt_rmse_3d_cm,0.635608468207137
0,original_static,bot,QR_motioncap_brushless_Light_bot_NoWind_test3,kt_rmse_3d_cm,-0.024156779769934
0,original_static,bot,QR_motioncap_brushless_Light_bot_NoWind_test4,kt_rmse_3d_cm,0.308360833220646
0,original_static,bot,QR_motioncap_brushless_Light_bot_NoWind_test5,kt_rmse_3d_cm,0.944221012287971
0,original_static,bot,QR_motioncap_brushless_Light_bot_NoWind_test1,kalman_pos_std_3d_cm,0.261011215765972
0,original_static,bot,QR_motioncap_brushless_Light_bot_NoWind_test2,kalman_pos_std_3d_cm,0.668025001404963
0,original_static,bot,QR_motioncap_brushless_Light_bot_NoWind_test3,kalman_pos_std_3d_cm,-0.10237783758811
0,original_static,bot,QR_motioncap_brushless_Light_bot_NoWind_test4,kalman_pos_std_3d_cm,0.25381576072599
0,original_static,bot,QR_motioncap_brushless_Light_bot_NoWind_test5,kalman_pos_std_3d_cm,0.964405681668796
0,original_static,bot,QR_motioncap_brushless_Light_bot_NoWind_test1,rpy_std_deg,0.578965506607449
0,original_static,bot,QR_motioncap_brushless_Light_bot_NoWind_test2,rpy_std_deg,0.258905944508668
0,original_static,bot,QR_motioncap_brushless_Light_bot_NoWind_test3,rpy_std_deg,1.07752438138733
0,original_static,bot,QR_motioncap_brushless_Light_bot_NoWind_test4,rpy_std_deg,0.665469107926286
0,original_static,bot,QR_motioncap_brushless_Light_bot_NoWind_test5,rpy_std_deg,0.768982501476788
0,original_static,mid,QR_motioncap_brushless_Light_mid_NoWind_test1,vt_rmse_3d_cm,-0.305122054985915
0,original_static,mid,QR_motioncap_brushless_Light_mid_NoWind_test2,vt_rmse_3d_cm,0.250221729643046
0,original_static,mid,QR_motioncap_brushless_Light_mid_NoWind_test3,vt_rmse_3d_cm,0.279874581667648
0,original_static,mid,QR_motioncap_brushless_Light_mid_NoWind_test4,vt_rmse_3d_cm,0.0076523028921498
0,original_static,mid,QR_motioncap_brushless_Light_mid_NoWind_test5,vt_rmse_3d_cm,-0.112471844149681
0,original_static,mid,QR_motioncap_brushless_Light_mid_NoWind_test1,visual_dispersion_3d_cm,-0.731773828694545
0,original_static,mid,QR_motioncap_brushless_Light_mid_NoWind_test2,visual_dispersion_3d_cm,-0.0198178716584145
0,original_static,mid,QR_motioncap_brushless_Light_mid_NoWind_test3,visual_dispersion_3d_cm,-0.169343415619512
0,original_static,mid,QR_motioncap_brushless_Light_mid_NoWind_test4,visual_dispersion_3d_cm,-0.203529643783952
0,original_static,mid,QR_motioncap_brushless_Light_mid_NoWind_test5,visual_dispersion_3d_cm,-0.488107108241731
0,original_static,mid,QR_motioncap_brushless_Light_mid_NoWind_test1,vk_rmse_3d_cm,-0.525329589495404
0,original_static,mid,QR_motioncap_brushless_Light_mid_NoWind_test2,vk_rmse_3d_cm,0.31388535347982
0,original_static,mid,QR_motioncap_brushless_Light_mid_NoWind_test3,vk_rmse_3d_cm,0.365562964089172
0,original_static,mid,QR_motioncap_brushless_Light_mid_NoWind_test4,vk_rmse_3d_cm,0.435469140455728
0,original_static,mid,QR_motioncap_brushless_Light_mid_NoWind_test5,vk_rmse_3d_cm,0.0452661737378852
0,original_static,mid,QR_motioncap_brushless_Light_mid_NoWind_test1,kt_rmse_3d_cm,-0.806427468208184
0,original_static,mid,QR_motioncap_brushless_Light_mid_NoWind_test2,kt_rmse_3d_cm,-0.642842188481384
0,original_static,mid,QR_motioncap_brushless_Light_mid_NoWind_test3,kt_rmse_3d_cm,-0.000687509696803534
0,original_static,mid,QR_motioncap_brushless_Light_mid_NoWind_test4,kt_rmse_3d_cm,-0.619110210370265
0,original_static,mid,QR_motioncap_brushless_Light_mid_NoWind_test5,kt_rmse_3d_cm,-0.231503496679209
0,original_static,mid,QR_motioncap_brushless_Light_mid_NoWind_test1,kalman_pos_std_3d_cm,-0.864347763329679
0,original_static,mid,QR_motioncap_brushless_Light_mid_NoWind_test2,kalman_pos_std_3d_cm,-0.674040715915053
0,original_static,mid,QR_motioncap_brushless_Light_mid_NoWind_test3,kalman_pos_std_3d_cm,0.00290527394239293
0,original_static,mid,QR_motioncap_brushless_Light_mid_NoWind_test4,kalman_pos_std_3d_cm,-0.612012109876114
0,original_static,mid,QR_motioncap_brushless_Light_mid_NoWind_test5,kalman_pos_std_3d_cm,-0.258742122958342
0,original_static,mid,QR_motioncap_brushless_Light_mid_NoWind_test1,rpy_std_deg,-3.1774895274872
0,original_static,mid,QR_motioncap_brushless_Light_mid_NoWind_test2,rpy_std_deg,-0.891989593460304
0,original_static,mid,QR_motioncap_brushless_Light_mid_NoWind_test3,rpy_std_deg,-1.90859660912368
0,original_static,mid,QR_motioncap_brushless_Light_mid_NoWind_test4,rpy_std_deg,-1.16861552666675
0,original_static,mid,QR_motioncap_brushless_Light_mid_NoWind_test5,rpy_std_deg,-1.53829138197822
0,original_static,top,QR_motioncap_brushless_Light_top_NoWind_test1,vt_rmse_3d_cm,0.878274031907142
0,original_static,top,QR_motioncap_brushless_Light_top_NoWind_test2,vt_rmse_3d_cm,1.87830593184119
0,original_static,top,QR_motioncap_brushless_Light_top_NoWind_test3,vt_rmse_3d_cm,2.24144221802294
0,original_static,top,QR_motioncap_brushless_Light_top_NoWind_test4,vt_rmse_3d_cm,1.85751279617409
0,original_static,top,QR_motioncap_brushless_Light_top_NoWind_test5,vt_rmse_3d_cm,2.05784885558867
0,original_static,top,QR_motioncap_brushless_Light_top_NoWind_test1,visual_dispersion_3d_cm,1.40550763974135
0,original_static,top,QR_motioncap_brushless_Light_top_NoWind_test2,visual_dispersion_3d_cm,2.26129507139731
0,original_static,top,QR_motioncap_brushless_Light_top_NoWind_test3,visual_dispersion_3d_cm,2.47380566801021
0,original_static,top,QR_motioncap_brushless_Light_top_NoWind_test4,visual_dispersion_3d_cm,2.37173483598015
0,original_static,top,QR_motioncap_brushless_Light_top_NoWind_test5,visual_dispersion_3d_cm,1.72092643059643
0,original_static,top,QR_motioncap_brushless_Light_top_NoWind_test1,vk_rmse_3d_cm,0.565208682233213
0,original_static,top,QR_motioncap_brushless_Light_top_NoWind_test2,vk_rmse_3d_cm,2.0611420715042
0,original_static,top,QR_motioncap_brushless_Light_top_NoWind_test3,vk_rmse_3d_cm,2.48566632509472
0,original_static,top,QR_motioncap_brushless_Light_top_NoWind_test4,vk_rmse_3d_cm,2.11982316096792
0,original_static,top,QR_motioncap_brushless_Light_top_NoWind_test5,vk_rmse_3d_cm,1.77612292892141
0,original_static,top,QR_motioncap_brushless_Light_top_NoWind_test1,kt_rmse_3d_cm,0.598203769226714
0,original_static,top,QR_motioncap_brushless_Light_top_NoWind_test2,kt_rmse_3d_cm,0.694721992520141
0,original_static,top,QR_motioncap_brushless_Light_top_NoWind_test3,kt_rmse_3d_cm,1.02351779502589
0,original_static,top,QR_motioncap_brushless_Light_top_NoWind_test4,kt_rmse_3d_cm,1.36938234459769
0,original_static,top,QR_motioncap_brushless_Light_top_NoWind_test5,kt_rmse_3d_cm,0.75750152244578
0,original_static,top,QR_motioncap_brushless_Light_top_NoWind_test1,kalman_pos_std_3d_cm,0.854662529776343
0,original_static,top,QR_motioncap_brushless_Light_top_NoWind_test2,kalman_pos_std_3d_cm,1.02956870530985
0,original_static,top,QR_motioncap_brushless_Light_top_NoWind_test3,kalman_pos_std_3d_cm,1.37327035034164
0,original_static,top,QR_motioncap_brushless_Light_top_NoWind_test4,kalman_pos_std_3d_cm,1.70606518743384
0,original_static,top,QR_motioncap_brushless_Light_top_NoWind_test5,kalman_pos_std_3d_cm,0.998926718277859
0,original_static,top,QR_motioncap_brushless_Light_top_NoWind_test1,rpy_std_deg,2.63545737793053
0,original_static,top,QR_motioncap_brushless_Light_top_NoWind_test2,rpy_std_deg,4.88239035306724
0,original_static,top,QR_motioncap_brushless_Light_top_NoWind_test3,rpy_std_deg,4.63662856323336
0,original_static,top,QR_motioncap_brushless_Light_top_NoWind_test4,rpy_std_deg,4.78041495806777
0,original_static,top,QR_motioncap_brushless_Light_top_NoWind_test5,rpy_std_deg,3.52040017202104
0.05,attitude_absolute,bot,QR_motioncap_brushless_Light_bot_NoWind_test1,vt_rmse_3d_cm,0.810928892897523
0.05,attitude_absolute,bot,QR_motioncap_brushless_Light_bot_NoWind_test2,vt_rmse_3d_cm,0.590570852818598
0.05,attitude_absolute,bot,QR_motioncap_brushless_Light_bot_NoWind_test3,vt_rmse_3d_cm,0.206952444319878
0.05,attitude_absolute,bot,QR_motioncap_brushless_Light_bot_NoWind_test4,vt_rmse_3d_cm,0.127983035193597
0.05,attitude_absolute,bot,QR_motioncap_brushless_Light_bot_NoWind_test5,vt_rmse_3d_cm,0.620862524005171
0.05,attitude_absolute,bot,QR_motioncap_brushless_Light_bot_NoWind_test1,visual_dispersion_3d_cm,0.161514155145387
0.05,attitude_absolute,bot,QR_motioncap_brushless_Light_bot_NoWind_test2,visual_dispersion_3d_cm,0.707342164185927
0.05,attitude_absolute,bot,QR_motioncap_brushless_Light_bot_NoWind_test3,visual_dispersion_3d_cm,0.100162025766326
0.05,attitude_absolute,bot,QR_motioncap_brushless_Light_bot_NoWind_test4,visual_dispersion_3d_cm,0.213474034245162
0.05,attitude_absolute,bot,QR_motioncap_brushless_Light_bot_NoWind_test5,visual_dispersion_3d_cm,0.81627176573829
0.05,attitude_absolute,bot,QR_motioncap_brushless_Light_bot_NoWind_test1,vk_rmse_3d_cm,0.993082872598167
0.05,attitude_absolute,bot,QR_motioncap_brushless_Light_bot_NoWind_test2,vk_rmse_3d_cm,0.151541244828735
0.05,attitude_absolute,bot,QR_motioncap_brushless_Light_bot_NoWind_test3,vk_rmse_3d_cm,0.260856901457934
0.05,attitude_absolute,bot,QR_motioncap_brushless_Light_bot_NoWind_test4,vk_rmse_3d_cm,0.155204047222465
0.05,attitude_absolute,bot,QR_motioncap_brushless_Light_bot_NoWind_test5,vk_rmse_3d_cm,0.409471880470538
0.05,attitude_absolute,bot,QR_motioncap_brushless_Light_bot_NoWind_test1,kt_rmse_3d_cm,0.269776883344322
0.05,attitude_absolute,bot,QR_motioncap_brushless_Light_bot_NoWind_test2,kt_rmse_3d_cm,0.621582163958021
0.05,attitude_absolute,bot,QR_motioncap_brushless_Light_bot_NoWind_test3,kt_rmse_3d_cm,-0.0241314927665313
0.05,attitude_absolute,bot,QR_motioncap_brushless_Light_bot_NoWind_test4,kt_rmse_3d_cm,0.316705828699371
0.05,attitude_absolute,bot,QR_motioncap_brushless_Light_bot_NoWind_test5,kt_rmse_3d_cm,0.95367046743974
0.05,attitude_absolute,bot,QR_motioncap_brushless_Light_bot_NoWind_test1,kalman_pos_std_3d_cm,0.270479716395184
0.05,attitude_absolute,bot,QR_motioncap_brushless_Light_bot_NoWind_test2,kalman_pos_std_3d_cm,0.653451098936926
0.05,attitude_absolute,bot,QR_motioncap_brushless_Light_bot_NoWind_test3,kalman_pos_std_3d_cm,-0.101435110307271
0.05,attitude_absolute,bot,QR_motioncap_brushless_Light_bot_NoWind_test4,kalman_pos_std_3d_cm,0.264930820228721
0.05,attitude_absolute,bot,QR_motioncap_brushless_Light_bot_NoWind_test5,kalman_pos_std_3d_cm,0.974961817023937
0.05,attitude_absolute,bot,QR_motioncap_brushless_Light_bot_NoWind_test1,rpy_std_deg,0.571798063838285
0.05,attitude_absolute,bot,QR_motioncap_brushless_Light_bot_NoWind_test2,rpy_std_deg,0.261071302182758
0.05,attitude_absolute,bot,QR_motioncap_brushless_Light_bot_NoWind_test3,rpy_std_deg,1.08057617802791
0.05,attitude_absolute,bot,QR_motioncap_brushless_Light_bot_NoWind_test4,rpy_std_deg,0.672757500689769
0.05,attitude_absolute,bot,QR_motioncap_brushless_Light_bot_NoWind_test5,rpy_std_deg,0.766796117117927
0.05,attitude_absolute,mid,QR_motioncap_brushless_Light_mid_NoWind_test1,vt_rmse_3d_cm,0.0169446422737374
0.05,attitude_absolute,mid,QR_motioncap_brushless_Light_mid_NoWind_test2,vt_rmse_3d_cm,-0.165712774982405
0.05,attitude_absolute,mid,QR_motioncap_brushless_Light_mid_NoWind_test3,vt_rmse_3d_cm,0.632976177444344
0.05,attitude_absolute,mid,QR_motioncap_brushless_Light_mid_NoWind_test4,vt_rmse_3d_cm,-0.0994746428763582
0.05,attitude_absolute,mid,QR_motioncap_brushless_Light_mid_NoWind_test5,vt_rmse_3d_cm,0.487472078487081
0.05,attitude_absolute,mid,QR_motioncap_brushless_Light_mid_NoWind_test1,visual_dispersion_3d_cm,-0.425239025470302
0.05,attitude_absolute,mid,QR_motioncap_brushless_Light_mid_NoWind_test2,visual_dispersion_3d_cm,-0.445887332163619
0.05,attitude_absolute,mid,QR_motioncap_brushless_Light_mid_NoWind_test3,visual_dispersion_3d_cm,0.278779867599408
0.05,attitude_absolute,mid,QR_motioncap_brushless_Light_mid_NoWind_test4,visual_dispersion_3d_cm,-0.481697069233865
0.05,attitude_absolute,mid,QR_motioncap_brushless_Light_mid_NoWind_test5,visual_dispersion_3d_cm,0.0649485133139107
0.05,attitude_absolute,mid,QR_motioncap_brushless_Light_mid_NoWind_test1,vk_rmse_3d_cm,0.586228299140459
0.05,attitude_absolute,mid,QR_motioncap_brushless_Light_mid_NoWind_test2,vk_rmse_3d_cm,0.79478855387715
0.05,attitude_absolute,mid,QR_motioncap_brushless_Light_mid_NoWind_test3,vk_rmse_3d_cm,1.28759904295882
0.05,attitude_absolute,mid,QR_motioncap_brushless_Light_mid_NoWind_test4,vk_rmse_3d_cm,0.615341696730106
0.05,attitude_absolute,mid,QR_motioncap_brushless_Light_mid_NoWind_test5,vk_rmse_3d_cm,0.627637533967753
0.05,attitude_absolute,mid,QR_motioncap_brushless_Light_mid_NoWind_test1,kt_rmse_3d_cm,-0.813065485570841
0.05,attitude_absolute,mid,QR_motioncap_brushless_Light_mid_NoWind_test2,kt_rmse_3d_cm,-0.6554676913501
0.05,attitude_absolute,mid,QR_motioncap_brushless_Light_mid_NoWind_test3,kt_rmse_3d_cm,-0.0175971646041142
0.05,attitude_absolute,mid,QR_motioncap_brushless_Light_mid_NoWind_test4,kt_rmse_3d_cm,-0.647463021248939
0.05,attitude_absolute,mid,QR_motioncap_brushless_Light_mid_NoWind_test5,kt_rmse_3d_cm,-0.302356300094553
0.05,attitude_absolute,mid,QR_motioncap_brushless_Light_mid_NoWind_test1,kalman_pos_std_3d_cm,-0.870221896971507
0.05,attitude_absolute,mid,QR_motioncap_brushless_Light_mid_NoWind_test2,kalman_pos_std_3d_cm,-0.687473773614278
0.05,attitude_absolute,mid,QR_motioncap_brushless_Light_mid_NoWind_test3,kalman_pos_std_3d_cm,-0.0142033126668966
0.05,attitude_absolute,mid,QR_motioncap_brushless_Light_mid_NoWind_test4,kalman_pos_std_3d_cm,-0.642637019056686
0.05,attitude_absolute,mid,QR_motioncap_brushless_Light_mid_NoWind_test5,kalman_pos_std_3d_cm,-0.332252274801267
0.05,attitude_absolute,mid,QR_motioncap_brushless_Light_mid_NoWind_test1,rpy_std_deg,-3.18401104449778
0.05,attitude_absolute,mid,QR_motioncap_brushless_Light_mid_NoWind_test2,rpy_std_deg,-0.907980464810483
0.05,attitude_absolute,mid,QR_motioncap_brushless_Light_mid_NoWind_test3,rpy_std_deg,-1.90317877561837
0.05,attitude_absolute,mid,QR_motioncap_brushless_Light_mid_NoWind_test4,rpy_std_deg,-1.17024939106439
0.05,attitude_absolute,mid,QR_motioncap_brushless_Light_mid_NoWind_test5,rpy_std_deg,-1.51663842476397
0.05,attitude_absolute,top,QR_motioncap_brushless_Light_top_NoWind_test1,vt_rmse_3d_cm,1.00233178837807
0.05,attitude_absolute,top,QR_motioncap_brushless_Light_top_NoWind_test2,vt_rmse_3d_cm,0.775315989872531
0.05,attitude_absolute,top,QR_motioncap_brushless_Light_top_NoWind_test3,vt_rmse_3d_cm,1.29656319564717
0.05,attitude_absolute,top,QR_motioncap_brushless_Light_top_NoWind_test4,vt_rmse_3d_cm,1.50813297232708
0.05,attitude_absolute,top,QR_motioncap_brushless_Light_top_NoWind_test5,vt_rmse_3d_cm,0.916121970729698
0.05,attitude_absolute,top,QR_motioncap_brushless_Light_top_NoWind_test1,visual_dispersion_3d_cm,1.33521951797334
0.05,attitude_absolute,top,QR_motioncap_brushless_Light_top_NoWind_test2,visual_dispersion_3d_cm,1.43554128425993
0.05,attitude_absolute,top,QR_motioncap_brushless_Light_top_NoWind_test3,visual_dispersion_3d_cm,1.83896232529388
0.05,attitude_absolute,top,QR_motioncap_brushless_Light_top_NoWind_test4,visual_dispersion_3d_cm,2.15737077163108
0.05,attitude_absolute,top,QR_motioncap_brushless_Light_top_NoWind_test5,visual_dispersion_3d_cm,1.35252770322604
0.05,attitude_absolute,top,QR_motioncap_brushless_Light_top_NoWind_test1,vk_rmse_3d_cm,1.00881619349713
0.05,attitude_absolute,top,QR_motioncap_brushless_Light_top_NoWind_test2,vk_rmse_3d_cm,1.02129122805459
0.05,attitude_absolute,top,QR_motioncap_brushless_Light_top_NoWind_test3,vk_rmse_3d_cm,1.45268450000633
0.05,attitude_absolute,top,QR_motioncap_brushless_Light_top_NoWind_test4,vk_rmse_3d_cm,1.09772432109107
0.05,attitude_absolute,top,QR_motioncap_brushless_Light_top_NoWind_test5,vk_rmse_3d_cm,0.865226120069011
0.05,attitude_absolute,top,QR_motioncap_brushless_Light_top_NoWind_test1,kt_rmse_3d_cm,0.612617322994538
0.05,attitude_absolute,top,QR_motioncap_brushless_Light_top_NoWind_test2,kt_rmse_3d_cm,0.713631542333574
0.05,attitude_absolute,top,QR_motioncap_brushless_Light_top_NoWind_test3,kt_rmse_3d_cm,1.0456772373361
0.05,attitude_absolute,top,QR_motioncap_brushless_Light_top_NoWind_test4,kt_rmse_3d_cm,1.38707771301854
0.05,attitude_absolute,top,QR_motioncap_brushless_Light_top_NoWind_test5,kt_rmse_3d_cm,0.756562578627465
0.05,attitude_absolute,top,QR_motioncap_brushless_Light_top_NoWind_test1,kalman_pos_std_3d_cm,0.869371596763273
0.05,attitude_absolute,top,QR_motioncap_brushless_Light_top_NoWind_test2,kalman_pos_std_3d_cm,1.04924626396672
0.05,attitude_absolute,top,QR_motioncap_brushless_Light_top_NoWind_test3,kalman_pos_std_3d_cm,1.39562828660426
0.05,attitude_absolute,top,QR_motioncap_brushless_Light_top_NoWind_test4,kalman_pos_std_3d_cm,1.72211714194681
0.05,attitude_absolute,top,QR_motioncap_brushless_Light_top_NoWind_test5,kalman_pos_std_3d_cm,0.999706688872558
0.05,attitude_absolute,top,QR_motioncap_brushless_Light_top_NoWind_test1,rpy_std_deg,2.63531833809938
0.05,attitude_absolute,top,QR_motioncap_brushless_Light_top_NoWind_test2,rpy_std_deg,4.87912928712395
0.05,attitude_absolute,top,QR_motioncap_brushless_Light_top_NoWind_test3,rpy_std_deg,4.63781521600618
0.05,attitude_absolute,top,QR_motioncap_brushless_Light_top_NoWind_test4,rpy_std_deg,4.77884293477063
0.05,attitude_absolute,top,QR_motioncap_brushless_Light_top_NoWind_test5,rpy_std_deg,3.50392156208028
0.05,attitude_run_centered,bot,QR_motioncap_brushless_Light_bot_NoWind_test1,vt_rmse_3d_cm,0.810566470806899
0.05,attitude_run_centered,bot,QR_motioncap_brushless_Light_bot_NoWind_test2,vt_rmse_3d_cm,0.575203811104303
0.05,attitude_run_centered,bot,QR_motioncap_brushless_Light_bot_NoWind_test3,vt_rmse_3d_cm,0.219705758071313
0.05,attitude_run_centered,bot,QR_motioncap_brushless_Light_bot_NoWind_test4,vt_rmse_3d_cm,0.11451283004597
0.05,attitude_run_centered,bot,QR_motioncap_brushless_Light_bot_NoWind_test5,vt_rmse_3d_cm,0.619468506285381
0.05,attitude_run_centered,bot,QR_motioncap_brushless_Light_bot_NoWind_test1,visual_dispersion_3d_cm,0.161558114297579
0.05,attitude_run_centered,bot,QR_motioncap_brushless_Light_bot_NoWind_test2,visual_dispersion_3d_cm,0.707224852059724
0.05,attitude_run_centered,bot,QR_motioncap_brushless_Light_bot_NoWind_test3,visual_dispersion_3d_cm,0.100008291224821
0.05,attitude_run_centered,bot,QR_motioncap_brushless_Light_bot_NoWind_test4,visual_dispersion_3d_cm,0.213847389083492
0.05,attitude_run_centered,bot,QR_motioncap_brushless_Light_bot_NoWind_test5,visual_dispersion_3d_cm,0.816073228744182
0.05,attitude_run_centered,bot,QR_motioncap_brushless_Light_bot_NoWind_test1,vk_rmse_3d_cm,0.995078934294289
0.05,attitude_run_centered,bot,QR_motioncap_brushless_Light_bot_NoWind_test2,vk_rmse_3d_cm,0.134067387187952
0.05,attitude_run_centered,bot,QR_motioncap_brushless_Light_bot_NoWind_test3,vk_rmse_3d_cm,0.27141887037528
0.05,attitude_run_centered,bot,QR_motioncap_brushless_Light_bot_NoWind_test4,vk_rmse_3d_cm,0.125209480814582
0.05,attitude_run_centered,bot,QR_motioncap_brushless_Light_bot_NoWind_test5,vk_rmse_3d_cm,0.408209137963629
0.05,attitude_run_centered,bot,QR_motioncap_brushless_Light_bot_NoWind_test1,kt_rmse_3d_cm,0.269776883344322
0.05,attitude_run_centered,bot,QR_motioncap_brushless_Light_bot_NoWind_test2,kt_rmse_3d_cm,0.621582163958021
0.05,attitude_run_centered,bot,QR_motioncap_brushless_Light_bot_NoWind_test3,kt_rmse_3d_cm,-0.0241314927665313
0.05,attitude_run_centered,bot,QR_motioncap_brushless_Light_bot_NoWind_test4,kt_rmse_3d_cm,0.316705828699371
0.05,attitude_run_centered,bot,QR_motioncap_brushless_Light_bot_NoWind_test5,kt_rmse_3d_cm,0.95367046743974
0.05,attitude_run_centered,bot,QR_motioncap_brushless_Light_bot_NoWind_test1,kalman_pos_std_3d_cm,0.270479716395184
0.05,attitude_run_centered,bot,QR_motioncap_brushless_Light_bot_NoWind_test2,kalman_pos_std_3d_cm,0.653451098936926
0.05,attitude_run_centered,bot,QR_motioncap_brushless_Light_bot_NoWind_test3,kalman_pos_std_3d_cm,-0.101435110307271
0.05,attitude_run_centered,bot,QR_motioncap_brushless_Light_bot_NoWind_test4,kalman_pos_std_3d_cm,0.264930820228721
0.05,attitude_run_centered,bot,QR_motioncap_brushless_Light_bot_NoWind_test5,kalman_pos_std_3d_cm,0.974961817023937
0.05,attitude_run_centered,bot,QR_motioncap_brushless_Light_bot_NoWind_test1,rpy_std_deg,0.571798063838285
0.05,attitude_run_centered,bot,QR_motioncap_brushless_Light_bot_NoWind_test2,rpy_std_deg,0.261071302182758
0.05,attitude_run_centered,bot,QR_motioncap_brushless_Light_bot_NoWind_test3,rpy_std_deg,1.08057617802791
0.05,attitude_run_centered,bot,QR_motioncap_brushless_Light_bot_NoWind_test4,rpy_std_deg,0.672757500689769
0.05,attitude_run_centered,bot,QR_motioncap_brushless_Light_bot_NoWind_test5,rpy_std_deg,0.766796117117927
0.05,attitude_run_centered,mid,QR_motioncap_brushless_Light_mid_NoWind_test1,vt_rmse_3d_cm,0.0219125609049331
0.05,attitude_run_centered,mid,QR_motioncap_brushless_Light_mid_NoWind_test2,vt_rmse_3d_cm,-0.155024188827317
0.05,attitude_run_centered,mid,QR_motioncap_brushless_Light_mid_NoWind_test3,vt_rmse_3d_cm,0.688983281359053
0.05,attitude_run_centered,mid,QR_motioncap_brushless_Light_mid_NoWind_test4,vt_rmse_3d_cm,-0.16897233280196
0.05,attitude_run_centered,mid,QR_motioncap_brushless_Light_mid_NoWind_test5,vt_rmse_3d_cm,0.535285291546778
0.05,attitude_run_centered,mid,QR_motioncap_brushless_Light_mid_NoWind_test1,visual_dispersion_3d_cm,-0.425295128485437
0.05,attitude_run_centered,mid,QR_motioncap_brushless_Light_mid_NoWind_test2,visual_dispersion_3d_cm,-0.446927413528405
0.05,attitude_run_centered,mid,QR_motioncap_brushless_Light_mid_NoWind_test3,visual_dispersion_3d_cm,0.277894116154896
0.05,attitude_run_centered,mid,QR_motioncap_brushless_Light_mid_NoWind_test4,visual_dispersion_3d_cm,-0.481284113230289
0.05,attitude_run_centered,mid,QR_motioncap_brushless_Light_mid_NoWind_test5,visual_dispersion_3d_cm,0.0649951995085423
0.05,attitude_run_centered,mid,QR_motioncap_brushless_Light_mid_NoWind_test1,vk_rmse_3d_cm,0.630922372308035
0.05,attitude_run_centered,mid,QR_motioncap_brushless_Light_mid_NoWind_test2,vk_rmse_3d_cm,0.819348560914043
0.05,attitude_run_centered,mid,QR_motioncap_brushless_Light_mid_NoWind_test3,vk_rmse_3d_cm,1.35527411944125
0.05,attitude_run_centered,mid,QR_motioncap_brushless_Light_mid_NoWind_test4,vk_rmse_3d_cm,0.519562142649879
0.05,attitude_run_centered,mid,QR_motioncap_brushless_Light_mid_NoWind_test5,vk_rmse_3d_cm,0.663770833310506
0.05,attitude_run_centered,mid,QR_motioncap_brushless_Light_mid_NoWind_test1,kt_rmse_3d_cm,-0.813065485570841
0.05,attitude_run_centered,mid,QR_motioncap_brushless_Light_mid_NoWind_test2,kt_rmse_3d_cm,-0.6554676913501
0.05,attitude_run_centered,mid,QR_motioncap_brushless_Light_mid_NoWind_test3,kt_rmse_3d_cm,-0.0175971646041142
0.05,attitude_run_centered,mid,QR_motioncap_brushless_Light_mid_NoWind_test4,kt_rmse_3d_cm,-0.647463021248939
0.05,attitude_run_centered,mid,QR_motioncap_brushless_Light_mid_NoWind_test5,kt_rmse_3d_cm,-0.302356300094553
0.05,attitude_run_centered,mid,QR_motioncap_brushless_Light_mid_NoWind_test1,kalman_pos_std_3d_cm,-0.870221896971507
0.05,attitude_run_centered,mid,QR_motioncap_brushless_Light_mid_NoWind_test2,kalman_pos_std_3d_cm,-0.687473773614278
0.05,attitude_run_centered,mid,QR_motioncap_brushless_Light_mid_NoWind_test3,kalman_pos_std_3d_cm,-0.0142033126668966
0.05,attitude_run_centered,mid,QR_motioncap_brushless_Light_mid_NoWind_test4,kalman_pos_std_3d_cm,-0.642637019056686
0.05,attitude_run_centered,mid,QR_motioncap_brushless_Light_mid_NoWind_test5,kalman_pos_std_3d_cm,-0.332252274801267
0.05,attitude_run_centered,mid,QR_motioncap_brushless_Light_mid_NoWind_test1,rpy_std_deg,-3.18401104449778
0.05,attitude_run_centered,mid,QR_motioncap_brushless_Light_mid_NoWind_test2,rpy_std_deg,-0.907980464810483
0.05,attitude_run_centered,mid,QR_motioncap_brushless_Light_mid_NoWind_test3,rpy_std_deg,-1.90317877561837
0.05,attitude_run_centered,mid,QR_motioncap_brushless_Light_mid_NoWind_test4,rpy_std_deg,-1.17024939106439
0.05,attitude_run_centered,mid,QR_motioncap_brushless_Light_mid_NoWind_test5,rpy_std_deg,-1.51663842476397
0.05,attitude_run_centered,top,QR_motioncap_brushless_Light_top_NoWind_test1,vt_rmse_3d_cm,0.978517007296067
0.05,attitude_run_centered,top,QR_motioncap_brushless_Light_top_NoWind_test2,vt_rmse_3d_cm,0.750590045307361
0.05,attitude_run_centered,top,QR_motioncap_brushless_Light_top_NoWind_test3,vt_rmse_3d_cm,1.27395543797027
0.05,attitude_run_centered,top,QR_motioncap_brushless_Light_top_NoWind_test4,vt_rmse_3d_cm,1.51014512069498
0.05,attitude_run_centered,top,QR_motioncap_brushless_Light_top_NoWind_test5,vt_rmse_3d_cm,0.911614150405639
0.05,attitude_run_centered,top,QR_motioncap_brushless_Light_top_NoWind_test1,visual_dispersion_3d_cm,1.33416626016692
0.05,attitude_run_centered,top,QR_motioncap_brushless_Light_top_NoWind_test2,visual_dispersion_3d_cm,1.43611241470064
0.05,attitude_run_centered,top,QR_motioncap_brushless_Light_top_NoWind_test3,visual_dispersion_3d_cm,1.83872580588219
0.05,attitude_run_centered,top,QR_motioncap_brushless_Light_top_NoWind_test4,visual_dispersion_3d_cm,2.15795957156727
0.05,attitude_run_centered,top,QR_motioncap_brushless_Light_top_NoWind_test5,visual_dispersion_3d_cm,1.35218843221566
0.05,attitude_run_centered,top,QR_motioncap_brushless_Light_top_NoWind_test1,vk_rmse_3d_cm,0.974912676137504
0.05,attitude_run_centered,top,QR_motioncap_brushless_Light_top_NoWind_test2,vk_rmse_3d_cm,0.999934480357643
0.05,attitude_run_centered,top,QR_motioncap_brushless_Light_top_NoWind_test3,vk_rmse_3d_cm,1.43213940477044
0.05,attitude_run_centered,top,QR_motioncap_brushless_Light_top_NoWind_test4,vk_rmse_3d_cm,1.09796500284456
0.05,attitude_run_centered,top,QR_motioncap_brushless_Light_top_NoWind_test5,vk_rmse_3d_cm,0.851693722606053
0.05,attitude_run_centered,top,QR_motioncap_brushless_Light_top_NoWind_test1,kt_rmse_3d_cm,0.612617322994538
0.05,attitude_run_centered,top,QR_motioncap_brushless_Light_top_NoWind_test2,kt_rmse_3d_cm,0.713631542333574
0.05,attitude_run_centered,top,QR_motioncap_brushless_Light_top_NoWind_test3,kt_rmse_3d_cm,1.0456772373361
0.05,attitude_run_centered,top,QR_motioncap_brushless_Light_top_NoWind_test4,kt_rmse_3d_cm,1.38707771301854
0.05,attitude_run_centered,top,QR_motioncap_brushless_Light_top_NoWind_test5,kt_rmse_3d_cm,0.756562578627465
0.05,attitude_run_centered,top,QR_motioncap_brushless_Light_top_NoWind_test1,kalman_pos_std_3d_cm,0.869371596763273
0.05,attitude_run_centered,top,QR_motioncap_brushless_Light_top_NoWind_test2,kalman_pos_std_3d_cm,1.04924626396672
0.05,attitude_run_centered,top,QR_motioncap_brushless_Light_top_NoWind_test3,kalman_pos_std_3d_cm,1.39562828660426
0.05,attitude_run_centered,top,QR_motioncap_brushless_Light_top_NoWind_test4,kalman_pos_std_3d_cm,1.72211714194681
0.05,attitude_run_centered,top,QR_motioncap_brushless_Light_top_NoWind_test5,kalman_pos_std_3d_cm,0.999706688872558
0.05,attitude_run_centered,top,QR_motioncap_brushless_Light_top_NoWind_test1,rpy_std_deg,2.63531833809938
0.05,attitude_run_centered,top,QR_motioncap_brushless_Light_top_NoWind_test2,rpy_std_deg,4.87912928712395
0.05,attitude_run_centered,top,QR_motioncap_brushless_Light_top_NoWind_test3,rpy_std_deg,4.63781521600618
0.05,attitude_run_centered,top,QR_motioncap_brushless_Light_top_NoWind_test4,rpy_std_deg,4.77884293477063
0.05,attitude_run_centered,top,QR_motioncap_brushless_Light_top_NoWind_test5,rpy_std_deg,3.50392156208028
0.05,original_static,bot,QR_motioncap_brushless_Light_bot_NoWind_test1,vt_rmse_3d_cm,1.35093665573243
0.05,original_static,bot,QR_motioncap_brushless_Light_bot_NoWind_test2,vt_rmse_3d_cm,0.60527148755289
0.05,original_static,bot,QR_motioncap_brushless_Light_bot_NoWind_test3,vt_rmse_3d_cm,0.395924085449236
0.05,original_static,bot,QR_motioncap_brushless_Light_bot_NoWind_test4,vt_rmse_3d_cm,0.508158206593469
0.05,original_static,bot,QR_motioncap_brushless_Light_bot_NoWind_test5,vt_rmse_3d_cm,0.397382848841543
0.05,original_static,bot,QR_motioncap_brushless_Light_bot_NoWind_test1,visual_dispersion_3d_cm,0.699647315684498
0.05,original_static,bot,QR_motioncap_brushless_Light_bot_NoWind_test2,visual_dispersion_3d_cm,0.73300504876721
0.05,original_static,bot,QR_motioncap_brushless_Light_bot_NoWind_test3,visual_dispersion_3d_cm,0.314801654244595
0.05,original_static,bot,QR_motioncap_brushless_Light_bot_NoWind_test4,visual_dispersion_3d_cm,0.574206464719778
0.05,original_static,bot,QR_motioncap_brushless_Light_bot_NoWind_test5,visual_dispersion_3d_cm,0.564153324751435
0.05,original_static,bot,QR_motioncap_brushless_Light_bot_NoWind_test1,vk_rmse_3d_cm,1.34035087546834
0.05,original_static,bot,QR_motioncap_brushless_Light_bot_NoWind_test2,vk_rmse_3d_cm,0.0953656081363197
0.05,original_static,bot,QR_motioncap_brushless_Light_bot_NoWind_test3,vk_rmse_3d_cm,0.831112829137446
0.05,original_static,bot,QR_motioncap_brushless_Light_bot_NoWind_test4,vk_rmse_3d_cm,0.350375895032378
0.05,original_static,bot,QR_motioncap_brushless_Light_bot_NoWind_test5,vk_rmse_3d_cm,0.31923679579087
0.05,original_static,bot,QR_motioncap_brushless_Light_bot_NoWind_test1,kt_rmse_3d_cm,0.269776883344322
0.05,original_static,bot,QR_motioncap_brushless_Light_bot_NoWind_test2,kt_rmse_3d_cm,0.621582163958021
0.05,original_static,bot,QR_motioncap_brushless_Light_bot_NoWind_test3,kt_rmse_3d_cm,-0.0241314927665313
0.05,original_static,bot,QR_motioncap_brushless_Light_bot_NoWind_test4,kt_rmse_3d_cm,0.316705828699371
0.05,original_static,bot,QR_motioncap_brushless_Light_bot_NoWind_test5,kt_rmse_3d_cm,0.95367046743974
0.05,original_static,bot,QR_motioncap_brushless_Light_bot_NoWind_test1,kalman_pos_std_3d_cm,0.270479716395184
0.05,original_static,bot,QR_motioncap_brushless_Light_bot_NoWind_test2,kalman_pos_std_3d_cm,0.653451098936926
0.05,original_static,bot,QR_motioncap_brushless_Light_bot_NoWind_test3,kalman_pos_std_3d_cm,-0.101435110307271
0.05,original_static,bot,QR_motioncap_brushless_Light_bot_NoWind_test4,kalman_pos_std_3d_cm,0.264930820228721
0.05,original_static,bot,QR_motioncap_brushless_Light_bot_NoWind_test5,kalman_pos_std_3d_cm,0.974961817023937
0.05,original_static,bot,QR_motioncap_brushless_Light_bot_NoWind_test1,rpy_std_deg,0.571798063838285
0.05,original_static,bot,QR_motioncap_brushless_Light_bot_NoWind_test2,rpy_std_deg,0.261071302182758
0.05,original_static,bot,QR_motioncap_brushless_Light_bot_NoWind_test3,rpy_std_deg,1.08057617802791
0.05,original_static,bot,QR_motioncap_brushless_Light_bot_NoWind_test4,rpy_std_deg,0.672757500689769
0.05,original_static,bot,QR_motioncap_brushless_Light_bot_NoWind_test5,rpy_std_deg,0.766796117117927
0.05,original_static,mid,QR_motioncap_brushless_Light_mid_NoWind_test1,vt_rmse_3d_cm,-0.305122054985915
0.05,original_static,mid,QR_motioncap_brushless_Light_mid_NoWind_test2,vt_rmse_3d_cm,0.250221729643046
0.05,original_static,mid,QR_motioncap_brushless_Light_mid_NoWind_test3,vt_rmse_3d_cm,0.279874581667648
0.05,original_static,mid,QR_motioncap_brushless_Light_mid_NoWind_test4,vt_rmse_3d_cm,0.0076523028921498
0.05,original_static,mid,QR_motioncap_brushless_Light_mid_NoWind_test5,vt_rmse_3d_cm,-0.112471844149681
0.05,original_static,mid,QR_motioncap_brushless_Light_mid_NoWind_test1,visual_dispersion_3d_cm,-0.731773828694545
0.05,original_static,mid,QR_motioncap_brushless_Light_mid_NoWind_test2,visual_dispersion_3d_cm,-0.0198178716584145
0.05,original_static,mid,QR_motioncap_brushless_Light_mid_NoWind_test3,visual_dispersion_3d_cm,-0.169343415619512
0.05,original_static,mid,QR_motioncap_brushless_Light_mid_NoWind_test4,visual_dispersion_3d_cm,-0.203529643783952
0.05,original_static,mid,QR_motioncap_brushless_Light_mid_NoWind_test5,visual_dispersion_3d_cm,-0.488107108241731
0.05,original_static,mid,QR_motioncap_brushless_Light_mid_NoWind_test1,vk_rmse_3d_cm,-0.620033297556925
0.05,original_static,mid,QR_motioncap_brushless_Light_mid_NoWind_test2,vk_rmse_3d_cm,0.291874640451501
0.05,original_static,mid,QR_motioncap_brushless_Light_mid_NoWind_test3,vk_rmse_3d_cm,0.329694959502454
0.05,original_static,mid,QR_motioncap_brushless_Light_mid_NoWind_test4,vk_rmse_3d_cm,0.415792722100473
0.05,original_static,mid,QR_motioncap_brushless_Light_mid_NoWind_test5,vk_rmse_3d_cm,-0.0263808533140542
0.05,original_static,mid,QR_motioncap_brushless_Light_mid_NoWind_test1,kt_rmse_3d_cm,-0.813065485570841
0.05,original_static,mid,QR_motioncap_brushless_Light_mid_NoWind_test2,kt_rmse_3d_cm,-0.6554676913501
0.05,original_static,mid,QR_motioncap_brushless_Light_mid_NoWind_test3,kt_rmse_3d_cm,-0.0175971646041142
0.05,original_static,mid,QR_motioncap_brushless_Light_mid_NoWind_test4,kt_rmse_3d_cm,-0.647463021248939
0.05,original_static,mid,QR_motioncap_brushless_Light_mid_NoWind_test5,kt_rmse_3d_cm,-0.302356300094553
0.05,original_static,mid,QR_motioncap_brushless_Light_mid_NoWind_test1,kalman_pos_std_3d_cm,-0.870221896971507
0.05,original_static,mid,QR_motioncap_brushless_Light_mid_NoWind_test2,kalman_pos_std_3d_cm,-0.687473773614278
0.05,original_static,mid,QR_motioncap_brushless_Light_mid_NoWind_test3,kalman_pos_std_3d_cm,-0.0142033126668966
0.05,original_static,mid,QR_motioncap_brushless_Light_mid_NoWind_test4,kalman_pos_std_3d_cm,-0.642637019056686
0.05,original_static,mid,QR_motioncap_brushless_Light_mid_NoWind_test5,kalman_pos_std_3d_cm,-0.332252274801267
0.05,original_static,mid,QR_motioncap_brushless_Light_mid_NoWind_test1,rpy_std_deg,-3.18401104449778
0.05,original_static,mid,QR_motioncap_brushless_Light_mid_NoWind_test2,rpy_std_deg,-0.907980464810483
0.05,original_static,mid,QR_motioncap_brushless_Light_mid_NoWind_test3,rpy_std_deg,-1.90317877561837
0.05,original_static,mid,QR_motioncap_brushless_Light_mid_NoWind_test4,rpy_std_deg,-1.17024939106439
0.05,original_static,mid,QR_motioncap_brushless_Light_mid_NoWind_test5,rpy_std_deg,-1.51663842476397
0.05,original_static,top,QR_motioncap_brushless_Light_top_NoWind_test1,vt_rmse_3d_cm,0.878274031907142
0.05,original_static,top,QR_motioncap_brushless_Light_top_NoWind_test2,vt_rmse_3d_cm,1.87830593184119
0.05,original_static,top,QR_motioncap_brushless_Light_top_NoWind_test3,vt_rmse_3d_cm,2.24144221802294
0.05,original_static,top,QR_motioncap_brushless_Light_top_NoWind_test4,vt_rmse_3d_cm,1.85751279617409
0.05,original_static,top,QR_motioncap_brushless_Light_top_NoWind_test5,vt_rmse_3d_cm,2.05784885558867
0.05,original_static,top,QR_motioncap_brushless_Light_top_NoWind_test1,visual_dispersion_3d_cm,1.40550763974135
0.05,original_static,top,QR_motioncap_brushless_Light_top_NoWind_test2,visual_dispersion_3d_cm,2.26129507139731
0.05,original_static,top,QR_motioncap_brushless_Light_top_NoWind_test3,visual_dispersion_3d_cm,2.47380566801021
0.05,original_static,top,QR_motioncap_brushless_Light_top_NoWind_test4,visual_dispersion_3d_cm,2.37173483598015
0.05,original_static,top,QR_motioncap_brushless_Light_top_NoWind_test5,visual_dispersion_3d_cm,1.72092643059643
0.05,original_static,top,QR_motioncap_brushless_Light_top_NoWind_test1,vk_rmse_3d_cm,0.572262760746301
0.05,original_static,top,QR_motioncap_brushless_Light_top_NoWind_test2,vk_rmse_3d_cm,2.09962875039964
0.05,original_static,top,QR_motioncap_brushless_Light_top_NoWind_test3,vk_rmse_3d_cm,2.50193374896504
0.05,original_static,top,QR_motioncap_brushless_Light_top_NoWind_test4,vk_rmse_3d_cm,2.15213949851558
0.05,original_static,top,QR_motioncap_brushless_Light_top_NoWind_test5,vk_rmse_3d_cm,1.83782744395428
0.05,original_static,top,QR_motioncap_brushless_Light_top_NoWind_test1,kt_rmse_3d_cm,0.612617322994538
0.05,original_static,top,QR_motioncap_brushless_Light_top_NoWind_test2,kt_rmse_3d_cm,0.713631542333574
0.05,original_static,top,QR_motioncap_brushless_Light_top_NoWind_test3,kt_rmse_3d_cm,1.0456772373361
0.05,original_static,top,QR_motioncap_brushless_Light_top_NoWind_test4,kt_rmse_3d_cm,1.38707771301854
0.05,original_static,top,QR_motioncap_brushless_Light_top_NoWind_test5,kt_rmse_3d_cm,0.756562578627465
0.05,original_static,top,QR_motioncap_brushless_Light_top_NoWind_test1,kalman_pos_std_3d_cm,0.869371596763273
0.05,original_static,top,QR_motioncap_brushless_Light_top_NoWind_test2,kalman_pos_std_3d_cm,1.04924626396672
0.05,original_static,top,QR_motioncap_brushless_Light_top_NoWind_test3,kalman_pos_std_3d_cm,1.39562828660426
0.05,original_static,top,QR_motioncap_brushless_Light_top_NoWind_test4,kalman_pos_std_3d_cm,1.72211714194681
0.05,original_static,top,QR_motioncap_brushless_Light_top_NoWind_test5,kalman_pos_std_3d_cm,0.999706688872558
0.05,original_static,top,QR_motioncap_brushless_Light_top_NoWind_test1,rpy_std_deg,2.63531833809938
0.05,original_static,top,QR_motioncap_brushless_Light_top_NoWind_test2,rpy_std_deg,4.87912928712395
0.05,original_static,top,QR_motioncap_brushless_Light_top_NoWind_test3,rpy_std_deg,4.63781521600618
0.05,original_static,top,QR_motioncap_brushless_Light_top_NoWind_test4,rpy_std_deg,4.77884293477063
0.05,original_static,top,QR_motioncap_brushless_Light_top_NoWind_test5,rpy_std_deg,3.50392156208028
0.1,attitude_absolute,bot,QR_motioncap_brushless_Light_bot_NoWind_test1,vt_rmse_3d_cm,0.804023146632951
0.1,attitude_absolute,bot,QR_motioncap_brushless_Light_bot_NoWind_test2,vt_rmse_3d_cm,0.556523472581536
0.1,attitude_absolute,bot,QR_motioncap_brushless_Light_bot_NoWind_test3,vt_rmse_3d_cm,0.189697103424499
0.1,attitude_absolute,bot,QR_motioncap_brushless_Light_bot_NoWind_test4,vt_rmse_3d_cm,0.124001512869998
0.1,attitude_absolute,bot,QR_motioncap_brushless_Light_bot_NoWind_test5,vt_rmse_3d_cm,0.60294504432301
0.1,attitude_absolute,bot,QR_motioncap_brushless_Light_bot_NoWind_test1,visual_dispersion_3d_cm,0.140714734636855
0.1,attitude_absolute,bot,QR_motioncap_brushless_Light_bot_NoWind_test2,visual_dispersion_3d_cm,0.677736376945255
0.1,attitude_absolute,bot,QR_motioncap_brushless_Light_bot_NoWind_test3,visual_dispersion_3d_cm,0.10204782014326
0.1,attitude_absolute,bot,QR_motioncap_brushless_Light_bot_NoWind_test4,visual_dispersion_3d_cm,0.209454371268802
0.1,attitude_absolute,bot,QR_motioncap_brushless_Light_bot_NoWind_test5,visual_dispersion_3d_cm,0.798946032292761
0.1,attitude_absolute,bot,QR_motioncap_brushless_Light_bot_NoWind_test1,vk_rmse_3d_cm,1.0045623854075
0.1,attitude_absolute,bot,QR_motioncap_brushless_Light_bot_NoWind_test2,vk_rmse_3d_cm,0.0977683273341063
0.1,attitude_absolute,bot,QR_motioncap_brushless_Light_bot_NoWind_test3,vk_rmse_3d_cm,0.297027567812282
0.1,attitude_absolute,bot,QR_motioncap_brushless_Light_bot_NoWind_test4,vk_rmse_3d_cm,0.233196017075286
0.1,attitude_absolute,bot,QR_motioncap_brushless_Light_bot_NoWind_test5,vk_rmse_3d_cm,0.440396090212336
0.1,attitude_absolute,bot,QR_motioncap_brushless_Light_bot_NoWind_test1,kt_rmse_3d_cm,0.270058438075383
0.1,attitude_absolute,bot,QR_motioncap_brushless_Light_bot_NoWind_test2,kt_rmse_3d_cm,0.598411324778342
0.1,attitude_absolute,bot,QR_motioncap_brushless_Light_bot_NoWind_test3,kt_rmse_3d_cm,-0.0180928220697356
0.1,attitude_absolute,bot,QR_motioncap_brushless_Light_bot_NoWind_test4,kt_rmse_3d_cm,0.317152894557785
0.1,attitude_absolute,bot,QR_motioncap_brushless_Light_bot_NoWind_test5,kt_rmse_3d_cm,0.949048493928621
0.1,attitude_absolute,bot,QR_motioncap_brushless_Light_bot_NoWind_test1,kalman_pos_std_3d_cm,0.271605640347981
0.1,attitude_absolute,bot,QR_motioncap_brushless_Light_bot_NoWind_test2,kalman_pos_std_3d_cm,0.633618249187652
0.1,attitude_absolute,bot,QR_motioncap_brushless_Light_bot_NoWind_test3,kalman_pos_std_3d_cm,-0.0944202835490136
0.1,attitude_absolute,bot,QR_motioncap_brushless_Light_bot_NoWind_test4,kalman_pos_std_3d_cm,0.268803591721461
0.1,attitude_absolute,bot,QR_motioncap_brushless_Light_bot_NoWind_test5,kalman_pos_std_3d_cm,0.968719710278426
0.1,attitude_absolute,bot,QR_motioncap_brushless_Light_bot_NoWind_test1,rpy_std_deg,0.561997905559962
0.1,attitude_absolute,bot,QR_motioncap_brushless_Light_bot_NoWind_test2,rpy_std_deg,0.263403535308705
0.1,attitude_absolute,bot,QR_motioncap_brushless_Light_bot_NoWind_test3,rpy_std_deg,1.08470856197093
0.1,attitude_absolute,bot,QR_motioncap_brushless_Light_bot_NoWind_test4,rpy_std_deg,0.67875774321602
0.1,attitude_absolute,bot,QR_motioncap_brushless_Light_bot_NoWind_test5,rpy_std_deg,0.764408400046088
0.1,attitude_absolute,mid,QR_motioncap_brushless_Light_mid_NoWind_test1,vt_rmse_3d_cm,0.0607958839810618
0.1,attitude_absolute,mid,QR_motioncap_brushless_Light_mid_NoWind_test2,vt_rmse_3d_cm,-0.180008720989008
0.1,attitude_absolute,mid,QR_motioncap_brushless_Light_mid_NoWind_test3,vt_rmse_3d_cm,0.621510990215132
0.1,attitude_absolute,mid,QR_motioncap_brushless_Light_mid_NoWind_test4,vt_rmse_3d_cm,-0.171118705700909
0.1,attitude_absolute,mid,QR_motioncap_brushless_Light_mid_NoWind_test5,vt_rmse_3d_cm,0.502331741014054
0.1,attitude_absolute,mid,QR_motioncap_brushless_Light_mid_NoWind_test1,visual_dispersion_3d_cm,-0.377710404034593
0.1,attitude_absolute,mid,QR_motioncap_brushless_Light_mid_NoWind_test2,visual_dispersion_3d_cm,-0.458701452972556
0.1,attitude_absolute,mid,QR_motioncap_brushless_Light_mid_NoWind_test3,visual_dispersion_3d_cm,0.265828140131398
0.1,attitude_absolute,mid,QR_motioncap_brushless_Light_mid_NoWind_test4,visual_dispersion_3d_cm,-0.548297485138754
0.1,attitude_absolute,mid,QR_motioncap_brushless_Light_mid_NoWind_test5,visual_dispersion_3d_cm,0.0900836640845695
0.1,attitude_absolute,mid,QR_motioncap_brushless_Light_mid_NoWind_test1,vk_rmse_3d_cm,0.471503791178365
0.1,attitude_absolute,mid,QR_motioncap_brushless_Light_mid_NoWind_test2,vk_rmse_3d_cm,0.720840889384303
0.1,attitude_absolute,mid,QR_motioncap_brushless_Light_mid_NoWind_test3,vk_rmse_3d_cm,1.21467545442584
0.1,attitude_absolute,mid,QR_motioncap_brushless_Light_mid_NoWind_test4,vk_rmse_3d_cm,0.483349988835287
0.1,attitude_absolute,mid,QR_motioncap_brushless_Light_mid_NoWind_test5,vk_rmse_3d_cm,0.528869091777291
0.1,attitude_absolute,mid,QR_motioncap_brushless_Light_mid_NoWind_test1,kt_rmse_3d_cm,-0.820854344066696
0.1,attitude_absolute,mid,QR_motioncap_brushless_Light_mid_NoWind_test2,kt_rmse_3d_cm,-0.672325855815722
0.1,attitude_absolute,mid,QR_motioncap_brushless_Light_mid_NoWind_test3,kt_rmse_3d_cm,-0.0274783529222771
0.1,attitude_absolute,mid,QR_motioncap_brushless_Light_mid_NoWind_test4,kt_rmse_3d_cm,-0.669026915069864
0.1,attitude_absolute,mid,QR_motioncap_brushless_Light_mid_NoWind_test5,kt_rmse_3d_cm,-0.368762318897795
0.1,attitude_absolute,mid,QR_motioncap_brushless_Light_mid_NoWind_test1,kalman_pos_std_3d_cm,-0.877018963330137
0.1,attitude_absolute,mid,QR_motioncap_brushless_Light_mid_NoWind_test2,kalman_pos_std_3d_cm,-0.705192938130164
0.1,attitude_absolute,mid,QR_motioncap_brushless_Light_mid_NoWind_test3,kalman_pos_std_3d_cm,-0.0248327067489171
0.1,attitude_absolute,mid,QR_motioncap_brushless_Light_mid_NoWind_test4,kalman_pos_std_3d_cm,-0.666274687305243
0.1,attitude_absolute,mid,QR_motioncap_brushless_Light_mid_NoWind_test5,kalman_pos_std_3d_cm,-0.401653629951527
0.1,attitude_absolute,mid,QR_motioncap_brushless_Light_mid_NoWind_test1,rpy_std_deg,-3.19034490102807
0.1,attitude_absolute,mid,QR_motioncap_brushless_Light_mid_NoWind_test2,rpy_std_deg,-0.92375447457828
0.1,attitude_absolute,mid,QR_motioncap_brushless_Light_mid_NoWind_test3,rpy_std_deg,-1.89701944081155
0.1,attitude_absolute,mid,QR_motioncap_brushless_Light_mid_NoWind_test4,rpy_std_deg,-1.17141605868309
0.1,attitude_absolute,mid,QR_motioncap_brushless_Light_mid_NoWind_test5,rpy_std_deg,-1.49891392340478
0.1,attitude_absolute,top,QR_motioncap_brushless_Light_top_NoWind_test1,vt_rmse_3d_cm,1.09821987625126
0.1,attitude_absolute,top,QR_motioncap_brushless_Light_top_NoWind_test2,vt_rmse_3d_cm,0.901138429033796
0.1,attitude_absolute,top,QR_motioncap_brushless_Light_top_NoWind_test3,vt_rmse_3d_cm,1.46616576903604
0.1,attitude_absolute,top,QR_motioncap_brushless_Light_top_NoWind_test4,vt_rmse_3d_cm,1.65193849844295
0.1,attitude_absolute,top,QR_motioncap_brushless_Light_top_NoWind_test5,vt_rmse_3d_cm,0.953589941124936
0.1,attitude_absolute,top,QR_motioncap_brushless_Light_top_NoWind_test1,visual_dispersion_3d_cm,1.44771229701737
0.1,attitude_absolute,top,QR_motioncap_brushless_Light_top_NoWind_test2,visual_dispersion_3d_cm,1.53969998465738
0.1,attitude_absolute,top,QR_motioncap_brushless_Light_top_NoWind_test3,visual_dispersion_3d_cm,1.98938355949759
0.1,attitude_absolute,top,QR_motioncap_brushless_Light_top_NoWind_test4,visual_dispersion_3d_cm,2.28792122935335
0.1,attitude_absolute,top,QR_motioncap_brushless_Light_top_NoWind_test5,visual_dispersion_3d_cm,1.37963357052593
0.1,attitude_absolute,top,QR_motioncap_brushless_Light_top_NoWind_test1,vk_rmse_3d_cm,1.15073558544223
0.1,attitude_absolute,top,QR_motioncap_brushless_Light_top_NoWind_test2,vk_rmse_3d_cm,1.22220207873985
0.1,attitude_absolute,top,QR_motioncap_brushless_Light_top_NoWind_test3,vk_rmse_3d_cm,1.65729853961877
0.1,attitude_absolute,top,QR_motioncap_brushless_Light_top_NoWind_test4,vk_rmse_3d_cm,1.33042295765574
0.1,attitude_absolute,top,QR_motioncap_brushless_Light_top_NoWind_test5,vk_rmse_3d_cm,0.948696708767869
0.1,attitude_absolute,top,QR_motioncap_brushless_Light_top_NoWind_test1,kt_rmse_3d_cm,0.621705803129468
0.1,attitude_absolute,top,QR_motioncap_brushless_Light_top_NoWind_test2,kt_rmse_3d_cm,0.72990246367177
0.1,attitude_absolute,top,QR_motioncap_brushless_Light_top_NoWind_test3,kt_rmse_3d_cm,1.0589400924308
0.1,attitude_absolute,top,QR_motioncap_brushless_Light_top_NoWind_test4,kt_rmse_3d_cm,1.39966280221281
0.1,attitude_absolute,top,QR_motioncap_brushless_Light_top_NoWind_test5,kt_rmse_3d_cm,0.756474262654192
0.1,attitude_absolute,top,QR_motioncap_brushless_Light_top_NoWind_test1,kalman_pos_std_3d_cm,0.878307051772274
0.1,attitude_absolute,top,QR_motioncap_brushless_Light_top_NoWind_test2,kalman_pos_std_3d_cm,1.06655667334426
0.1,attitude_absolute,top,QR_motioncap_brushless_Light_top_NoWind_test3,kalman_pos_std_3d_cm,1.40842377295942
0.1,attitude_absolute,top,QR_motioncap_brushless_Light_top_NoWind_test4,kalman_pos_std_3d_cm,1.73368542478354
0.1,attitude_absolute,top,QR_motioncap_brushless_Light_top_NoWind_test5,kalman_pos_std_3d_cm,1.00109845129789
0.1,attitude_absolute,top,QR_motioncap_brushless_Light_top_NoWind_test1,rpy_std_deg,2.63769782555963
0.1,attitude_absolute,top,QR_motioncap_brushless_Light_top_NoWind_test2,rpy_std_deg,4.87779071287334
0.1,attitude_absolute,top,QR_motioncap_brushless_Light_top_NoWind_test3,rpy_std_deg,4.63881316613353
0.1,attitude_absolute,top,QR_motioncap_brushless_Light_top_NoWind_test4,rpy_std_deg,4.77712627336133
0.1,attitude_absolute,top,QR_motioncap_brushless_Light_top_NoWind_test5,rpy_std_deg,3.49282983972056
0.1,attitude_run_centered,bot,QR_motioncap_brushless_Light_bot_NoWind_test1,vt_rmse_3d_cm,0.803507492430379
0.1,attitude_run_centered,bot,QR_motioncap_brushless_Light_bot_NoWind_test2,vt_rmse_3d_cm,0.541839022979201
0.1,attitude_run_centered,bot,QR_motioncap_brushless_Light_bot_NoWind_test3,vt_rmse_3d_cm,0.202265411388135
0.1,attitude_run_centered,bot,QR_motioncap_brushless_Light_bot_NoWind_test4,vt_rmse_3d_cm,0.110375704354954
0.1,attitude_run_centered,bot,QR_motioncap_brushless_Light_bot_NoWind_test5,vt_rmse_3d_cm,0.601535395057738
0.1,attitude_run_centered,bot,QR_motioncap_brushless_Light_bot_NoWind_test1,visual_dispersion_3d_cm,0.140742082620876
0.1,attitude_run_centered,bot,QR_motioncap_brushless_Light_bot_NoWind_test2,visual_dispersion_3d_cm,0.677656377313398
0.1,attitude_run_centered,bot,QR_motioncap_brushless_Light_bot_NoWind_test3,visual_dispersion_3d_cm,0.10192092467888
0.1,attitude_run_centered,bot,QR_motioncap_brushless_Light_bot_NoWind_test4,visual_dispersion_3d_cm,0.209806553127898
0.1,attitude_run_centered,bot,QR_motioncap_brushless_Light_bot_NoWind_test5,visual_dispersion_3d_cm,0.798791438670663
0.1,attitude_run_centered,bot,QR_motioncap_brushless_Light_bot_NoWind_test1,vk_rmse_3d_cm,1.00632373977521
0.1,attitude_run_centered,bot,QR_motioncap_brushless_Light_bot_NoWind_test2,vk_rmse_3d_cm,0.0805214356800734
0.1,attitude_run_centered,bot,QR_motioncap_brushless_Light_bot_NoWind_test3,vk_rmse_3d_cm,0.306801144070557
0.1,attitude_run_centered,bot,QR_motioncap_brushless_Light_bot_NoWind_test4,vk_rmse_3d_cm,0.204433946597758
0.1,attitude_run_centered,bot,QR_motioncap_brushless_Light_bot_NoWind_test5,vk_rmse_3d_cm,0.439176954892869
0.1,attitude_run_centered,bot,QR_motioncap_brushless_Light_bot_NoWind_test1,kt_rmse_3d_cm,0.270058438075383
0.1,attitude_run_centered,bot,QR_motioncap_brushless_Light_bot_NoWind_test2,kt_rmse_3d_cm,0.598411324778342
0.1,attitude_run_centered,bot,QR_motioncap_brushless_Light_bot_NoWind_test3,kt_rmse_3d_cm,-0.0180928220697356
0.1,attitude_run_centered,bot,QR_motioncap_brushless_Light_bot_NoWind_test4,kt_rmse_3d_cm,0.317152894557785
0.1,attitude_run_centered,bot,QR_motioncap_brushless_Light_bot_NoWind_test5,kt_rmse_3d_cm,0.949048493928621
0.1,attitude_run_centered,bot,QR_motioncap_brushless_Light_bot_NoWind_test1,kalman_pos_std_3d_cm,0.271605640347981
0.1,attitude_run_centered,bot,QR_motioncap_brushless_Light_bot_NoWind_test2,kalman_pos_std_3d_cm,0.633618249187652
0.1,attitude_run_centered,bot,QR_motioncap_brushless_Light_bot_NoWind_test3,kalman_pos_std_3d_cm,-0.0944202835490136
0.1,attitude_run_centered,bot,QR_motioncap_brushless_Light_bot_NoWind_test4,kalman_pos_std_3d_cm,0.268803591721461
0.1,attitude_run_centered,bot,QR_motioncap_brushless_Light_bot_NoWind_test5,kalman_pos_std_3d_cm,0.968719710278426
0.1,attitude_run_centered,bot,QR_motioncap_brushless_Light_bot_NoWind_test1,rpy_std_deg,0.561997905559962
0.1,attitude_run_centered,bot,QR_motioncap_brushless_Light_bot_NoWind_test2,rpy_std_deg,0.263403535308705
0.1,attitude_run_centered,bot,QR_motioncap_brushless_Light_bot_NoWind_test3,rpy_std_deg,1.08470856197093
0.1,attitude_run_centered,bot,QR_motioncap_brushless_Light_bot_NoWind_test4,rpy_std_deg,0.67875774321602
0.1,attitude_run_centered,bot,QR_motioncap_brushless_Light_bot_NoWind_test5,rpy_std_deg,0.764408400046088
0.1,attitude_run_centered,mid,QR_motioncap_brushless_Light_mid_NoWind_test1,vt_rmse_3d_cm,0.0664418289726414
0.1,attitude_run_centered,mid,QR_motioncap_brushless_Light_mid_NoWind_test2,vt_rmse_3d_cm,-0.170248373050446
0.1,attitude_run_centered,mid,QR_motioncap_brushless_Light_mid_NoWind_test3,vt_rmse_3d_cm,0.676559083317338
0.1,attitude_run_centered,mid,QR_motioncap_brushless_Light_mid_NoWind_test4,vt_rmse_3d_cm,-0.23960129574973
0.1,attitude_run_centered,mid,QR_motioncap_brushless_Light_mid_NoWind_test5,vt_rmse_3d_cm,0.554327734575645
0.1,attitude_run_centered,mid,QR_motioncap_brushless_Light_mid_NoWind_test1,visual_dispersion_3d_cm,-0.377854867253606
0.1,attitude_run_centered,mid,QR_motioncap_brushless_Light_mid_NoWind_test2,visual_dispersion_3d_cm,-0.459610060229039
0.1,attitude_run_centered,mid,QR_motioncap_brushless_Light_mid_NoWind_test3,visual_dispersion_3d_cm,0.264998287010053
0.1,attitude_run_centered,mid,QR_motioncap_brushless_Light_mid_NoWind_test4,visual_dispersion_3d_cm,-0.547889569077177
0.1,attitude_run_centered,mid,QR_motioncap_brushless_Light_mid_NoWind_test5,visual_dispersion_3d_cm,0.0901931202083865
0.1,attitude_run_centered,mid,QR_motioncap_brushless_Light_mid_NoWind_test1,vk_rmse_3d_cm,0.513070845596055
0.1,attitude_run_centered,mid,QR_motioncap_brushless_Light_mid_NoWind_test2,vk_rmse_3d_cm,0.741880407767455
0.1,attitude_run_centered,mid,QR_motioncap_brushless_Light_mid_NoWind_test3,vk_rmse_3d_cm,1.27912858780896
0.1,attitude_run_centered,mid,QR_motioncap_brushless_Light_mid_NoWind_test4,vk_rmse_3d_cm,0.390750371120468
0.1,attitude_run_centered,mid,QR_motioncap_brushless_Light_mid_NoWind_test5,vk_rmse_3d_cm,0.568496785640207
0.1,attitude_run_centered,mid,QR_motioncap_brushless_Light_mid_NoWind_test1,kt_rmse_3d_cm,-0.820854344066696
0.1,attitude_run_centered,mid,QR_motioncap_brushless_Light_mid_NoWind_test2,kt_rmse_3d_cm,-0.672325855815722
0.1,attitude_run_centered,mid,QR_motioncap_brushless_Light_mid_NoWind_test3,kt_rmse_3d_cm,-0.0274783529222771
0.1,attitude_run_centered,mid,QR_motioncap_brushless_Light_mid_NoWind_test4,kt_rmse_3d_cm,-0.669026915069864
0.1,attitude_run_centered,mid,QR_motioncap_brushless_Light_mid_NoWind_test5,kt_rmse_3d_cm,-0.368762318897795
0.1,attitude_run_centered,mid,QR_motioncap_brushless_Light_mid_NoWind_test1,kalman_pos_std_3d_cm,-0.877018963330137
0.1,attitude_run_centered,mid,QR_motioncap_brushless_Light_mid_NoWind_test2,kalman_pos_std_3d_cm,-0.705192938130164
0.1,attitude_run_centered,mid,QR_motioncap_brushless_Light_mid_NoWind_test3,kalman_pos_std_3d_cm,-0.0248327067489171
0.1,attitude_run_centered,mid,QR_motioncap_brushless_Light_mid_NoWind_test4,kalman_pos_std_3d_cm,-0.666274687305243
0.1,attitude_run_centered,mid,QR_motioncap_brushless_Light_mid_NoWind_test5,kalman_pos_std_3d_cm,-0.401653629951527
0.1,attitude_run_centered,mid,QR_motioncap_brushless_Light_mid_NoWind_test1,rpy_std_deg,-3.19034490102807
0.1,attitude_run_centered,mid,QR_motioncap_brushless_Light_mid_NoWind_test2,rpy_std_deg,-0.92375447457828
0.1,attitude_run_centered,mid,QR_motioncap_brushless_Light_mid_NoWind_test3,rpy_std_deg,-1.89701944081155
0.1,attitude_run_centered,mid,QR_motioncap_brushless_Light_mid_NoWind_test4,rpy_std_deg,-1.17141605868309
0.1,attitude_run_centered,mid,QR_motioncap_brushless_Light_mid_NoWind_test5,rpy_std_deg,-1.49891392340478
0.1,attitude_run_centered,top,QR_motioncap_brushless_Light_top_NoWind_test1,vt_rmse_3d_cm,1.06936024338085
0.1,attitude_run_centered,top,QR_motioncap_brushless_Light_top_NoWind_test2,vt_rmse_3d_cm,0.875937747777843
0.1,attitude_run_centered,top,QR_motioncap_brushless_Light_top_NoWind_test3,vt_rmse_3d_cm,1.44435476053605
0.1,attitude_run_centered,top,QR_motioncap_brushless_Light_top_NoWind_test4,vt_rmse_3d_cm,1.65181902136633
0.1,attitude_run_centered,top,QR_motioncap_brushless_Light_top_NoWind_test5,vt_rmse_3d_cm,0.948925858974098
0.1,attitude_run_centered,top,QR_motioncap_brushless_Light_top_NoWind_test1,visual_dispersion_3d_cm,1.44663032502639
0.1,attitude_run_centered,top,QR_motioncap_brushless_Light_top_NoWind_test2,visual_dispersion_3d_cm,1.54026114452936
0.1,attitude_run_centered,top,QR_motioncap_brushless_Light_top_NoWind_test3,visual_dispersion_3d_cm,1.98920144302869
0.1,attitude_run_centered,top,QR_motioncap_brushless_Light_top_NoWind_test4,visual_dispersion_3d_cm,2.28849545017057
0.1,attitude_run_centered,top,QR_motioncap_brushless_Light_top_NoWind_test5,visual_dispersion_3d_cm,1.37932146350907
0.1,attitude_run_centered,top,QR_motioncap_brushless_Light_top_NoWind_test1,vk_rmse_3d_cm,1.10876340747675
0.1,attitude_run_centered,top,QR_motioncap_brushless_Light_top_NoWind_test2,vk_rmse_3d_cm,1.19910850005876
0.1,attitude_run_centered,top,QR_motioncap_brushless_Light_top_NoWind_test3,vk_rmse_3d_cm,1.63851836380087
0.1,attitude_run_centered,top,QR_motioncap_brushless_Light_top_NoWind_test4,vk_rmse_3d_cm,1.3271029323942
0.1,attitude_run_centered,top,QR_motioncap_brushless_Light_top_NoWind_test5,vk_rmse_3d_cm,0.93536964402614
0.1,attitude_run_centered,top,QR_motioncap_brushless_Light_top_NoWind_test1,kt_rmse_3d_cm,0.621705803129468
0.1,attitude_run_centered,top,QR_motioncap_brushless_Light_top_NoWind_test2,kt_rmse_3d_cm,0.72990246367177
0.1,attitude_run_centered,top,QR_motioncap_brushless_Light_top_NoWind_test3,kt_rmse_3d_cm,1.0589400924308
0.1,attitude_run_centered,top,QR_motioncap_brushless_Light_top_NoWind_test4,kt_rmse_3d_cm,1.39966280221281
0.1,attitude_run_centered,top,QR_motioncap_brushless_Light_top_NoWind_test5,kt_rmse_3d_cm,0.756474262654192
0.1,attitude_run_centered,top,QR_motioncap_brushless_Light_top_NoWind_test1,kalman_pos_std_3d_cm,0.878307051772274
0.1,attitude_run_centered,top,QR_motioncap_brushless_Light_top_NoWind_test2,kalman_pos_std_3d_cm,1.06655667334426
0.1,attitude_run_centered,top,QR_motioncap_brushless_Light_top_NoWind_test3,kalman_pos_std_3d_cm,1.40842377295942
0.1,attitude_run_centered,top,QR_motioncap_brushless_Light_top_NoWind_test4,kalman_pos_std_3d_cm,1.73368542478354
0.1,attitude_run_centered,top,QR_motioncap_brushless_Light_top_NoWind_test5,kalman_pos_std_3d_cm,1.00109845129789
0.1,attitude_run_centered,top,QR_motioncap_brushless_Light_top_NoWind_test1,rpy_std_deg,2.63769782555963
0.1,attitude_run_centered,top,QR_motioncap_brushless_Light_top_NoWind_test2,rpy_std_deg,4.87779071287334
0.1,attitude_run_centered,top,QR_motioncap_brushless_Light_top_NoWind_test3,rpy_std_deg,4.63881316613353
0.1,attitude_run_centered,top,QR_motioncap_brushless_Light_top_NoWind_test4,rpy_std_deg,4.77712627336133
0.1,attitude_run_centered,top,QR_motioncap_brushless_Light_top_NoWind_test5,rpy_std_deg,3.49282983972056
0.1,original_static,bot,QR_motioncap_brushless_Light_bot_NoWind_test1,vt_rmse_3d_cm,1.35093665573243
0.1,original_static,bot,QR_motioncap_brushless_Light_bot_NoWind_test2,vt_rmse_3d_cm,0.60527148755289
0.1,original_static,bot,QR_motioncap_brushless_Light_bot_NoWind_test3,vt_rmse_3d_cm,0.395924085449236
0.1,original_static,bot,QR_motioncap_brushless_Light_bot_NoWind_test4,vt_rmse_3d_cm,0.508158206593469
0.1,original_static,bot,QR_motioncap_brushless_Light_bot_NoWind_test5,vt_rmse_3d_cm,0.397382848841543
0.1,original_static,bot,QR_motioncap_brushless_Light_bot_NoWind_test1,visual_dispersion_3d_cm,0.699647315684498
0.1,original_static,bot,QR_motioncap_brushless_Light_bot_NoWind_test2,visual_dispersion_3d_cm,0.73300504876721
0.1,original_static,bot,QR_motioncap_brushless_Light_bot_NoWind_test3,visual_dispersion_3d_cm,0.314801654244595
0.1,original_static,bot,QR_motioncap_brushless_Light_bot_NoWind_test4,visual_dispersion_3d_cm,0.574206464719778
0.1,original_static,bot,QR_motioncap_brushless_Light_bot_NoWind_test5,visual_dispersion_3d_cm,0.564153324751435
0.1,original_static,bot,QR_motioncap_brushless_Light_bot_NoWind_test1,vk_rmse_3d_cm,1.36568550188275
0.1,original_static,bot,QR_motioncap_brushless_Light_bot_NoWind_test2,vk_rmse_3d_cm,0.090871148971726
0.1,original_static,bot,QR_motioncap_brushless_Light_bot_NoWind_test3,vk_rmse_3d_cm,0.888401804015341
0.1,original_static,bot,QR_motioncap_brushless_Light_bot_NoWind_test4,vk_rmse_3d_cm,0.423959062132421
0.1,original_static,bot,QR_motioncap_brushless_Light_bot_NoWind_test5,vk_rmse_3d_cm,0.370782875015514
0.1,original_static,bot,QR_motioncap_brushless_Light_bot_NoWind_test1,kt_rmse_3d_cm,0.270058438075383
0.1,original_static,bot,QR_motioncap_brushless_Light_bot_NoWind_test2,kt_rmse_3d_cm,0.598411324778342
0.1,original_static,bot,QR_motioncap_brushless_Light_bot_NoWind_test3,kt_rmse_3d_cm,-0.0180928220697356
0.1,original_static,bot,QR_motioncap_brushless_Light_bot_NoWind_test4,kt_rmse_3d_cm,0.317152894557785
0.1,original_static,bot,QR_motioncap_brushless_Light_bot_NoWind_test5,kt_rmse_3d_cm,0.949048493928621
0.1,original_static,bot,QR_motioncap_brushless_Light_bot_NoWind_test1,kalman_pos_std_3d_cm,0.271605640347981
0.1,original_static,bot,QR_motioncap_brushless_Light_bot_NoWind_test2,kalman_pos_std_3d_cm,0.633618249187652
0.1,original_static,bot,QR_motioncap_brushless_Light_bot_NoWind_test3,kalman_pos_std_3d_cm,-0.0944202835490136
0.1,original_static,bot,QR_motioncap_brushless_Light_bot_NoWind_test4,kalman_pos_std_3d_cm,0.268803591721461
0.1,original_static,bot,QR_motioncap_brushless_Light_bot_NoWind_test5,kalman_pos_std_3d_cm,0.968719710278426
0.1,original_static,bot,QR_motioncap_brushless_Light_bot_NoWind_test1,rpy_std_deg,0.561997905559962
0.1,original_static,bot,QR_motioncap_brushless_Light_bot_NoWind_test2,rpy_std_deg,0.263403535308705
0.1,original_static,bot,QR_motioncap_brushless_Light_bot_NoWind_test3,rpy_std_deg,1.08470856197093
0.1,original_static,bot,QR_motioncap_brushless_Light_bot_NoWind_test4,rpy_std_deg,0.67875774321602
0.1,original_static,bot,QR_motioncap_brushless_Light_bot_NoWind_test5,rpy_std_deg,0.764408400046088
0.1,original_static,mid,QR_motioncap_brushless_Light_mid_NoWind_test1,vt_rmse_3d_cm,-0.305122054985915
0.1,original_static,mid,QR_motioncap_brushless_Light_mid_NoWind_test2,vt_rmse_3d_cm,0.250221729643046
0.1,original_static,mid,QR_motioncap_brushless_Light_mid_NoWind_test3,vt_rmse_3d_cm,0.279874581667648
0.1,original_static,mid,QR_motioncap_brushless_Light_mid_NoWind_test4,vt_rmse_3d_cm,0.0076523028921498
0.1,original_static,mid,QR_motioncap_brushless_Light_mid_NoWind_test5,vt_rmse_3d_cm,-0.112471844149681
0.1,original_static,mid,QR_motioncap_brushless_Light_mid_NoWind_test1,visual_dispersion_3d_cm,-0.731773828694545
0.1,original_static,mid,QR_motioncap_brushless_Light_mid_NoWind_test2,visual_dispersion_3d_cm,-0.0198178716584145
0.1,original_static,mid,QR_motioncap_brushless_Light_mid_NoWind_test3,visual_dispersion_3d_cm,-0.169343415619512
0.1,original_static,mid,QR_motioncap_brushless_Light_mid_NoWind_test4,visual_dispersion_3d_cm,-0.203529643783952
0.1,original_static,mid,QR_motioncap_brushless_Light_mid_NoWind_test5,visual_dispersion_3d_cm,-0.488107108241731
0.1,original_static,mid,QR_motioncap_brushless_Light_mid_NoWind_test1,vk_rmse_3d_cm,-0.712621172668304
0.1,original_static,mid,QR_motioncap_brushless_Light_mid_NoWind_test2,vk_rmse_3d_cm,0.26185066487365
0.1,original_static,mid,QR_motioncap_brushless_Light_mid_NoWind_test3,vk_rmse_3d_cm,0.2984817601625
0.1,original_static,mid,QR_motioncap_brushless_Light_mid_NoWind_test4,vk_rmse_3d_cm,0.3942537153595
0.1,original_static,mid,QR_motioncap_brushless_Light_mid_NoWind_test5,vk_rmse_3d_cm,-0.0939274463848259
0.1,original_static,mid,QR_motioncap_brushless_Light_mid_NoWind_test1,kt_rmse_3d_cm,-0.820854344066696
0.1,original_static,mid,QR_motioncap_brushless_Light_mid_NoWind_test2,kt_rmse_3d_cm,-0.672325855815722
0.1,original_static,mid,QR_motioncap_brushless_Light_mid_NoWind_test3,kt_rmse_3d_cm,-0.0274783529222771
0.1,original_static,mid,QR_motioncap_brushless_Light_mid_NoWind_test4,kt_rmse_3d_cm,-0.669026915069864
0.1,original_static,mid,QR_motioncap_brushless_Light_mid_NoWind_test5,kt_rmse_3d_cm,-0.368762318897795
0.1,original_static,mid,QR_motioncap_brushless_Light_mid_NoWind_test1,kalman_pos_std_3d_cm,-0.877018963330137
0.1,original_static,mid,QR_motioncap_brushless_Light_mid_NoWind_test2,kalman_pos_std_3d_cm,-0.705192938130164
0.1,original_static,mid,QR_motioncap_brushless_Light_mid_NoWind_test3,kalman_pos_std_3d_cm,-0.0248327067489171
0.1,original_static,mid,QR_motioncap_brushless_Light_mid_NoWind_test4,kalman_pos_std_3d_cm,-0.666274687305243
0.1,original_static,mid,QR_motioncap_brushless_Light_mid_NoWind_test5,kalman_pos_std_3d_cm,-0.401653629951527
0.1,original_static,mid,QR_motioncap_brushless_Light_mid_NoWind_test1,rpy_std_deg,-3.19034490102807
0.1,original_static,mid,QR_motioncap_brushless_Light_mid_NoWind_test2,rpy_std_deg,-0.92375447457828
0.1,original_static,mid,QR_motioncap_brushless_Light_mid_NoWind_test3,rpy_std_deg,-1.89701944081155
0.1,original_static,mid,QR_motioncap_brushless_Light_mid_NoWind_test4,rpy_std_deg,-1.17141605868309
0.1,original_static,mid,QR_motioncap_brushless_Light_mid_NoWind_test5,rpy_std_deg,-1.49891392340478
0.1,original_static,top,QR_motioncap_brushless_Light_top_NoWind_test1,vt_rmse_3d_cm,0.878274031907142
0.1,original_static,top,QR_motioncap_brushless_Light_top_NoWind_test2,vt_rmse_3d_cm,1.87830593184119
0.1,original_static,top,QR_motioncap_brushless_Light_top_NoWind_test3,vt_rmse_3d_cm,2.24144221802294
0.1,original_static,top,QR_motioncap_brushless_Light_top_NoWind_test4,vt_rmse_3d_cm,1.85751279617409
0.1,original_static,top,QR_motioncap_brushless_Light_top_NoWind_test5,vt_rmse_3d_cm,2.05784885558867
0.1,original_static,top,QR_motioncap_brushless_Light_top_NoWind_test1,visual_dispersion_3d_cm,1.40550763974135
0.1,original_static,top,QR_motioncap_brushless_Light_top_NoWind_test2,visual_dispersion_3d_cm,2.26129507139731
0.1,original_static,top,QR_motioncap_brushless_Light_top_NoWind_test3,visual_dispersion_3d_cm,2.47380566801021
0.1,original_static,top,QR_motioncap_brushless_Light_top_NoWind_test4,visual_dispersion_3d_cm,2.37173483598015
0.1,original_static,top,QR_motioncap_brushless_Light_top_NoWind_test5,visual_dispersion_3d_cm,1.72092643059643
0.1,original_static,top,QR_motioncap_brushless_Light_top_NoWind_test1,vk_rmse_3d_cm,0.594248555911379
0.1,original_static,top,QR_motioncap_brushless_Light_top_NoWind_test2,vk_rmse_3d_cm,2.15320423704613
0.1,original_static,top,QR_motioncap_brushless_Light_top_NoWind_test3,vk_rmse_3d_cm,2.53454187209772
0.1,original_static,top,QR_motioncap_brushless_Light_top_NoWind_test4,vk_rmse_3d_cm,2.19904322254027
0.1,original_static,top,QR_motioncap_brushless_Light_top_NoWind_test5,vk_rmse_3d_cm,1.91136656300474
0.1,original_static,top,QR_motioncap_brushless_Light_top_NoWind_test1,kt_rmse_3d_cm,0.621705803129468
0.1,original_static,top,QR_motioncap_brushless_Light_top_NoWind_test2,kt_rmse_3d_cm,0.72990246367177
0.1,original_static,top,QR_motioncap_brushless_Light_top_NoWind_test3,kt_rmse_3d_cm,1.0589400924308
0.1,original_static,top,QR_motioncap_brushless_Light_top_NoWind_test4,kt_rmse_3d_cm,1.39966280221281
0.1,original_static,top,QR_motioncap_brushless_Light_top_NoWind_test5,kt_rmse_3d_cm,0.756474262654192
0.1,original_static,top,QR_motioncap_brushless_Light_top_NoWind_test1,kalman_pos_std_3d_cm,0.878307051772274
0.1,original_static,top,QR_motioncap_brushless_Light_top_NoWind_test2,kalman_pos_std_3d_cm,1.06655667334426
0.1,original_static,top,QR_motioncap_brushless_Light_top_NoWind_test3,kalman_pos_std_3d_cm,1.40842377295942
0.1,original_static,top,QR_motioncap_brushless_Light_top_NoWind_test4,kalman_pos_std_3d_cm,1.73368542478354
0.1,original_static,top,QR_motioncap_brushless_Light_top_NoWind_test5,kalman_pos_std_3d_cm,1.00109845129789
0.1,original_static,top,QR_motioncap_brushless_Light_top_NoWind_test1,rpy_std_deg,2.63769782555963
0.1,original_static,top,QR_motioncap_brushless_Light_top_NoWind_test2,rpy_std_deg,4.87779071287334
0.1,original_static,top,QR_motioncap_brushless_Light_top_NoWind_test3,rpy_std_deg,4.63881316613353
0.1,original_static,top,QR_motioncap_brushless_Light_top_NoWind_test4,rpy_std_deg,4.77712627336133
0.1,original_static,top,QR_motioncap_brushless_Light_top_NoWind_test5,rpy_std_deg,3.49282983972056
0.15,attitude_absolute,bot,QR_motioncap_brushless_Light_bot_NoWind_test1,vt_rmse_3d_cm,0.807014262940679
0.15,attitude_absolute,bot,QR_motioncap_brushless_Light_bot_NoWind_test2,vt_rmse_3d_cm,0.528970199503949
0.15,attitude_absolute,bot,QR_motioncap_brushless_Light_bot_NoWind_test3,vt_rmse_3d_cm,0.183268643020058
0.15,attitude_absolute,bot,QR_motioncap_brushless_Light_bot_NoWind_test4,vt_rmse_3d_cm,0.135985920830623
0.15,attitude_absolute,bot,QR_motioncap_brushless_Light_bot_NoWind_test5,vt_rmse_3d_cm,0.584310306443523
0.15,attitude_absolute,bot,QR_motioncap_brushless_Light_bot_NoWind_test1,visual_dispersion_3d_cm,0.128703969946991
0.15,attitude_absolute,bot,QR_motioncap_brushless_Light_bot_NoWind_test2,visual_dispersion_3d_cm,0.654134052317922
0.15,attitude_absolute,bot,QR_motioncap_brushless_Light_bot_NoWind_test3,visual_dispersion_3d_cm,0.113180200805883
0.15,attitude_absolute,bot,QR_motioncap_brushless_Light_bot_NoWind_test4,visual_dispersion_3d_cm,0.225866869113497
0.15,attitude_absolute,bot,QR_motioncap_brushless_Light_bot_NoWind_test5,visual_dispersion_3d_cm,0.776661970017792
0.15,attitude_absolute,bot,QR_motioncap_brushless_Light_bot_NoWind_test1,vk_rmse_3d_cm,1.01668912104333
0.15,attitude_absolute,bot,QR_motioncap_brushless_Light_bot_NoWind_test2,vk_rmse_3d_cm,0.104972092897058
0.15,attitude_absolute,bot,QR_motioncap_brushless_Light_bot_NoWind_test3,vk_rmse_3d_cm,0.307739972487669
0.15,attitude_absolute,bot,QR_motioncap_brushless_Light_bot_NoWind_test4,vk_rmse_3d_cm,0.329749590529111
0.15,attitude_absolute,bot,QR_motioncap_brushless_Light_bot_NoWind_test5,vk_rmse_3d_cm,0.483208792428365
0.15,attitude_absolute,bot,QR_motioncap_brushless_Light_bot_NoWind_test1,kt_rmse_3d_cm,0.265655619250729
0.15,attitude_absolute,bot,QR_motioncap_brushless_Light_bot_NoWind_test2,kt_rmse_3d_cm,0.605935117104554
0.15,attitude_absolute,bot,QR_motioncap_brushless_Light_bot_NoWind_test3,kt_rmse_3d_cm,-0.0146054584166944
0.15,attitude_absolute,bot,QR_motioncap_brushless_Light_bot_NoWind_test4,kt_rmse_3d_cm,0.336738683451477
0.15,attitude_absolute,bot,QR_motioncap_brushless_Light_bot_NoWind_test5,kt_rmse_3d_cm,0.943961317482821
0.15,attitude_absolute,bot,QR_motioncap_brushless_Light_bot_NoWind_test1,kalman_pos_std_3d_cm,0.269158828788182
0.15,attitude_absolute,bot,QR_motioncap_brushless_Light_bot_NoWind_test2,kalman_pos_std_3d_cm,0.642689328109336
0.15,attitude_absolute,bot,QR_motioncap_brushless_Light_bot_NoWind_test3,kalman_pos_std_3d_cm,-0.0901210283564158
0.15,attitude_absolute,bot,QR_motioncap_brushless_Light_bot_NoWind_test4,kalman_pos_std_3d_cm,0.293106610246538
0.15,attitude_absolute,bot,QR_motioncap_brushless_Light_bot_NoWind_test5,kalman_pos_std_3d_cm,0.962476311229011
0.15,attitude_absolute,bot,QR_motioncap_brushless_Light_bot_NoWind_test1,rpy_std_deg,0.55346674881378
0.15,attitude_absolute,bot,QR_motioncap_brushless_Light_bot_NoWind_test2,rpy_std_deg,0.266043282178029
0.15,attitude_absolute,bot,QR_motioncap_brushless_Light_bot_NoWind_test3,rpy_std_deg,1.0910294211608
0.15,attitude_absolute,bot,QR_motioncap_brushless_Light_bot_NoWind_test4,rpy_std_deg,0.681916847372757
0.15,attitude_absolute,bot,QR_motioncap_brushless_Light_bot_NoWind_test5,rpy_std_deg,0.762206815467822
0.15,attitude_absolute,mid,QR_motioncap_brushless_Light_mid_NoWind_test1,vt_rmse_3d_cm,0.0650825912668149
0.15,attitude_absolute,mid,QR_motioncap_brushless_Light_mid_NoWind_test2,vt_rmse_3d_cm,-0.205522385263031
0.15,attitude_absolute,mid,QR_motioncap_brushless_Light_mid_NoWind_test3,vt_rmse_3d_cm,0.602448526096122
0.15,attitude_absolute,mid,QR_motioncap_brushless_Light_mid_NoWind_test4,vt_rmse_3d_cm,-0.234633936894851
0.15,attitude_absolute,mid,QR_motioncap_brushless_Light_mid_NoWind_test5,vt_rmse_3d_cm,0.483689799557032
0.15,attitude_absolute,mid,QR_motioncap_brushless_Light_mid_NoWind_test1,visual_dispersion_3d_cm,-0.365334864436578
0.15,attitude_absolute,mid,QR_motioncap_brushless_Light_mid_NoWind_test2,visual_dispersion_3d_cm,-0.479011074806903
0.15,attitude_absolute,mid,QR_motioncap_brushless_Light_mid_NoWind_test3,visual_dispersion_3d_cm,0.244382814445096
0.15,attitude_absolute,mid,QR_motioncap_brushless_Light_mid_NoWind_test4,visual_dispersion_3d_cm,-0.607873674120706
0.15,attitude_absolute,mid,QR_motioncap_brushless_Light_mid_NoWind_test5,visual_dispersion_3d_cm,0.0831702926248719
0.15,attitude_absolute,mid,QR_motioncap_brushless_Light_mid_NoWind_test1,vk_rmse_3d_cm,0.329374858487197
0.15,attitude_absolute,mid,QR_motioncap_brushless_Light_mid_NoWind_test2,vk_rmse_3d_cm,0.621720922351669
0.15,attitude_absolute,mid,QR_motioncap_brushless_Light_mid_NoWind_test3,vk_rmse_3d_cm,1.13723945712063
0.15,attitude_absolute,mid,QR_motioncap_brushless_Light_mid_NoWind_test4,vk_rmse_3d_cm,0.346002784623042
0.15,attitude_absolute,mid,QR_motioncap_brushless_Light_mid_NoWind_test5,vk_rmse_3d_cm,0.400183749613723
0.15,attitude_absolute,mid,QR_motioncap_brushless_Light_mid_NoWind_test1,kt_rmse_3d_cm,-0.826487287723115
0.15,attitude_absolute,mid,QR_motioncap_brushless_Light_mid_NoWind_test2,kt_rmse_3d_cm,-0.684229415896892
0.15,attitude_absolute,mid,QR_motioncap_brushless_Light_mid_NoWind_test3,kt_rmse_3d_cm,-0.0326522853656521
0.15,attitude_absolute,mid,QR_motioncap_brushless_Light_mid_NoWind_test4,kt_rmse_3d_cm,-0.688308460147343
0.15,attitude_absolute,mid,QR_motioncap_brushless_Light_mid_NoWind_test5,kt_rmse_3d_cm,-0.426593298524347
0.15,attitude_absolute,mid,QR_motioncap_brushless_Light_mid_NoWind_test1,kalman_pos_std_3d_cm,-0.881207984881037
0.15,attitude_absolute,mid,QR_motioncap_brushless_Light_mid_NoWind_test2,kalman_pos_std_3d_cm,-0.718005288698017
0.15,attitude_absolute,mid,QR_motioncap_brushless_Light_mid_NoWind_test3,kalman_pos_std_3d_cm,-0.0305338360633041
0.15,attitude_absolute,mid,QR_motioncap_brushless_Light_mid_NoWind_test4,kalman_pos_std_3d_cm,-0.687449359850903
0.15,attitude_absolute,mid,QR_motioncap_brushless_Light_mid_NoWind_test5,kalman_pos_std_3d_cm,-0.462207817330324
0.15,attitude_absolute,mid,QR_motioncap_brushless_Light_mid_NoWind_test1,rpy_std_deg,-3.19571350959248
0.15,attitude_absolute,mid,QR_motioncap_brushless_Light_mid_NoWind_test2,rpy_std_deg,-0.938411218514202
0.15,attitude_absolute,mid,QR_motioncap_brushless_Light_mid_NoWind_test3,rpy_std_deg,-1.89498103271111
0.15,attitude_absolute,mid,QR_motioncap_brushless_Light_mid_NoWind_test4,rpy_std_deg,-1.1731298998999
0.15,attitude_absolute,mid,QR_motioncap_brushless_Light_mid_NoWind_test5,rpy_std_deg,-1.48179315199388
0.15,attitude_absolute,top,QR_motioncap_brushless_Light_top_NoWind_test1,vt_rmse_3d_cm,1.20489355180841
0.15,attitude_absolute,top,QR_motioncap_brushless_Light_top_NoWind_test2,vt_rmse_3d_cm,1.05416311680047
0.15,attitude_absolute,top,QR_motioncap_brushless_Light_top_NoWind_test3,vt_rmse_3d_cm,1.65259229323858
0.15,attitude_absolute,top,QR_motioncap_brushless_Light_top_NoWind_test4,vt_rmse_3d_cm,1.82862109938287
0.15,attitude_absolute,top,QR_motioncap_brushless_Light_top_NoWind_test5,vt_rmse_3d_cm,1.00923511511829
0.15,attitude_absolute,top,QR_motioncap_brushless_Light_top_NoWind_test1,visual_dispersion_3d_cm,1.57162727793075
0.15,attitude_absolute,top,QR_motioncap_brushless_Light_top_NoWind_test2,visual_dispersion_3d_cm,1.68369100559899
0.15,attitude_absolute,top,QR_motioncap_brushless_Light_top_NoWind_test3,visual_dispersion_3d_cm,2.16040934076451
0.15,attitude_absolute,top,QR_motioncap_brushless_Light_top_NoWind_test4,visual_dispersion_3d_cm,2.45293043793538
0.15,attitude_absolute,top,QR_motioncap_brushless_Light_top_NoWind_test5,visual_dispersion_3d_cm,1.42862089086073
0.15,attitude_absolute,top,QR_motioncap_brushless_Light_top_NoWind_test1,vk_rmse_3d_cm,1.31372868228506
0.15,attitude_absolute,top,QR_motioncap_brushless_Light_top_NoWind_test2,vk_rmse_3d_cm,1.45709377362806
0.15,attitude_absolute,top,QR_motioncap_brushless_Light_top_NoWind_test3,vk_rmse_3d_cm,1.88187403789478
0.15,attitude_absolute,top,QR_motioncap_brushless_Light_top_NoWind_test4,vk_rmse_3d_cm,1.60425429676597
0.15,attitude_absolute,top,QR_motioncap_brushless_Light_top_NoWind_test5,vk_rmse_3d_cm,1.07425815318557
0.15,attitude_absolute,top,QR_motioncap_brushless_Light_top_NoWind_test1,kt_rmse_3d_cm,0.633236369952425
0.15,attitude_absolute,top,QR_motioncap_brushless_Light_top_NoWind_test2,kt_rmse_3d_cm,0.748171219618956
0.15,attitude_absolute,top,QR_motioncap_brushless_Light_top_NoWind_test3,kt_rmse_3d_cm,1.06757005444601
0.15,attitude_absolute,top,QR_motioncap_brushless_Light_top_NoWind_test4,kt_rmse_3d_cm,1.41066195241886
0.15,attitude_absolute,top,QR_motioncap_brushless_Light_top_NoWind_test5,kt_rmse_3d_cm,0.763639643047118
0.15,attitude_absolute,top,QR_motioncap_brushless_Light_top_NoWind_test1,kalman_pos_std_3d_cm,0.890189439500962
0.15,attitude_absolute,top,QR_motioncap_brushless_Light_top_NoWind_test2,kalman_pos_std_3d_cm,1.08576694116341
0.15,attitude_absolute,top,QR_motioncap_brushless_Light_top_NoWind_test3,kalman_pos_std_3d_cm,1.41636183525295
0.15,attitude_absolute,top,QR_motioncap_brushless_Light_top_NoWind_test4,kalman_pos_std_3d_cm,1.7435250602114
0.15,attitude_absolute,top,QR_motioncap_brushless_Light_top_NoWind_test5,kalman_pos_std_3d_cm,1.01071248291631
0.15,attitude_absolute,top,QR_motioncap_brushless_Light_top_NoWind_test1,rpy_std_deg,2.63954874691083
0.15,attitude_absolute,top,QR_motioncap_brushless_Light_top_NoWind_test2,rpy_std_deg,4.87574550697645
0.15,attitude_absolute,top,QR_motioncap_brushless_Light_top_NoWind_test3,rpy_std_deg,4.63720630911711
0.15,attitude_absolute,top,QR_motioncap_brushless_Light_top_NoWind_test4,rpy_std_deg,4.77749063394165
0.15,attitude_absolute,top,QR_motioncap_brushless_Light_top_NoWind_test5,rpy_std_deg,3.47807005312081
0.15,attitude_run_centered,bot,QR_motioncap_brushless_Light_bot_NoWind_test1,vt_rmse_3d_cm,0.806331218046934
0.15,attitude_run_centered,bot,QR_motioncap_brushless_Light_bot_NoWind_test2,vt_rmse_3d_cm,0.514907586752953
0.15,attitude_run_centered,bot,QR_motioncap_brushless_Light_bot_NoWind_test3,vt_rmse_3d_cm,0.195657062697552
0.15,attitude_run_centered,bot,QR_motioncap_brushless_Light_bot_NoWind_test4,vt_rmse_3d_cm,0.122917545267846
0.15,attitude_run_centered,bot,QR_motioncap_brushless_Light_bot_NoWind_test5,vt_rmse_3d_cm,0.583010194303075
0.15,attitude_run_centered,bot,QR_motioncap_brushless_Light_bot_NoWind_test1,visual_dispersion_3d_cm,0.128719046331089
0.15,attitude_run_centered,bot,QR_motioncap_brushless_Light_bot_NoWind_test2,visual_dispersion_3d_cm,0.654079948083966
0.15,attitude_run_centered,bot,QR_motioncap_brushless_Light_bot_NoWind_test3,visual_dispersion_3d_cm,0.113097246010109
0.15,attitude_run_centered,bot,QR_motioncap_brushless_Light_bot_NoWind_test4,visual_dispersion_3d_cm,0.22617978297155
0.15,attitude_run_centered,bot,QR_motioncap_brushless_Light_bot_NoWind_test5,visual_dispersion_3d_cm,0.776544485247734
0.15,attitude_run_centered,bot,QR_motioncap_brushless_Light_bot_NoWind_test1,vk_rmse_3d_cm,1.01819114717889
0.15,attitude_run_centered,bot,QR_motioncap_brushless_Light_bot_NoWind_test2,vk_rmse_3d_cm,0.087789129688725
0.15,attitude_run_centered,bot,QR_motioncap_brushless_Light_bot_NoWind_test3,vk_rmse_3d_cm,0.317082699177842
0.15,attitude_run_centered,bot,QR_motioncap_brushless_Light_bot_NoWind_test4,vk_rmse_3d_cm,0.303480819149024
0.15,attitude_run_centered,bot,QR_motioncap_brushless_Light_bot_NoWind_test5,vk_rmse_3d_cm,0.482272686395758
0.15,attitude_run_centered,bot,QR_motioncap_brushless_Light_bot_NoWind_test1,kt_rmse_3d_cm,0.265655619250729
0.15,attitude_run_centered,bot,QR_motioncap_brushless_Light_bot_NoWind_test2,kt_rmse_3d_cm,0.605935117104554
0.15,attitude_run_centered,bot,QR_motioncap_brushless_Light_bot_NoWind_test3,kt_rmse_3d_cm,-0.0146054584166944
0.15,attitude_run_centered,bot,QR_motioncap_brushless_Light_bot_NoWind_test4,kt_rmse_3d_cm,0.336738683451477
0.15,attitude_run_centered,bot,QR_motioncap_brushless_Light_bot_NoWind_test5,kt_rmse_3d_cm,0.943961317482821
0.15,attitude_run_centered,bot,QR_motioncap_brushless_Light_bot_NoWind_test1,kalman_pos_std_3d_cm,0.269158828788182
0.15,attitude_run_centered,bot,QR_motioncap_brushless_Light_bot_NoWind_test2,kalman_pos_std_3d_cm,0.642689328109336
0.15,attitude_run_centered,bot,QR_motioncap_brushless_Light_bot_NoWind_test3,kalman_pos_std_3d_cm,-0.0901210283564158
0.15,attitude_run_centered,bot,QR_motioncap_brushless_Light_bot_NoWind_test4,kalman_pos_std_3d_cm,0.293106610246538
0.15,attitude_run_centered,bot,QR_motioncap_brushless_Light_bot_NoWind_test5,kalman_pos_std_3d_cm,0.962476311229011
0.15,attitude_run_centered,bot,QR_motioncap_brushless_Light_bot_NoWind_test1,rpy_std_deg,0.55346674881378
0.15,attitude_run_centered,bot,QR_motioncap_brushless_Light_bot_NoWind_test2,rpy_std_deg,0.266043282178029
0.15,attitude_run_centered,bot,QR_motioncap_brushless_Light_bot_NoWind_test3,rpy_std_deg,1.0910294211608
0.15,attitude_run_centered,bot,QR_motioncap_brushless_Light_bot_NoWind_test4,rpy_std_deg,0.681916847372757
0.15,attitude_run_centered,bot,QR_motioncap_brushless_Light_bot_NoWind_test5,rpy_std_deg,0.762206815467822
0.15,attitude_run_centered,mid,QR_motioncap_brushless_Light_mid_NoWind_test1,vt_rmse_3d_cm,0.0722148093454607
0.15,attitude_run_centered,mid,QR_motioncap_brushless_Light_mid_NoWind_test2,vt_rmse_3d_cm,-0.196347555039028
0.15,attitude_run_centered,mid,QR_motioncap_brushless_Light_mid_NoWind_test3,vt_rmse_3d_cm,0.656818288430736
0.15,attitude_run_centered,mid,QR_motioncap_brushless_Light_mid_NoWind_test4,vt_rmse_3d_cm,-0.301532980676283
0.15,attitude_run_centered,mid,QR_motioncap_brushless_Light_mid_NoWind_test5,vt_rmse_3d_cm,0.538879924691236
0.15,attitude_run_centered,mid,QR_motioncap_brushless_Light_mid_NoWind_test1,visual_dispersion_3d_cm,-0.365484782464462
0.15,attitude_run_centered,mid,QR_motioncap_brushless_Light_mid_NoWind_test2,visual_dispersion_3d_cm,-0.479792451628285
0.15,attitude_run_centered,mid,QR_motioncap_brushless_Light_mid_NoWind_test3,visual_dispersion_3d_cm,0.243688020973294
0.15,attitude_run_centered,mid,QR_motioncap_brushless_Light_mid_NoWind_test4,visual_dispersion_3d_cm,-0.607469655839068
0.15,attitude_run_centered,mid,QR_motioncap_brushless_Light_mid_NoWind_test5,visual_dispersion_3d_cm,0.0833088511564135
0.15,attitude_run_centered,mid,QR_motioncap_brushless_Light_mid_NoWind_test1,vk_rmse_3d_cm,0.369290368785183
0.15,attitude_run_centered,mid,QR_motioncap_brushless_Light_mid_NoWind_test2,vk_rmse_3d_cm,0.639625913101169
0.15,attitude_run_centered,mid,QR_motioncap_brushless_Light_mid_NoWind_test3,vk_rmse_3d_cm,1.19816339502017
0.15,attitude_run_centered,mid,QR_motioncap_brushless_Light_mid_NoWind_test4,vk_rmse_3d_cm,0.25811154246958
0.15,attitude_run_centered,mid,QR_motioncap_brushless_Light_mid_NoWind_test5,vk_rmse_3d_cm,0.441515603425304
0.15,attitude_run_centered,mid,QR_motioncap_brushless_Light_mid_NoWind_test1,kt_rmse_3d_cm,-0.826487287723115
0.15,attitude_run_centered,mid,QR_motioncap_brushless_Light_mid_NoWind_test2,kt_rmse_3d_cm,-0.684229415896892
0.15,attitude_run_centered,mid,QR_motioncap_brushless_Light_mid_NoWind_test3,kt_rmse_3d_cm,-0.0326522853656521
0.15,attitude_run_centered,mid,QR_motioncap_brushless_Light_mid_NoWind_test4,kt_rmse_3d_cm,-0.688308460147343
0.15,attitude_run_centered,mid,QR_motioncap_brushless_Light_mid_NoWind_test5,kt_rmse_3d_cm,-0.426593298524347
0.15,attitude_run_centered,mid,QR_motioncap_brushless_Light_mid_NoWind_test1,kalman_pos_std_3d_cm,-0.881207984881037
0.15,attitude_run_centered,mid,QR_motioncap_brushless_Light_mid_NoWind_test2,kalman_pos_std_3d_cm,-0.718005288698017
0.15,attitude_run_centered,mid,QR_motioncap_brushless_Light_mid_NoWind_test3,kalman_pos_std_3d_cm,-0.0305338360633041
0.15,attitude_run_centered,mid,QR_motioncap_brushless_Light_mid_NoWind_test4,kalman_pos_std_3d_cm,-0.687449359850903
0.15,attitude_run_centered,mid,QR_motioncap_brushless_Light_mid_NoWind_test5,kalman_pos_std_3d_cm,-0.462207817330324
0.15,attitude_run_centered,mid,QR_motioncap_brushless_Light_mid_NoWind_test1,rpy_std_deg,-3.19571350959248
0.15,attitude_run_centered,mid,QR_motioncap_brushless_Light_mid_NoWind_test2,rpy_std_deg,-0.938411218514202
0.15,attitude_run_centered,mid,QR_motioncap_brushless_Light_mid_NoWind_test3,rpy_std_deg,-1.89498103271111
0.15,attitude_run_centered,mid,QR_motioncap_brushless_Light_mid_NoWind_test4,rpy_std_deg,-1.1731298998999
0.15,attitude_run_centered,mid,QR_motioncap_brushless_Light_mid_NoWind_test5,rpy_std_deg,-1.48179315199388
0.15,attitude_run_centered,top,QR_motioncap_brushless_Light_top_NoWind_test1,vt_rmse_3d_cm,1.17053218339114
0.15,attitude_run_centered,top,QR_motioncap_brushless_Light_top_NoWind_test2,vt_rmse_3d_cm,1.0275558817636
0.15,attitude_run_centered,top,QR_motioncap_brushless_Light_top_NoWind_test3,vt_rmse_3d_cm,1.63080498480469
0.15,attitude_run_centered,top,QR_motioncap_brushless_Light_top_NoWind_test4,vt_rmse_3d_cm,1.82567445659345
0.15,attitude_run_centered,top,QR_motioncap_brushless_Light_top_NoWind_test5,vt_rmse_3d_cm,1.0045858760369
0.15,attitude_run_centered,top,QR_motioncap_brushless_Light_top_NoWind_test1,visual_dispersion_3d_cm,1.57068481618881
0.15,attitude_run_centered,top,QR_motioncap_brushless_Light_top_NoWind_test2,visual_dispersion_3d_cm,1.68420513095232
0.15,attitude_run_centered,top,QR_motioncap_brushless_Light_top_NoWind_test3,visual_dispersion_3d_cm,2.16026171528976
0.15,attitude_run_centered,top,QR_motioncap_brushless_Light_top_NoWind_test4,visual_dispersion_3d_cm,2.45346484671793
0.15,attitude_run_centered,top,QR_motioncap_brushless_Light_top_NoWind_test5,visual_dispersion_3d_cm,1.42834395798248
0.15,attitude_run_centered,top,QR_motioncap_brushless_Light_top_NoWind_test1,vk_rmse_3d_cm,1.26318982001006
0.15,attitude_run_centered,top,QR_motioncap_brushless_Light_top_NoWind_test2,vk_rmse_3d_cm,1.43178668182607
0.15,attitude_run_centered,top,QR_motioncap_brushless_Light_top_NoWind_test3,vk_rmse_3d_cm,1.86443337288121
0.15,attitude_run_centered,top,QR_motioncap_brushless_Light_top_NoWind_test4,vk_rmse_3d_cm,1.59705639363657
0.15,attitude_run_centered,top,QR_motioncap_brushless_Light_top_NoWind_test5,vk_rmse_3d_cm,1.06139401839146
0.15,attitude_run_centered,top,QR_motioncap_brushless_Light_top_NoWind_test1,kt_rmse_3d_cm,0.633236369952425
0.15,attitude_run_centered,top,QR_motioncap_brushless_Light_top_NoWind_test2,kt_rmse_3d_cm,0.748171219618956
0.15,attitude_run_centered,top,QR_motioncap_brushless_Light_top_NoWind_test3,kt_rmse_3d_cm,1.06757005444601
0.15,attitude_run_centered,top,QR_motioncap_brushless_Light_top_NoWind_test4,kt_rmse_3d_cm,1.41066195241886
0.15,attitude_run_centered,top,QR_motioncap_brushless_Light_top_NoWind_test5,kt_rmse_3d_cm,0.763639643047118
0.15,attitude_run_centered,top,QR_motioncap_brushless_Light_top_NoWind_test1,kalman_pos_std_3d_cm,0.890189439500962
0.15,attitude_run_centered,top,QR_motioncap_brushless_Light_top_NoWind_test2,kalman_pos_std_3d_cm,1.08576694116341
0.15,attitude_run_centered,top,QR_motioncap_brushless_Light_top_NoWind_test3,kalman_pos_std_3d_cm,1.41636183525295
0.15,attitude_run_centered,top,QR_motioncap_brushless_Light_top_NoWind_test4,kalman_pos_std_3d_cm,1.7435250602114
0.15,attitude_run_centered,top,QR_motioncap_brushless_Light_top_NoWind_test5,kalman_pos_std_3d_cm,1.01071248291631
0.15,attitude_run_centered,top,QR_motioncap_brushless_Light_top_NoWind_test1,rpy_std_deg,2.63954874691083
0.15,attitude_run_centered,top,QR_motioncap_brushless_Light_top_NoWind_test2,rpy_std_deg,4.87574550697645
0.15,attitude_run_centered,top,QR_motioncap_brushless_Light_top_NoWind_test3,rpy_std_deg,4.63720630911711
0.15,attitude_run_centered,top,QR_motioncap_brushless_Light_top_NoWind_test4,rpy_std_deg,4.77749063394165
0.15,attitude_run_centered,top,QR_motioncap_brushless_Light_top_NoWind_test5,rpy_std_deg,3.47807005312081
0.15,original_static,bot,QR_motioncap_brushless_Light_bot_NoWind_test1,vt_rmse_3d_cm,1.35093665573243
0.15,original_static,bot,QR_motioncap_brushless_Light_bot_NoWind_test2,vt_rmse_3d_cm,0.60527148755289
0.15,original_static,bot,QR_motioncap_brushless_Light_bot_NoWind_test3,vt_rmse_3d_cm,0.395924085449236
0.15,original_static,bot,QR_motioncap_brushless_Light_bot_NoWind_test4,vt_rmse_3d_cm,0.508158206593469
0.15,original_static,bot,QR_motioncap_brushless_Light_bot_NoWind_test5,vt_rmse_3d_cm,0.397382848841543
0.15,original_static,bot,QR_motioncap_brushless_Light_bot_NoWind_test1,visual_dispersion_3d_cm,0.699647315684498
0.15,original_static,bot,QR_motioncap_brushless_Light_bot_NoWind_test2,visual_dispersion_3d_cm,0.73300504876721
0.15,original_static,bot,QR_motioncap_brushless_Light_bot_NoWind_test3,visual_dispersion_3d_cm,0.314801654244595
0.15,original_static,bot,QR_motioncap_brushless_Light_bot_NoWind_test4,visual_dispersion_3d_cm,0.574206464719778
0.15,original_static,bot,QR_motioncap_brushless_Light_bot_NoWind_test5,visual_dispersion_3d_cm,0.564153324751435
0.15,original_static,bot,QR_motioncap_brushless_Light_bot_NoWind_test1,vk_rmse_3d_cm,1.37926092659949
0.15,original_static,bot,QR_motioncap_brushless_Light_bot_NoWind_test2,vk_rmse_3d_cm,0.131815146873036
0.15,original_static,bot,QR_motioncap_brushless_Light_bot_NoWind_test3,vk_rmse_3d_cm,0.920213433857286
0.15,original_static,bot,QR_motioncap_brushless_Light_bot_NoWind_test4,vk_rmse_3d_cm,0.508681967991699
0.15,original_static,bot,QR_motioncap_brushless_Light_bot_NoWind_test5,vk_rmse_3d_cm,0.431815115817411
0.15,original_static,bot,QR_motioncap_brushless_Light_bot_NoWind_test1,kt_rmse_3d_cm,0.265655619250729
0.15,original_static,bot,QR_motioncap_brushless_Light_bot_NoWind_test2,kt_rmse_3d_cm,0.605935117104554
0.15,original_static,bot,QR_motioncap_brushless_Light_bot_NoWind_test3,kt_rmse_3d_cm,-0.0146054584166944
0.15,original_static,bot,QR_motioncap_brushless_Light_bot_NoWind_test4,kt_rmse_3d_cm,0.336738683451477
0.15,original_static,bot,QR_motioncap_brushless_Light_bot_NoWind_test5,kt_rmse_3d_cm,0.943961317482821
0.15,original_static,bot,QR_motioncap_brushless_Light_bot_NoWind_test1,kalman_pos_std_3d_cm,0.269158828788182
0.15,original_static,bot,QR_motioncap_brushless_Light_bot_NoWind_test2,kalman_pos_std_3d_cm,0.642689328109336
0.15,original_static,bot,QR_motioncap_brushless_Light_bot_NoWind_test3,kalman_pos_std_3d_cm,-0.0901210283564158
0.15,original_static,bot,QR_motioncap_brushless_Light_bot_NoWind_test4,kalman_pos_std_3d_cm,0.293106610246538
0.15,original_static,bot,QR_motioncap_brushless_Light_bot_NoWind_test5,kalman_pos_std_3d_cm,0.962476311229011
0.15,original_static,bot,QR_motioncap_brushless_Light_bot_NoWind_test1,rpy_std_deg,0.55346674881378
0.15,original_static,bot,QR_motioncap_brushless_Light_bot_NoWind_test2,rpy_std_deg,0.266043282178029
0.15,original_static,bot,QR_motioncap_brushless_Light_bot_NoWind_test3,rpy_std_deg,1.0910294211608
0.15,original_static,bot,QR_motioncap_brushless_Light_bot_NoWind_test4,rpy_std_deg,0.681916847372757
0.15,original_static,bot,QR_motioncap_brushless_Light_bot_NoWind_test5,rpy_std_deg,0.762206815467822
0.15,original_static,mid,QR_motioncap_brushless_Light_mid_NoWind_test1,vt_rmse_3d_cm,-0.305122054985915
0.15,original_static,mid,QR_motioncap_brushless_Light_mid_NoWind_test2,vt_rmse_3d_cm,0.250221729643046
0.15,original_static,mid,QR_motioncap_brushless_Light_mid_NoWind_test3,vt_rmse_3d_cm,0.279874581667648
0.15,original_static,mid,QR_motioncap_brushless_Light_mid_NoWind_test4,vt_rmse_3d_cm,0.0076523028921498
0.15,original_static,mid,QR_motioncap_brushless_Light_mid_NoWind_test5,vt_rmse_3d_cm,-0.112471844149681
0.15,original_static,mid,QR_motioncap_brushless_Light_mid_NoWind_test1,visual_dispersion_3d_cm,-0.731773828694545
0.15,original_static,mid,QR_motioncap_brushless_Light_mid_NoWind_test2,visual_dispersion_3d_cm,-0.0198178716584145
0.15,original_static,mid,QR_motioncap_brushless_Light_mid_NoWind_test3,visual_dispersion_3d_cm,-0.169343415619512
0.15,original_static,mid,QR_motioncap_brushless_Light_mid_NoWind_test4,visual_dispersion_3d_cm,-0.203529643783952
0.15,original_static,mid,QR_motioncap_brushless_Light_mid_NoWind_test5,visual_dispersion_3d_cm,-0.488107108241731
0.15,original_static,mid,QR_motioncap_brushless_Light_mid_NoWind_test1,vk_rmse_3d_cm,-0.804162332730719
0.15,original_static,mid,QR_motioncap_brushless_Light_mid_NoWind_test2,vk_rmse_3d_cm,0.221480487885406
0.15,original_static,mid,QR_motioncap_brushless_Light_mid_NoWind_test3,vk_rmse_3d_cm,0.263767479519726
0.15,original_static,mid,QR_motioncap_brushless_Light_mid_NoWind_test4,vk_rmse_3d_cm,0.353019942667562
0.15,original_static,mid,QR_motioncap_brushless_Light_mid_NoWind_test5,vk_rmse_3d_cm,-0.159393918156377
0.15,original_static,mid,QR_motioncap_brushless_Light_mid_NoWind_test1,kt_rmse_3d_cm,-0.826487287723115
0.15,original_static,mid,QR_motioncap_brushless_Light_mid_NoWind_test2,kt_rmse_3d_cm,-0.684229415896892
0.15,original_static,mid,QR_motioncap_brushless_Light_mid_NoWind_test3,kt_rmse_3d_cm,-0.0326522853656521
0.15,original_static,mid,QR_motioncap_brushless_Light_mid_NoWind_test4,kt_rmse_3d_cm,-0.688308460147343
0.15,original_static,mid,QR_motioncap_brushless_Light_mid_NoWind_test5,kt_rmse_3d_cm,-0.426593298524347
0.15,original_static,mid,QR_motioncap_brushless_Light_mid_NoWind_test1,kalman_pos_std_3d_cm,-0.881207984881037
0.15,original_static,mid,QR_motioncap_brushless_Light_mid_NoWind_test2,kalman_pos_std_3d_cm,-0.718005288698017
0.15,original_static,mid,QR_motioncap_brushless_Light_mid_NoWind_test3,kalman_pos_std_3d_cm,-0.0305338360633041
0.15,original_static,mid,QR_motioncap_brushless_Light_mid_NoWind_test4,kalman_pos_std_3d_cm,-0.687449359850903
0.15,original_static,mid,QR_motioncap_brushless_Light_mid_NoWind_test5,kalman_pos_std_3d_cm,-0.462207817330324
0.15,original_static,mid,QR_motioncap_brushless_Light_mid_NoWind_test1,rpy_std_deg,-3.19571350959248
0.15,original_static,mid,QR_motioncap_brushless_Light_mid_NoWind_test2,rpy_std_deg,-0.938411218514202
0.15,original_static,mid,QR_motioncap_brushless_Light_mid_NoWind_test3,rpy_std_deg,-1.89498103271111
0.15,original_static,mid,QR_motioncap_brushless_Light_mid_NoWind_test4,rpy_std_deg,-1.1731298998999
0.15,original_static,mid,QR_motioncap_brushless_Light_mid_NoWind_test5,rpy_std_deg,-1.48179315199388
0.15,original_static,top,QR_motioncap_brushless_Light_top_NoWind_test1,vt_rmse_3d_cm,0.878274031907142
0.15,original_static,top,QR_motioncap_brushless_Light_top_NoWind_test2,vt_rmse_3d_cm,1.87830593184119
0.15,original_static,top,QR_motioncap_brushless_Light_top_NoWind_test3,vt_rmse_3d_cm,2.24144221802294
0.15,original_static,top,QR_motioncap_brushless_Light_top_NoWind_test4,vt_rmse_3d_cm,1.85751279617409
0.15,original_static,top,QR_motioncap_brushless_Light_top_NoWind_test5,vt_rmse_3d_cm,2.05784885558867
0.15,original_static,top,QR_motioncap_brushless_Light_top_NoWind_test1,visual_dispersion_3d_cm,1.40550763974135
0.15,original_static,top,QR_motioncap_brushless_Light_top_NoWind_test2,visual_dispersion_3d_cm,2.26129507139731
0.15,original_static,top,QR_motioncap_brushless_Light_top_NoWind_test3,visual_dispersion_3d_cm,2.47380566801021
0.15,original_static,top,QR_motioncap_brushless_Light_top_NoWind_test4,visual_dispersion_3d_cm,2.37173483598015
0.15,original_static,top,QR_motioncap_brushless_Light_top_NoWind_test5,visual_dispersion_3d_cm,1.72092643059643
0.15,original_static,top,QR_motioncap_brushless_Light_top_NoWind_test1,vk_rmse_3d_cm,0.629060730853431
0.15,original_static,top,QR_motioncap_brushless_Light_top_NoWind_test2,vk_rmse_3d_cm,2.22582377834249
0.15,original_static,top,QR_motioncap_brushless_Light_top_NoWind_test3,vk_rmse_3d_cm,2.5792537517668
0.15,original_static,top,QR_motioncap_brushless_Light_top_NoWind_test4,vk_rmse_3d_cm,2.25956914154662
0.15,original_static,top,QR_motioncap_brushless_Light_top_NoWind_test5,vk_rmse_3d_cm,2.00580718639431
0.15,original_static,top,QR_motioncap_brushless_Light_top_NoWind_test1,kt_rmse_3d_cm,0.633236369952425
0.15,original_static,top,QR_motioncap_brushless_Light_top_NoWind_test2,kt_rmse_3d_cm,0.748171219618956
0.15,original_static,top,QR_motioncap_brushless_Light_top_NoWind_test3,kt_rmse_3d_cm,1.06757005444601
0.15,original_static,top,QR_motioncap_brushless_Light_top_NoWind_test4,kt_rmse_3d_cm,1.41066195241886
0.15,original_static,top,QR_motioncap_brushless_Light_top_NoWind_test5,kt_rmse_3d_cm,0.763639643047118
0.15,original_static,top,QR_motioncap_brushless_Light_top_NoWind_test1,kalman_pos_std_3d_cm,0.890189439500962
0.15,original_static,top,QR_motioncap_brushless_Light_top_NoWind_test2,kalman_pos_std_3d_cm,1.08576694116341
0.15,original_static,top,QR_motioncap_brushless_Light_top_NoWind_test3,kalman_pos_std_3d_cm,1.41636183525295
0.15,original_static,top,QR_motioncap_brushless_Light_top_NoWind_test4,kalman_pos_std_3d_cm,1.7435250602114
0.15,original_static,top,QR_motioncap_brushless_Light_top_NoWind_test5,kalman_pos_std_3d_cm,1.01071248291631
0.15,original_static,top,QR_motioncap_brushless_Light_top_NoWind_test1,rpy_std_deg,2.63954874691083
0.15,original_static,top,QR_motioncap_brushless_Light_top_NoWind_test2,rpy_std_deg,4.87574550697645
0.15,original_static,top,QR_motioncap_brushless_Light_top_NoWind_test3,rpy_std_deg,4.63720630911711
0.15,original_static,top,QR_motioncap_brushless_Light_top_NoWind_test4,rpy_std_deg,4.77749063394165
0.15,original_static,top,QR_motioncap_brushless_Light_top_NoWind_test5,rpy_std_deg,3.47807005312081
0.2,attitude_absolute,bot,QR_motioncap_brushless_Light_bot_NoWind_test1,vt_rmse_3d_cm,0.811928352437621
0.2,attitude_absolute,bot,QR_motioncap_brushless_Light_bot_NoWind_test2,vt_rmse_3d_cm,0.501489548336847
0.2,attitude_absolute,bot,QR_motioncap_brushless_Light_bot_NoWind_test3,vt_rmse_3d_cm,0.18879700936689
0.2,attitude_absolute,bot,QR_motioncap_brushless_Light_bot_NoWind_test4,vt_rmse_3d_cm,0.162971211462777
0.2,attitude_absolute,bot,QR_motioncap_brushless_Light_bot_NoWind_test5,vt_rmse_3d_cm,0.563421680586133
0.2,attitude_absolute,bot,QR_motioncap_brushless_Light_bot_NoWind_test1,visual_dispersion_3d_cm,0.124292222329748
0.2,attitude_absolute,bot,QR_motioncap_brushless_Light_bot_NoWind_test2,visual_dispersion_3d_cm,0.627656656489342
0.2,attitude_absolute,bot,QR_motioncap_brushless_Light_bot_NoWind_test3,visual_dispersion_3d_cm,0.13589868402496
0.2,attitude_absolute,bot,QR_motioncap_brushless_Light_bot_NoWind_test4,visual_dispersion_3d_cm,0.257674017142933
0.2,attitude_absolute,bot,QR_motioncap_brushless_Light_bot_NoWind_test5,visual_dispersion_3d_cm,0.756480963658384
0.2,attitude_absolute,bot,QR_motioncap_brushless_Light_bot_NoWind_test1,vk_rmse_3d_cm,1.03776269764914
0.2,attitude_absolute,bot,QR_motioncap_brushless_Light_bot_NoWind_test2,vk_rmse_3d_cm,0.110437045803682
0.2,attitude_absolute,bot,QR_motioncap_brushless_Light_bot_NoWind_test3,vk_rmse_3d_cm,0.334203791456189
0.2,attitude_absolute,bot,QR_motioncap_brushless_Light_bot_NoWind_test4,vk_rmse_3d_cm,0.422157738956545
0.2,attitude_absolute,bot,QR_motioncap_brushless_Light_bot_NoWind_test5,vk_rmse_3d_cm,0.533403100405863
0.2,attitude_absolute,bot,QR_motioncap_brushless_Light_bot_NoWind_test1,kt_rmse_3d_cm,0.270265910582559
0.2,attitude_absolute,bot,QR_motioncap_brushless_Light_bot_NoWind_test2,kt_rmse_3d_cm,0.594935574850465
0.2,attitude_absolute,bot,QR_motioncap_brushless_Light_bot_NoWind_test3,kt_rmse_3d_cm,-0.00557788116623037
0.2,attitude_absolute,bot,QR_motioncap_brushless_Light_bot_NoWind_test4,kt_rmse_3d_cm,0.339128351924907
0.2,attitude_absolute,bot,QR_motioncap_brushless_Light_bot_NoWind_test5,kt_rmse_3d_cm,0.942510850173274
0.2,attitude_absolute,bot,QR_motioncap_brushless_Light_bot_NoWind_test1,kalman_pos_std_3d_cm,0.275190809061632
0.2,attitude_absolute,bot,QR_motioncap_brushless_Light_bot_NoWind_test2,kalman_pos_std_3d_cm,0.629381489336834
0.2,attitude_absolute,bot,QR_motioncap_brushless_Light_bot_NoWind_test3,kalman_pos_std_3d_cm,-0.0789479803232718
0.2,attitude_absolute,bot,QR_motioncap_brushless_Light_bot_NoWind_test4,kalman_pos_std_3d_cm,0.29743396297579
0.2,attitude_absolute,bot,QR_motioncap_brushless_Light_bot_NoWind_test5,kalman_pos_std_3d_cm,0.95993710450426
0.2,attitude_absolute,bot,QR_motioncap_brushless_Light_bot_NoWind_test1,rpy_std_deg,0.547692406863
0.2,attitude_absolute,bot,QR_motioncap_brushless_Light_bot_NoWind_test2,rpy_std_deg,0.27059397378281
0.2,attitude_absolute,bot,QR_motioncap_brushless_Light_bot_NoWind_test3,rpy_std_deg,1.09610815788016
0.2,attitude_absolute,bot,QR_motioncap_brushless_Light_bot_NoWind_test4,rpy_std_deg,0.684003099301381
0.2,attitude_absolute,bot,QR_motioncap_brushless_Light_bot_NoWind_test5,rpy_std_deg,0.759618590167912
0.2,attitude_absolute,mid,QR_motioncap_brushless_Light_mid_NoWind_test1,vt_rmse_3d_cm,0.0534589848532163
0.2,attitude_absolute,mid,QR_motioncap_brushless_Light_mid_NoWind_test2,vt_rmse_3d_cm,-0.220530437789093
0.2,attitude_absolute,mid,QR_motioncap_brushless_Light_mid_NoWind_test3,vt_rmse_3d_cm,0.581615868054457
0.2,attitude_absolute,mid,QR_motioncap_brushless_Light_mid_NoWind_test4,vt_rmse_3d_cm,-0.301903518184088
0.2,attitude_absolute,mid,QR_motioncap_brushless_Light_mid_NoWind_test5,vt_rmse_3d_cm,0.437801726318529
0.2,attitude_absolute,mid,QR_motioncap_brushless_Light_mid_NoWind_test1,visual_dispersion_3d_cm,-0.365301919593694
0.2,attitude_absolute,mid,QR_motioncap_brushless_Light_mid_NoWind_test2,visual_dispersion_3d_cm,-0.493409885416412
0.2,attitude_absolute,mid,QR_motioncap_brushless_Light_mid_NoWind_test3,visual_dispersion_3d_cm,0.223598300392907
0.2,attitude_absolute,mid,QR_motioncap_brushless_Light_mid_NoWind_test4,visual_dispersion_3d_cm,-0.672074317746256
0.2,attitude_absolute,mid,QR_motioncap_brushless_Light_mid_NoWind_test5,visual_dispersion_3d_cm,0.0491139324925345
0.2,attitude_absolute,mid,QR_motioncap_brushless_Light_mid_NoWind_test1,vk_rmse_3d_cm,0.172662309872079
0.2,attitude_absolute,mid,QR_motioncap_brushless_Light_mid_NoWind_test2,vk_rmse_3d_cm,0.523789221537275
0.2,attitude_absolute,mid,QR_motioncap_brushless_Light_mid_NoWind_test3,vk_rmse_3d_cm,1.0519760560051
0.2,attitude_absolute,mid,QR_motioncap_brushless_Light_mid_NoWind_test4,vk_rmse_3d_cm,0.208460460972162
0.2,attitude_absolute,mid,QR_motioncap_brushless_Light_mid_NoWind_test5,vk_rmse_3d_cm,0.25073116194534
0.2,attitude_absolute,mid,QR_motioncap_brushless_Light_mid_NoWind_test1,kt_rmse_3d_cm,-0.828914680999012
0.2,attitude_absolute,mid,QR_motioncap_brushless_Light_mid_NoWind_test2,kt_rmse_3d_cm,-0.701605856875515
0.2,attitude_absolute,mid,QR_motioncap_brushless_Light_mid_NoWind_test3,kt_rmse_3d_cm,-0.0340669700438516
0.2,attitude_absolute,mid,QR_motioncap_brushless_Light_mid_NoWind_test4,kt_rmse_3d_cm,-0.711067409864151
0.2,attitude_absolute,mid,QR_motioncap_brushless_Light_mid_NoWind_test5,kt_rmse_3d_cm,-0.487731214494242
0.2,attitude_absolute,mid,QR_motioncap_brushless_Light_mid_NoWind_test1,kalman_pos_std_3d_cm,-0.882914715580223
0.2,attitude_absolute,mid,QR_motioncap_brushless_Light_mid_NoWind_test2,kalman_pos_std_3d_cm,-0.736349323435109
0.2,attitude_absolute,mid,QR_motioncap_brushless_Light_mid_NoWind_test3,kalman_pos_std_3d_cm,-0.0324862586974177
0.2,attitude_absolute,mid,QR_motioncap_brushless_Light_mid_NoWind_test4,kalman_pos_std_3d_cm,-0.712681943559546
0.2,attitude_absolute,mid,QR_motioncap_brushless_Light_mid_NoWind_test5,kalman_pos_std_3d_cm,-0.526082007908985
0.2,attitude_absolute,mid,QR_motioncap_brushless_Light_mid_NoWind_test1,rpy_std_deg,-3.20145407177398
0.2,attitude_absolute,mid,QR_motioncap_brushless_Light_mid_NoWind_test2,rpy_std_deg,-0.957636984284237
0.2,attitude_absolute,mid,QR_motioncap_brushless_Light_mid_NoWind_test3,rpy_std_deg,-1.89010904307413
0.2,attitude_absolute,mid,QR_motioncap_brushless_Light_mid_NoWind_test4,rpy_std_deg,-1.17475875268652
0.2,attitude_absolute,mid,QR_motioncap_brushless_Light_mid_NoWind_test5,rpy_std_deg,-1.47015208972085
0.2,attitude_absolute,top,QR_motioncap_brushless_Light_top_NoWind_test1,vt_rmse_3d_cm,1.32907143312738
0.2,attitude_absolute,top,QR_motioncap_brushless_Light_top_NoWind_test2,vt_rmse_3d_cm,1.227569455233
0.2,attitude_absolute,top,QR_motioncap_brushless_Light_top_NoWind_test3,vt_rmse_3d_cm,1.87035383379441
0.2,attitude_absolute,top,QR_motioncap_brushless_Light_top_NoWind_test4,vt_rmse_3d_cm,2.03536244505628
0.2,attitude_absolute,top,QR_motioncap_brushless_Light_top_NoWind_test5,vt_rmse_3d_cm,1.0661620799287
0.2,attitude_absolute,top,QR_motioncap_brushless_Light_top_NoWind_test1,visual_dispersion_3d_cm,1.70314443446087
0.2,attitude_absolute,top,QR_motioncap_brushless_Light_top_NoWind_test2,visual_dispersion_3d_cm,1.85106685855177
0.2,attitude_absolute,top,QR_motioncap_brushless_Light_top_NoWind_test3,visual_dispersion_3d_cm,2.36190426540404
0.2,attitude_absolute,top,QR_motioncap_brushless_Light_top_NoWind_test4,visual_dispersion_3d_cm,2.64789739987072
0.2,attitude_absolute,top,QR_motioncap_brushless_Light_top_NoWind_test5,visual_dispersion_3d_cm,1.48094778400202
0.2,attitude_absolute,top,QR_motioncap_brushless_Light_top_NoWind_test1,vk_rmse_3d_cm,1.49933842558787
0.2,attitude_absolute,top,QR_motioncap_brushless_Light_top_NoWind_test2,vk_rmse_3d_cm,1.71826830612324
0.2,attitude_absolute,top,QR_motioncap_brushless_Light_top_NoWind_test3,vk_rmse_3d_cm,2.14058857587982
0.2,attitude_absolute,top,QR_motioncap_brushless_Light_top_NoWind_test4,vk_rmse_3d_cm,1.91426422306492
0.2,attitude_absolute,top,QR_motioncap_brushless_Light_top_NoWind_test5,vk_rmse_3d_cm,1.21466729678933
0.2,attitude_absolute,top,QR_motioncap_brushless_Light_top_NoWind_test1,kt_rmse_3d_cm,0.647559698002911
0.2,attitude_absolute,top,QR_motioncap_brushless_Light_top_NoWind_test2,kt_rmse_3d_cm,0.766027693134309
0.2,attitude_absolute,top,QR_motioncap_brushless_Light_top_NoWind_test3,kt_rmse_3d_cm,1.0856124621536
0.2,attitude_absolute,top,QR_motioncap_brushless_Light_top_NoWind_test4,kt_rmse_3d_cm,1.42165940129627
0.2,attitude_absolute,top,QR_motioncap_brushless_Light_top_NoWind_test5,kt_rmse_3d_cm,0.767716410766693
0.2,attitude_absolute,top,QR_motioncap_brushless_Light_top_NoWind_test1,kalman_pos_std_3d_cm,0.904096174107818
0.2,attitude_absolute,top,QR_motioncap_brushless_Light_top_NoWind_test2,kalman_pos_std_3d_cm,1.10488492176373
0.2,attitude_absolute,top,QR_motioncap_brushless_Light_top_NoWind_test3,kalman_pos_std_3d_cm,1.43293093259377
0.2,attitude_absolute,top,QR_motioncap_brushless_Light_top_NoWind_test4,kalman_pos_std_3d_cm,1.75368704197361
0.2,attitude_absolute,top,QR_motioncap_brushless_Light_top_NoWind_test5,kalman_pos_std_3d_cm,1.01693383043457
0.2,attitude_absolute,top,QR_motioncap_brushless_Light_top_NoWind_test1,rpy_std_deg,2.63771795803374
0.2,attitude_absolute,top,QR_motioncap_brushless_Light_top_NoWind_test2,rpy_std_deg,4.87488129264097
0.2,attitude_absolute,top,QR_motioncap_brushless_Light_top_NoWind_test3,rpy_std_deg,4.63501143223979
0.2,attitude_absolute,top,QR_motioncap_brushless_Light_top_NoWind_test4,rpy_std_deg,4.77475614719126
0.2,attitude_absolute,top,QR_motioncap_brushless_Light_top_NoWind_test5,rpy_std_deg,3.46759484318924
0.2,attitude_run_centered,bot,QR_motioncap_brushless_Light_bot_NoWind_test1,vt_rmse_3d_cm,0.811071734605979
0.2,attitude_run_centered,bot,QR_motioncap_brushless_Light_bot_NoWind_test2,vt_rmse_3d_cm,0.488091893432327
0.2,attitude_run_centered,bot,QR_motioncap_brushless_Light_bot_NoWind_test3,vt_rmse_3d_cm,0.200752519260281
0.2,attitude_run_centered,bot,QR_motioncap_brushless_Light_bot_NoWind_test4,vt_rmse_3d_cm,0.150103930694548
0.2,attitude_run_centered,bot,QR_motioncap_brushless_Light_bot_NoWind_test5,vt_rmse_3d_cm,0.562193223081644
0.2,attitude_run_centered,bot,QR_motioncap_brushless_Light_bot_NoWind_test1,visual_dispersion_3d_cm,0.124319224198015
0.2,attitude_run_centered,bot,QR_motioncap_brushless_Light_bot_NoWind_test2,visual_dispersion_3d_cm,0.627610136542812
0.2,attitude_run_centered,bot,QR_motioncap_brushless_Light_bot_NoWind_test3,visual_dispersion_3d_cm,0.135838474439891
0.2,attitude_run_centered,bot,QR_motioncap_brushless_Light_bot_NoWind_test4,visual_dispersion_3d_cm,0.257955102543819
0.2,attitude_run_centered,bot,QR_motioncap_brushless_Light_bot_NoWind_test5,visual_dispersion_3d_cm,0.75639957839542
0.2,attitude_run_centered,bot,QR_motioncap_brushless_Light_bot_NoWind_test1,vk_rmse_3d_cm,1.03890507686796
0.2,attitude_run_centered,bot,QR_motioncap_brushless_Light_bot_NoWind_test2,vk_rmse_3d_cm,0.0934953187072467
0.2,attitude_run_centered,bot,QR_motioncap_brushless_Light_bot_NoWind_test3,vk_rmse_3d_cm,0.342873471771426
0.2,attitude_run_centered,bot,QR_motioncap_brushless_Light_bot_NoWind_test4,vk_rmse_3d_cm,0.397569551667804
0.2,attitude_run_centered,bot,QR_motioncap_brushless_Light_bot_NoWind_test5,vk_rmse_3d_cm,0.532711084748238
0.2,attitude_run_centered,bot,QR_motioncap_brushless_Light_bot_NoWind_test1,kt_rmse_3d_cm,0.270265910582559
0.2,attitude_run_centered,bot,QR_motioncap_brushless_Light_bot_NoWind_test2,kt_rmse_3d_cm,0.594935574850465
0.2,attitude_run_centered,bot,QR_motioncap_brushless_Light_bot_NoWind_test3,kt_rmse_3d_cm,-0.00557788116623037
0.2,attitude_run_centered,bot,QR_motioncap_brushless_Light_bot_NoWind_test4,kt_rmse_3d_cm,0.339128351924907
0.2,attitude_run_centered,bot,QR_motioncap_brushless_Light_bot_NoWind_test5,kt_rmse_3d_cm,0.942510850173274
0.2,attitude_run_centered,bot,QR_motioncap_brushless_Light_bot_NoWind_test1,kalman_pos_std_3d_cm,0.275190809061632
0.2,attitude_run_centered,bot,QR_motioncap_brushless_Light_bot_NoWind_test2,kalman_pos_std_3d_cm,0.629381489336834
0.2,attitude_run_centered,bot,QR_motioncap_brushless_Light_bot_NoWind_test3,kalman_pos_std_3d_cm,-0.0789479803232718
0.2,attitude_run_centered,bot,QR_motioncap_brushless_Light_bot_NoWind_test4,kalman_pos_std_3d_cm,0.29743396297579
0.2,attitude_run_centered,bot,QR_motioncap_brushless_Light_bot_NoWind_test5,kalman_pos_std_3d_cm,0.95993710450426
0.2,attitude_run_centered,bot,QR_motioncap_brushless_Light_bot_NoWind_test1,rpy_std_deg,0.547692406863
0.2,attitude_run_centered,bot,QR_motioncap_brushless_Light_bot_NoWind_test2,rpy_std_deg,0.27059397378281
0.2,attitude_run_centered,bot,QR_motioncap_brushless_Light_bot_NoWind_test3,rpy_std_deg,1.09610815788016
0.2,attitude_run_centered,bot,QR_motioncap_brushless_Light_bot_NoWind_test4,rpy_std_deg,0.684003099301381
0.2,attitude_run_centered,bot,QR_motioncap_brushless_Light_bot_NoWind_test5,rpy_std_deg,0.759618590167912
0.2,attitude_run_centered,mid,QR_motioncap_brushless_Light_mid_NoWind_test1,vt_rmse_3d_cm,0.0611656189167382
0.2,attitude_run_centered,mid,QR_motioncap_brushless_Light_mid_NoWind_test2,vt_rmse_3d_cm,-0.212738853426004
0.2,attitude_run_centered,mid,QR_motioncap_brushless_Light_mid_NoWind_test3,vt_rmse_3d_cm,0.63468258792631
0.2,attitude_run_centered,mid,QR_motioncap_brushless_Light_mid_NoWind_test4,vt_rmse_3d_cm,-0.36728863492728
0.2,attitude_run_centered,mid,QR_motioncap_brushless_Light_mid_NoWind_test5,vt_rmse_3d_cm,0.495907524908607
0.2,attitude_run_centered,mid,QR_motioncap_brushless_Light_mid_NoWind_test1,visual_dispersion_3d_cm,-0.365516937425883
0.2,attitude_run_centered,mid,QR_motioncap_brushless_Light_mid_NoWind_test2,visual_dispersion_3d_cm,-0.494028340776253
0.2,attitude_run_centered,mid,QR_motioncap_brushless_Light_mid_NoWind_test3,visual_dispersion_3d_cm,0.223039004016729
0.2,attitude_run_centered,mid,QR_motioncap_brushless_Light_mid_NoWind_test4,visual_dispersion_3d_cm,-0.671730982232294
0.2,attitude_run_centered,mid,QR_motioncap_brushless_Light_mid_NoWind_test5,visual_dispersion_3d_cm,0.0492162619749386
0.2,attitude_run_centered,mid,QR_motioncap_brushless_Light_mid_NoWind_test1,vk_rmse_3d_cm,0.210183477526677
0.2,attitude_run_centered,mid,QR_motioncap_brushless_Light_mid_NoWind_test2,vk_rmse_3d_cm,0.537766198985441
0.2,attitude_run_centered,mid,QR_motioncap_brushless_Light_mid_NoWind_test3,vk_rmse_3d_cm,1.10893703966627
0.2,attitude_run_centered,mid,QR_motioncap_brushless_Light_mid_NoWind_test4,vk_rmse_3d_cm,0.125030408805968
0.2,attitude_run_centered,mid,QR_motioncap_brushless_Light_mid_NoWind_test5,vk_rmse_3d_cm,0.29520026228461
0.2,attitude_run_centered,mid,QR_motioncap_brushless_Light_mid_NoWind_test1,kt_rmse_3d_cm,-0.828914680999012
0.2,attitude_run_centered,mid,QR_motioncap_brushless_Light_mid_NoWind_test2,kt_rmse_3d_cm,-0.701605856875515
0.2,attitude_run_centered,mid,QR_motioncap_brushless_Light_mid_NoWind_test3,kt_rmse_3d_cm,-0.0340669700438516
0.2,attitude_run_centered,mid,QR_motioncap_brushless_Light_mid_NoWind_test4,kt_rmse_3d_cm,-0.711067409864151
0.2,attitude_run_centered,mid,QR_motioncap_brushless_Light_mid_NoWind_test5,kt_rmse_3d_cm,-0.487731214494242
0.2,attitude_run_centered,mid,QR_motioncap_brushless_Light_mid_NoWind_test1,kalman_pos_std_3d_cm,-0.882914715580223
0.2,attitude_run_centered,mid,QR_motioncap_brushless_Light_mid_NoWind_test2,kalman_pos_std_3d_cm,-0.736349323435109
0.2,attitude_run_centered,mid,QR_motioncap_brushless_Light_mid_NoWind_test3,kalman_pos_std_3d_cm,-0.0324862586974177
0.2,attitude_run_centered,mid,QR_motioncap_brushless_Light_mid_NoWind_test4,kalman_pos_std_3d_cm,-0.712681943559546
0.2,attitude_run_centered,mid,QR_motioncap_brushless_Light_mid_NoWind_test5,kalman_pos_std_3d_cm,-0.526082007908985
0.2,attitude_run_centered,mid,QR_motioncap_brushless_Light_mid_NoWind_test1,rpy_std_deg,-3.20145407177398
0.2,attitude_run_centered,mid,QR_motioncap_brushless_Light_mid_NoWind_test2,rpy_std_deg,-0.957636984284237
0.2,attitude_run_centered,mid,QR_motioncap_brushless_Light_mid_NoWind_test3,rpy_std_deg,-1.89010904307413
0.2,attitude_run_centered,mid,QR_motioncap_brushless_Light_mid_NoWind_test4,rpy_std_deg,-1.17475875268652
0.2,attitude_run_centered,mid,QR_motioncap_brushless_Light_mid_NoWind_test5,rpy_std_deg,-1.47015208972085
0.2,attitude_run_centered,top,QR_motioncap_brushless_Light_top_NoWind_test1,vt_rmse_3d_cm,1.28920901637803
0.2,attitude_run_centered,top,QR_motioncap_brushless_Light_top_NoWind_test2,vt_rmse_3d_cm,1.19927969238451
0.2,attitude_run_centered,top,QR_motioncap_brushless_Light_top_NoWind_test3,vt_rmse_3d_cm,1.84852538995247
0.2,attitude_run_centered,top,QR_motioncap_brushless_Light_top_NoWind_test4,vt_rmse_3d_cm,2.0295276894294
0.2,attitude_run_centered,top,QR_motioncap_brushless_Light_top_NoWind_test5,vt_rmse_3d_cm,1.0615676265314
0.2,attitude_run_centered,top,QR_motioncap_brushless_Light_top_NoWind_test1,visual_dispersion_3d_cm,1.70236659941145
0.2,attitude_run_centered,top,QR_motioncap_brushless_Light_top_NoWind_test2,visual_dispersion_3d_cm,1.85152058466419
0.2,attitude_run_centered,top,QR_motioncap_brushless_Light_top_NoWind_test3,visual_dispersion_3d_cm,2.36181586287237
0.2,attitude_run_centered,top,QR_motioncap_brushless_Light_top_NoWind_test4,visual_dispersion_3d_cm,2.64832552048945
0.2,attitude_run_centered,top,QR_motioncap_brushless_Light_top_NoWind_test5,visual_dispersion_3d_cm,1.48070164992254
0.2,attitude_run_centered,top,QR_motioncap_brushless_Light_top_NoWind_test1,vk_rmse_3d_cm,1.44063149572432
0.2,attitude_run_centered,top,QR_motioncap_brushless_Light_top_NoWind_test2,vk_rmse_3d_cm,1.690764981179
0.2,attitude_run_centered,top,QR_motioncap_brushless_Light_top_NoWind_test3,vk_rmse_3d_cm,2.12421823700471
0.2,attitude_run_centered,top,QR_motioncap_brushless_Light_top_NoWind_test4,vk_rmse_3d_cm,1.90369274345013
0.2,attitude_run_centered,top,QR_motioncap_brushless_Light_top_NoWind_test5,vk_rmse_3d_cm,1.20235339024176
0.2,attitude_run_centered,top,QR_motioncap_brushless_Light_top_NoWind_test1,kt_rmse_3d_cm,0.647559698002911
0.2,attitude_run_centered,top,QR_motioncap_brushless_Light_top_NoWind_test2,kt_rmse_3d_cm,0.766027693134309
0.2,attitude_run_centered,top,QR_motioncap_brushless_Light_top_NoWind_test3,kt_rmse_3d_cm,1.0856124621536
0.2,attitude_run_centered,top,QR_motioncap_brushless_Light_top_NoWind_test4,kt_rmse_3d_cm,1.42165940129627
0.2,attitude_run_centered,top,QR_motioncap_brushless_Light_top_NoWind_test5,kt_rmse_3d_cm,0.767716410766693
0.2,attitude_run_centered,top,QR_motioncap_brushless_Light_top_NoWind_test1,kalman_pos_std_3d_cm,0.904096174107818
0.2,attitude_run_centered,top,QR_motioncap_brushless_Light_top_NoWind_test2,kalman_pos_std_3d_cm,1.10488492176373
0.2,attitude_run_centered,top,QR_motioncap_brushless_Light_top_NoWind_test3,kalman_pos_std_3d_cm,1.43293093259377
0.2,attitude_run_centered,top,QR_motioncap_brushless_Light_top_NoWind_test4,kalman_pos_std_3d_cm,1.75368704197361
0.2,attitude_run_centered,top,QR_motioncap_brushless_Light_top_NoWind_test5,kalman_pos_std_3d_cm,1.01693383043457
0.2,attitude_run_centered,top,QR_motioncap_brushless_Light_top_NoWind_test1,rpy_std_deg,2.63771795803374
0.2,attitude_run_centered,top,QR_motioncap_brushless_Light_top_NoWind_test2,rpy_std_deg,4.87488129264097
0.2,attitude_run_centered,top,QR_motioncap_brushless_Light_top_NoWind_test3,rpy_std_deg,4.63501143223979
0.2,attitude_run_centered,top,QR_motioncap_brushless_Light_top_NoWind_test4,rpy_std_deg,4.77475614719126
0.2,attitude_run_centered,top,QR_motioncap_brushless_Light_top_NoWind_test5,rpy_std_deg,3.46759484318924
0.2,original_static,bot,QR_motioncap_brushless_Light_bot_NoWind_test1,vt_rmse_3d_cm,1.35093665573243
0.2,original_static,bot,QR_motioncap_brushless_Light_bot_NoWind_test2,vt_rmse_3d_cm,0.60527148755289
0.2,original_static,bot,QR_motioncap_brushless_Light_bot_NoWind_test3,vt_rmse_3d_cm,0.395924085449236
0.2,original_static,bot,QR_motioncap_brushless_Light_bot_NoWind_test4,vt_rmse_3d_cm,0.508158206593469
0.2,original_static,bot,QR_motioncap_brushless_Light_bot_NoWind_test5,vt_rmse_3d_cm,0.397382848841543
0.2,original_static,bot,QR_motioncap_brushless_Light_bot_NoWind_test1,visual_dispersion_3d_cm,0.699647315684498
0.2,original_static,bot,QR_motioncap_brushless_Light_bot_NoWind_test2,visual_dispersion_3d_cm,0.73300504876721
0.2,original_static,bot,QR_motioncap_brushless_Light_bot_NoWind_test3,visual_dispersion_3d_cm,0.314801654244595
0.2,original_static,bot,QR_motioncap_brushless_Light_bot_NoWind_test4,visual_dispersion_3d_cm,0.574206464719778
0.2,original_static,bot,QR_motioncap_brushless_Light_bot_NoWind_test5,visual_dispersion_3d_cm,0.564153324751435
0.2,original_static,bot,QR_motioncap_brushless_Light_bot_NoWind_test1,vk_rmse_3d_cm,1.40289256891134
0.2,original_static,bot,QR_motioncap_brushless_Light_bot_NoWind_test2,vk_rmse_3d_cm,0.16909505901797
0.2,original_static,bot,QR_motioncap_brushless_Light_bot_NoWind_test3,vk_rmse_3d_cm,0.936751477903753
0.2,original_static,bot,QR_motioncap_brushless_Light_bot_NoWind_test4,vk_rmse_3d_cm,0.580174284990708
0.2,original_static,bot,QR_motioncap_brushless_Light_bot_NoWind_test5,vk_rmse_3d_cm,0.508576863924041
0.2,original_static,bot,QR_motioncap_brushless_Light_bot_NoWind_test1,kt_rmse_3d_cm,0.270265910582559
0.2,original_static,bot,QR_motioncap_brushless_Light_bot_NoWind_test2,kt_rmse_3d_cm,0.594935574850465
0.2,original_static,bot,QR_motioncap_brushless_Light_bot_NoWind_test3,kt_rmse_3d_cm,-0.00557788116623037
0.2,original_static,bot,QR_motioncap_brushless_Light_bot_NoWind_test4,kt_rmse_3d_cm,0.339128351924907
0.2,original_static,bot,QR_motioncap_brushless_Light_bot_NoWind_test5,kt_rmse_3d_cm,0.942510850173274
0.2,original_static,bot,QR_motioncap_brushless_Light_bot_NoWind_test1,kalman_pos_std_3d_cm,0.275190809061632
0.2,original_static,bot,QR_motioncap_brushless_Light_bot_NoWind_test2,kalman_pos_std_3d_cm,0.629381489336834
0.2,original_static,bot,QR_motioncap_brushless_Light_bot_NoWind_test3,kalman_pos_std_3d_cm,-0.0789479803232718
0.2,original_static,bot,QR_motioncap_brushless_Light_bot_NoWind_test4,kalman_pos_std_3d_cm,0.29743396297579
0.2,original_static,bot,QR_motioncap_brushless_Light_bot_NoWind_test5,kalman_pos_std_3d_cm,0.95993710450426
0.2,original_static,bot,QR_motioncap_brushless_Light_bot_NoWind_test1,rpy_std_deg,0.547692406863
0.2,original_static,bot,QR_motioncap_brushless_Light_bot_NoWind_test2,rpy_std_deg,0.27059397378281
0.2,original_static,bot,QR_motioncap_brushless_Light_bot_NoWind_test3,rpy_std_deg,1.09610815788016
0.2,original_static,bot,QR_motioncap_brushless_Light_bot_NoWind_test4,rpy_std_deg,0.684003099301381
0.2,original_static,bot,QR_motioncap_brushless_Light_bot_NoWind_test5,rpy_std_deg,0.759618590167912
0.2,original_static,mid,QR_motioncap_brushless_Light_mid_NoWind_test1,vt_rmse_3d_cm,-0.305122054985915
0.2,original_static,mid,QR_motioncap_brushless_Light_mid_NoWind_test2,vt_rmse_3d_cm,0.250221729643046
0.2,original_static,mid,QR_motioncap_brushless_Light_mid_NoWind_test3,vt_rmse_3d_cm,0.279874581667648
0.2,original_static,mid,QR_motioncap_brushless_Light_mid_NoWind_test4,vt_rmse_3d_cm,0.0076523028921498
0.2,original_static,mid,QR_motioncap_brushless_Light_mid_NoWind_test5,vt_rmse_3d_cm,-0.112471844149681
0.2,original_static,mid,QR_motioncap_brushless_Light_mid_NoWind_test1,visual_dispersion_3d_cm,-0.731773828694545
0.2,original_static,mid,QR_motioncap_brushless_Light_mid_NoWind_test2,visual_dispersion_3d_cm,-0.0198178716584145
0.2,original_static,mid,QR_motioncap_brushless_Light_mid_NoWind_test3,visual_dispersion_3d_cm,-0.169343415619512
0.2,original_static,mid,QR_motioncap_brushless_Light_mid_NoWind_test4,visual_dispersion_3d_cm,-0.203529643783952
0.2,original_static,mid,QR_motioncap_brushless_Light_mid_NoWind_test5,visual_dispersion_3d_cm,-0.488107108241731
0.2,original_static,mid,QR_motioncap_brushless_Light_mid_NoWind_test1,vk_rmse_3d_cm,-0.89372546777998
0.2,original_static,mid,QR_motioncap_brushless_Light_mid_NoWind_test2,vk_rmse_3d_cm,0.172818289171579
0.2,original_static,mid,QR_motioncap_brushless_Light_mid_NoWind_test3,vk_rmse_3d_cm,0.230583855901711
0.2,original_static,mid,QR_motioncap_brushless_Light_mid_NoWind_test4,vk_rmse_3d_cm,0.299153265894634
0.2,original_static,mid,QR_motioncap_brushless_Light_mid_NoWind_test5,vk_rmse_3d_cm,-0.226839358218782
0.2,original_static,mid,QR_motioncap_brushless_Light_mid_NoWind_test1,kt_rmse_3d_cm,-0.828914680999012
0.2,original_static,mid,QR_motioncap_brushless_Light_mid_NoWind_test2,kt_rmse_3d_cm,-0.701605856875515
0.2,original_static,mid,QR_motioncap_brushless_Light_mid_NoWind_test3,kt_rmse_3d_cm,-0.0340669700438516
0.2,original_static,mid,QR_motioncap_brushless_Light_mid_NoWind_test4,kt_rmse_3d_cm,-0.711067409864151
0.2,original_static,mid,QR_motioncap_brushless_Light_mid_NoWind_test5,kt_rmse_3d_cm,-0.487731214494242
0.2,original_static,mid,QR_motioncap_brushless_Light_mid_NoWind_test1,kalman_pos_std_3d_cm,-0.882914715580223
0.2,original_static,mid,QR_motioncap_brushless_Light_mid_NoWind_test2,kalman_pos_std_3d_cm,-0.736349323435109
0.2,original_static,mid,QR_motioncap_brushless_Light_mid_NoWind_test3,kalman_pos_std_3d_cm,-0.0324862586974177
0.2,original_static,mid,QR_motioncap_brushless_Light_mid_NoWind_test4,kalman_pos_std_3d_cm,-0.712681943559546
0.2,original_static,mid,QR_motioncap_brushless_Light_mid_NoWind_test5,kalman_pos_std_3d_cm,-0.526082007908985
0.2,original_static,mid,QR_motioncap_brushless_Light_mid_NoWind_test1,rpy_std_deg,-3.20145407177398
0.2,original_static,mid,QR_motioncap_brushless_Light_mid_NoWind_test2,rpy_std_deg,-0.957636984284237
0.2,original_static,mid,QR_motioncap_brushless_Light_mid_NoWind_test3,rpy_std_deg,-1.89010904307413
0.2,original_static,mid,QR_motioncap_brushless_Light_mid_NoWind_test4,rpy_std_deg,-1.17475875268652
0.2,original_static,mid,QR_motioncap_brushless_Light_mid_NoWind_test5,rpy_std_deg,-1.47015208972085
0.2,original_static,top,QR_motioncap_brushless_Light_top_NoWind_test1,vt_rmse_3d_cm,0.878274031907142
0.2,original_static,top,QR_motioncap_brushless_Light_top_NoWind_test2,vt_rmse_3d_cm,1.87830593184119
0.2,original_static,top,QR_motioncap_brushless_Light_top_NoWind_test3,vt_rmse_3d_cm,2.24144221802294
0.2,original_static,top,QR_motioncap_brushless_Light_top_NoWind_test4,vt_rmse_3d_cm,1.85751279617409
0.2,original_static,top,QR_motioncap_brushless_Light_top_NoWind_test5,vt_rmse_3d_cm,2.05784885558867
0.2,original_static,top,QR_motioncap_brushless_Light_top_NoWind_test1,visual_dispersion_3d_cm,1.40550763974135
0.2,original_static,top,QR_motioncap_brushless_Light_top_NoWind_test2,visual_dispersion_3d_cm,2.26129507139731
0.2,original_static,top,QR_motioncap_brushless_Light_top_NoWind_test3,visual_dispersion_3d_cm,2.47380566801021
0.2,original_static,top,QR_motioncap_brushless_Light_top_NoWind_test4,visual_dispersion_3d_cm,2.37173483598015
0.2,original_static,top,QR_motioncap_brushless_Light_top_NoWind_test5,visual_dispersion_3d_cm,1.72092643059643
0.2,original_static,top,QR_motioncap_brushless_Light_top_NoWind_test1,vk_rmse_3d_cm,0.676671510012597
0.2,original_static,top,QR_motioncap_brushless_Light_top_NoWind_test2,vk_rmse_3d_cm,2.30720433524641
0.2,original_static,top,QR_motioncap_brushless_Light_top_NoWind_test3,vk_rmse_3d_cm,2.62700989018394
0.2,original_static,top,QR_motioncap_brushless_Light_top_NoWind_test4,vk_rmse_3d_cm,2.33145081684338
0.2,original_static,top,QR_motioncap_brushless_Light_top_NoWind_test5,vk_rmse_3d_cm,2.10882221008709
0.2,original_static,top,QR_motioncap_brushless_Light_top_NoWind_test1,kt_rmse_3d_cm,0.647559698002911
0.2,original_static,top,QR_motioncap_brushless_Light_top_NoWind_test2,kt_rmse_3d_cm,0.766027693134309
0.2,original_static,top,QR_motioncap_brushless_Light_top_NoWind_test3,kt_rmse_3d_cm,1.0856124621536
0.2,original_static,top,QR_motioncap_brushless_Light_top_NoWind_test4,kt_rmse_3d_cm,1.42165940129627
0.2,original_static,top,QR_motioncap_brushless_Light_top_NoWind_test5,kt_rmse_3d_cm,0.767716410766693
0.2,original_static,top,QR_motioncap_brushless_Light_top_NoWind_test1,kalman_pos_std_3d_cm,0.904096174107818
0.2,original_static,top,QR_motioncap_brushless_Light_top_NoWind_test2,kalman_pos_std_3d_cm,1.10488492176373
0.2,original_static,top,QR_motioncap_brushless_Light_top_NoWind_test3,kalman_pos_std_3d_cm,1.43293093259377
0.2,original_static,top,QR_motioncap_brushless_Light_top_NoWind_test4,kalman_pos_std_3d_cm,1.75368704197361
0.2,original_static,top,QR_motioncap_brushless_Light_top_NoWind_test5,kalman_pos_std_3d_cm,1.01693383043457
0.2,original_static,top,QR_motioncap_brushless_Light_top_NoWind_test1,rpy_std_deg,2.63771795803374
0.2,original_static,top,QR_motioncap_brushless_Light_top_NoWind_test2,rpy_std_deg,4.87488129264097
0.2,original_static,top,QR_motioncap_brushless_Light_top_NoWind_test3,rpy_std_deg,4.63501143223979
0.2,original_static,top,QR_motioncap_brushless_Light_top_NoWind_test4,rpy_std_deg,4.77475614719126
0.2,original_static,top,QR_motioncap_brushless_Light_top_NoWind_test5,rpy_std_deg,3.46759484318924
