test,level,run,segment,marker,shift_s,mode,n_samples,n_native_attitude,vt_rmse_3d_cm,visual_dispersion_3d_cm,vk_rmse_3d_cm,kt_rmse_3d_cm,kalman_pos_std_3d_cm,rpy_std_deg
QR_motioncap_brushless_Light_bot_NoWind_test1,bot,1,1,10,-0.2,original_static,178,2589,4.85410167659897,3.44131245691081,4.21057632294538,2.99934656413614,2.90020646458797,4.91554911130447
QR_motioncap_brushless_Light_bot_NoWind_test1,bot,1,1,10,-0.2,attitude_absolute,178,2589,4.72090412430898,3.15082506982282,3.92718854108313,2.99934656413614,2.90020646458797,4.91554911130447
QR_motioncap_brushless_Light_bot_NoWind_test1,bot,1,1,10,-0.2,attitude_run_centered,178,2589,4.67721962337797,3.15112909408154,3.87992086045573,2.99934656413614,2.90020646458797,4.91554911130447
QR_motioncap_brushless_Light_bot_NoWind_test1,bot,1,1,10,-0.15,original_static,178,2589,4.85410167659897,3.44131245691081,4.13963164190974,2.98877357163886,2.88866918054576,4.91176834448081
QR_motioncap_brushless_Light_bot_NoWind_test1,bot,1,1,10,-0.15,attitude_absolute,178,2589,4.69707049628495,3.10361190457557,3.83785099951404,2.98877357163886,2.88866918054576,4.91176834448081
QR_motioncap_brushless_Light_bot_NoWind_test1,bot,1,1,10,-0.15,attitude_run_centered,178,2589,4.65303919308967,3.10395548507242,3.78945250315814,2.98877357163886,2.88866918054576,4.91176834448081
QR_motioncap_brushless_Light_bot_NoWind_test1,bot,1,1,10,-0.1,original_static,178,2589,4.85410167659897,3.44131245691081,4.07014013713001,2.98644128570093,2.88413603391079,4.90754086819883
QR_motioncap_brushless_Light_bot_NoWind_test1,bot,1,1,10,-0.1,attitude_absolute,178,2589,4.67865741033143,3.07407848925933,3.76099558192257,2.98644128570093,2.88413603391079,4.90754086819883
QR_motioncap_brushless_Light_bot_NoWind_test1,bot,1,1,10,-0.1,attitude_run_centered,178,2589,4.63444173595027,3.07446521566437,3.71191699717806,2.98644128570093,2.88413603391079,4.90754086819883
QR_motioncap_brushless_Light_bot_NoWind_test1,bot,1,1,10,-0.05,original_static,178,2589,4.85410167659897,3.44131245691081,4.03688154484496,2.99065573948258,2.88634667638605,4.90399550103088
QR_motioncap_brushless_Light_bot_NoWind_test1,bot,1,1,10,-0.05,attitude_absolute,178,2589,4.6840389269358,3.06693080656836,3.75059258031788,2.99065573948258,2.88634667638605,4.90399550103088
QR_motioncap_brushless_Light_bot_NoWind_test1,bot,1,1,10,-0.05,attitude_run_centered,178,2589,4.6396655891664,3.06730679275345,3.70138617947781,2.99065573948258,2.88634667638605,4.90399550103088
QR_motioncap_brushless_Light_bot_NoWind_test1,bot,1,1,10,0,original_static,178,2588,4.85410167659897,3.44131245691081,4.04238792576105,2.98093688464702,2.87581997401766,4.90165349207553
QR_motioncap_brushless_Light_bot_NoWind_test1,bot,1,1,10,0,attitude_absolute,178,2588,4.69892834172264,3.07603918120597,3.79148438420396,2.98093688464702,2.87581997401766,4.90165349207553
QR_motioncap_brushless_Light_bot_NoWind_test1,bot,1,1,10,0,attitude_run_centered,178,2588,4.65451643481142,3.0763754931013,3.74266767848933,2.98093688464702,2.87581997401766,4.90165349207553
QR_motioncap_brushless_Light_bot_NoWind_test1,bot,1,1,10,0.05,original_static,178,2589,4.85410167659897,3.44131245691081,4.05784223683969,2.97517623515196,2.86746683256412,4.89916469921029
QR_motioncap_brushless_Light_bot_NoWind_test1,bot,1,1,10,0.05,attitude_absolute,178,2589,4.72017625775118,3.11294174474592,3.84608304058287,2.97517623515196,2.86746683256412,4.89916469921029
QR_motioncap_brushless_Light_bot_NoWind_test1,bot,1,1,10,0.05,attitude_run_centered,178,2589,4.67600817691003,3.11324249188153,3.79831735391966,2.97517623515196,2.86746683256412,4.89916469921029
QR_motioncap_brushless_Light_bot_NoWind_test1,bot,1,1,10,0.1,original_static,178,2589,4.85410167659897,3.44131245691081,4.11034775000346,2.98919164834531,2.87972166036605,4.89792124332796
QR_motioncap_brushless_Light_bot_NoWind_test1,bot,1,1,10,0.1,attitude_absolute,178,2589,4.76296038712871,3.17277842976454,3.9623573670869,2.98919164834531,2.87972166036605,4.89792124332796
QR_motioncap_brushless_Light_bot_NoWind_test1,bot,1,1,10,0.1,attitude_run_centered,178,2589,4.71910490561387,3.17302669999793,3.91618119917496,2.98919164834531,2.87972166036605,4.89792124332796
QR_motioncap_brushless_Light_bot_NoWind_test1,bot,1,1,10,0.15,original_static,178,2588,4.85410167659897,3.44131245691081,4.18539540068188,2.97928031998291,2.86898820939213,4.89775164637833
QR_motioncap_brushless_Light_bot_NoWind_test1,bot,1,1,10,0.15,attitude_absolute,178,2588,4.81222981629178,3.24971742002622,4.1039765685432,2.97928031998291,2.86898820939213,4.89775164637833
QR_motioncap_brushless_Light_bot_NoWind_test1,bot,1,1,10,0.15,attitude_run_centered,178,2588,4.76884890199297,3.24988642621576,4.0594648099837,2.97928031998291,2.86898820939213,4.89775164637833
QR_motioncap_brushless_Light_bot_NoWind_test1,bot,1,1,10,0.2,original_static,178,2589,4.85410167659897,3.44131245691081,4.27574064221619,2.98133270358483,2.86951238268041,4.89829702557487
QR_motioncap_brushless_Light_bot_NoWind_test1,bot,1,1,10,0.2,attitude_absolute,178,2589,4.86262896688729,3.33968619054132,4.25893869137084,2.98133270358483,2.86951238268041,4.89829702557487
QR_motioncap_brushless_Light_bot_NoWind_test1,bot,1,1,10,0.2,attitude_run_centered,178,2589,4.81988470138614,3.33977625835139,4.21644336235035,2.98133270358483,2.86951238268041,4.89829702557487
QR_motioncap_brushless_Light_bot_NoWind_test1,bot,1,2,11,-0.2,original_static,169,2507,7.36408174172087,3.93820619812041,6.88664613426827,2.91861778846603,2.73460528462127,5.14073607559401
QR_motioncap_brushless_Light_bot_NoWind_test1,bot,1,2,11,-0.2,attitude_absolute,169,2507,6.62377387872618,3.18708632752365,6.32621625032086,2.91861778846603,2.73460528462127,5.14073607559401
QR_motioncap_brushless_Light_bot_NoWind_test1,bot,1,2,11,-0.2,attitude_run_centered,169,2507,6.57407097294669,3.1872273189021,6.27517257499344,2.91861778846603,2.73460528462127,5.14073607559401
QR_motioncap_brushless_Light_bot_NoWind_test1,bot,1,2,11,-0.15,original_static,169,2508,7.36408174172087,3.93820619812041,6.88697258166358,2.90949838522308,2.72624361758844,5.14264206425446
QR_motioncap_brushless_Light_bot_NoWind_test1,bot,1,2,11,-0.15,attitude_absolute,169,2508,6.5675181167498,3.05732661143548,6.26459927975806,2.90949838522308,2.72624361758844,5.14264206425446
QR_motioncap_brushless_Light_bot_NoWind_test1,bot,1,2,11,-0.15,attitude_run_centered,169,2508,6.51730685269436,3.05751735068367,6.21310505851441,2.90949838522308,2.72624361758844,5.14264206425446
QR_motioncap_brushless_Light_bot_NoWind_test1,bot,1,2,11,-0.1,original_static,169,2509,7.36408174172087,3.93820619812041,6.90712898441337,2.90154956121478,2.71861258374836,5.14351101338313
QR_motioncap_brushless_Light_bot_NoWind_test1,bot,1,2,11,-0.1,attitude_absolute,169,2509,6.5244956236407,2.94806208080771,6.23942654185896,2.90154956121478,2.71861258374836,5.14351101338313
QR_motioncap_brushless_Light_bot_NoWind_test1,bot,1,2,11,-0.1,attitude_run_centered,169,2509,6.47384289278746,2.94828022455662,6.18767622558174,2.90154956121478,2.71861258374836,5.14351101338313
QR_motioncap_brushless_Light_bot_NoWind_test1,bot,1,2,11,-0.05,original_static,169,2508,7.36408174172087,3.93820619812041,6.94108404493661,2.89609582067207,2.71397906345118,5.14437880637915
QR_motioncap_brushless_Light_bot_NoWind_test1,bot,1,2,11,-0.05,attitude_absolute,169,2508,6.48406586977354,2.8571030584066,6.23799239808399,2.89609582067207,2.71397906345118,5.14437880637915
QR_motioncap_brushless_Light_bot_NoWind_test1,bot,1,2,11,-0.05,attitude_run_centered,169,2508,6.43306474707529,2.85732167414293,6.1862757762704,2.89609582067207,2.71397906345118,5.14437880637915
QR_motioncap_brushless_Light_bot_NoWind_test1,bot,1,2,11,0,original_static,169,2508,7.36408174172087,3.93820619812041,6.9861430025895,2.88682901952844,2.70538687751214,5.14410002259775
QR_motioncap_brushless_Light_bot_NoWind_test1,bot,1,2,11,0,attitude_absolute,169,2508,6.45775934711173,2.79549314112461,6.25840130087199,2.88682901952844,2.70538687751214,5.14410002259775
QR_motioncap_brushless_Light_bot_NoWind_test1,bot,1,2,11,0,attitude_run_centered,169,2508,6.40651184764312,2.79570034861599,6.20691173143539,2.88682901952844,2.70538687751214,5.14410002259775
QR_motioncap_brushless_Light_bot_NoWind_test1,bot,1,2,11,0.05,original_static,169,2507,7.36408174172087,3.93820619812041,7.04716231671015,2.88578791634574,2.70265880430631,5.1448642016934
QR_motioncap_brushless_Light_bot_NoWind_test1,bot,1,2,11,0.05,attitude_absolute,169,2507,6.44371141623887,2.76567174239117,6.31256471379404,2.88578791634574,2.70265880430631,5.1448642016934
QR_motioncap_brushless_Light_bot_NoWind_test1,bot,1,2,11,0.05,attitude_run_centered,169,2507,6.39233784549534,2.765851069984,6.2615833167442,2.88578791634574,2.70265880430631,5.1448642016934
QR_motioncap_brushless_Light_bot_NoWind_test1,bot,1,2,11,0.1,original_static,169,2507,7.36408174172087,3.93820619812041,7.11928556618251,2.88701600938275,2.70259331485216,5.14548367453471
QR_motioncap_brushless_Light_bot_NoWind_test1,bot,1,2,11,0.1,attitude_absolute,169,2507,6.43682805167017,2.77031730544868,6.38850352877779,2.88701600938275,2.70259331485216,5.14548367453471
QR_motioncap_brushless_Light_bot_NoWind_test1,bot,1,2,11,0.1,attitude_run_centered,169,2507,6.38547471803594,2.77044396005795,6.33830037215342,2.88701600938275,2.70259331485216,5.14548367453471
QR_motioncap_brushless_Light_bot_NoWind_test1,bot,1,2,11,0.15,original_static,169,2509,7.36408174172087,3.93820619812041,7.19909226008663,2.88270925717488,2.69810977787778,5.145936325404
QR_motioncap_brushless_Light_bot_NoWind_test1,bot,1,2,11,0.15,attitude_absolute,169,2509,6.44791746155726,2.80287129514039,6.48585328553803,2.88270925717488,2.69810977787778,5.145936325404
QR_motioncap_brushless_Light_bot_NoWind_test1,bot,1,2,11,0.15,attitude_run_centered,169,2509,6.39667084914104,2.80295531895067,6.43648769805304,2.88270925717488,2.69810977787778,5.145936325404
QR_motioncap_brushless_Light_bot_NoWind_test1,bot,1,2,11,0.2,original_static,169,2508,7.36408174172087,3.93820619812041,7.28848444037961,2.88330854643946,2.69645866703473,5.149747293263
QR_motioncap_brushless_Light_bot_NoWind_test1,bot,1,2,11,0.2,attitude_absolute,169,2508,6.4674940091753,2.86134252029978,6.60486018578032,2.88330854643946,2.69645866703473,5.149747293263
QR_motioncap_brushless_Light_bot_NoWind_test1,bot,1,2,11,0.2,attitude_run_centered,169,2508,6.4164660404401,2.86138619022469,6.55647545057796,2.88330854643946,2.69645866703473,5.149747293263
QR_motioncap_brushless_Light_bot_NoWind_test1,bot,1,3,12,-0.2,original_static,169,2497,6.72800652535066,3.19482134208073,6.4729755857938,3.22368660725803,3.05283814021913,3.8750381362634
QR_motioncap_brushless_Light_bot_NoWind_test1,bot,1,3,12,-0.2,attitude_absolute,169,2497,7.09142940310692,3.16555070914312,6.87695444513691,3.22368660725803,3.05283814021913,3.8750381362634
QR_motioncap_brushless_Light_bot_NoWind_test1,bot,1,3,12,-0.2,attitude_run_centered,169,2497,7.04010013400456,3.16592401852272,6.82522365665591,3.22368660725803,3.05283814021913,3.8750381362634
QR_motioncap_brushless_Light_bot_NoWind_test1,bot,1,3,12,-0.15,original_static,169,2496,6.72800652535066,3.19482134208073,6.41662976651255,3.24982494803254,3.08102397331366,3.87756245879878
QR_motioncap_brushless_Light_bot_NoWind_test1,bot,1,3,12,-0.15,attitude_absolute,169,2496,7.09763406084827,3.17059818723561,6.82353322860359,3.24982494803254,3.08102397331366,3.87756245879878
QR_motioncap_brushless_Light_bot_NoWind_test1,bot,1,3,12,-0.15,attitude_run_centered,169,2496,7.04631226203931,3.17098661582831,6.77140395429489,3.24982494803254,3.08102397331366,3.87756245879878
QR_motioncap_brushless_Light_bot_NoWind_test1,bot,1,3,12,-0.1,original_static,169,2496,6.72800652535066,3.19482134208073,6.36109892180758,3.23161539814795,3.06427952821181,3.87948846110041
QR_motioncap_brushless_Light_bot_NoWind_test1,bot,1,3,12,-0.1,attitude_absolute,169,2496,7.1047660997462,3.17371800780919,6.77665016284305,3.23161539814795,3.06427952821181,3.87948846110041
QR_motioncap_brushless_Light_bot_NoWind_test1,bot,1,3,12,-0.1,attitude_run_centered,169,2496,7.05343730613813,3.17410942157851,6.72424923160906,3.23161539814795,3.06427952821181,3.87948846110041
QR_motioncap_brushless_Light_bot_NoWind_test1,bot,1,3,12,-0.05,original_static,169,2496,6.72800652535066,3.19482134208073,6.31522293876091,3.21042983383507,3.04302161562809,3.87965291058782
QR_motioncap_brushless_Light_bot_NoWind_test1,bot,1,3,12,-0.05,attitude_absolute,169,2496,7.11047186549485,3.18683823103042,6.73939179338223,3.21042983383507,3.04302161562809,3.87965291058782
QR_motioncap_brushless_Light_bot_NoWind_test1,bot,1,3,12,-0.05,attitude_run_centered,169,2496,7.05919286289842,3.18723027010136,6.68680154731054,3.21042983383507,3.04302161562809,3.87965291058782
QR_motioncap_brushless_Light_bot_NoWind_test1,bot,1,3,12,0,original_static,169,2497,6.72800652535066,3.19482134208073,6.31039261117621,3.22221906307972,3.05495488202156,3.87818387272234
QR_motioncap_brushless_Light_bot_NoWind_test1,bot,1,3,12,0,attitude_absolute,169,2497,7.10939103076879,3.19105779916575,6.73187429806524,3.22221906307972,3.05495488202156,3.87818387272234
QR_motioncap_brushless_Light_bot_NoWind_test1,bot,1,3,12,0,attitude_run_centered,169,2497,7.05812553608397,3.19142977378673,6.67928470200223,3.22221906307972,3.05495488202156,3.87818387272234
QR_motioncap_brushless_Light_bot_NoWind_test1,bot,1,3,12,0.05,original_static,169,2496,6.72800652535066,3.19482134208073,6.31078452688052,3.20428628293882,3.03639185387529,3.87666196486535
QR_motioncap_brushless_Light_bot_NoWind_test1,bot,1,3,12,0.05,attitude_absolute,169,2496,7.11355204246304,3.19337414168482,6.73681744238211,3.20428628293882,3.03639185387529,3.87666196486535
QR_motioncap_brushless_Light_bot_NoWind_test1,bot,1,3,12,0.05,attitude_run_centered,169,2496,7.06225366314653,3.19369797967869,6.68434203813099,3.20428628293882,3.03639185387529,3.87666196486535
QR_motioncap_brushless_Light_bot_NoWind_test1,bot,1,3,12,0.1,original_static,169,2496,6.72800652535066,3.19482134208073,6.32613592201085,3.1911588277769,3.02359386799095,3.87493917295123
QR_motioncap_brushless_Light_bot_NoWind_test1,bot,1,3,12,0.1,attitude_absolute,169,2496,7.11654645167882,3.20416302587973,6.75572305610322,3.1911588277769,3.02359386799095,3.87493917295123
QR_motioncap_brushless_Light_bot_NoWind_test1,bot,1,3,12,0.1,attitude_run_centered,169,2496,7.0652708293505,3.20445179005496,6.70350654952978,3.1911588277769,3.02359386799095,3.87493917295123
QR_motioncap_brushless_Light_bot_NoWind_test1,bot,1,3,12,0.15,original_static,169,2497,6.72800652535066,3.19482134208073,6.37690554277439,3.21330690387776,3.04571071507411,3.87182877576702
QR_motioncap_brushless_Light_bot_NoWind_test1,bot,1,3,12,0.15,attitude_absolute,169,2497,7.11523907003312,3.21866397406112,6.8009664223652,3.21330690387776,3.04571071507411,3.87182877576702
QR_motioncap_brushless_Light_bot_NoWind_test1,bot,1,3,12,0.15,attitude_run_centered,169,2497,7.06402417435456,3.21891732271759,6.7492289689727,3.21330690387776,3.04571071507411,3.87182877576702
QR_motioncap_brushless_Light_bot_NoWind_test1,bot,1,3,12,0.2,original_static,169,2497,6.72800652535066,3.19482134208073,6.43021931008694,3.20707177639373,3.03972266548149,3.86947692557606
QR_motioncap_brushless_Light_bot_NoWind_test1,bot,1,3,12,0.2,attitude_absolute,169,2497,7.12423240920048,3.24184154348167,6.86512541861948,3.20707177639373,3.03972266548149,3.86947692557606
QR_motioncap_brushless_Light_bot_NoWind_test1,bot,1,3,12,0.2,attitude_run_centered,169,2497,7.07307355641171,3.24202592570437,6.8140116850561,3.20707177639373,3.03972266548149,3.86947692557606
QR_motioncap_brushless_Light_bot_NoWind_test1,bot,1,4,13,-0.2,original_static,148,2437,7.00946262148943,3.75774823112857,6.45583720724537,3.07783594184906,2.90752586090445,4.49508880848227
QR_motioncap_brushless_Light_bot_NoWind_test1,bot,1,4,13,-0.2,attitude_absolute,148,2437,6.71709900665333,3.04160383813477,6.41396150231032,3.07783594184906,2.90752586090445,4.49508880848227
QR_motioncap_brushless_Light_bot_NoWind_test1,bot,1,4,13,-0.2,attitude_run_centered,148,2437,6.66645697616315,3.04177995918738,6.36660354076614,3.07783594184906,2.90752586090445,4.49508880848227
QR_motioncap_brushless_Light_bot_NoWind_test1,bot,1,4,13,-0.15,original_static,148,2437,7.00946262148943,3.75774823112857,6.37010428459858,3.08453305382638,2.91517522725107,4.47938839149639
QR_motioncap_brushless_Light_bot_NoWind_test1,bot,1,4,13,-0.15,attitude_absolute,148,2437,6.73734031847379,3.07136743624144,6.35768287141094,3.08453305382638,2.91517522725107,4.47938839149639
QR_motioncap_brushless_Light_bot_NoWind_test1,bot,1,4,13,-0.15,attitude_run_centered,148,2437,6.68677540298069,3.07151241511779,6.30991885851548,3.08453305382638,2.91517522725107,4.47938839149639
QR_motioncap_brushless_Light_bot_NoWind_test1,bot,1,4,13,-0.1,original_static,148,2438,7.00946262148943,3.75774823112857,6.29719849932167,3.08095696665294,2.91223739250955,4.46227893336393
QR_motioncap_brushless_Light_bot_NoWind_test1,bot,1,4,13,-0.1,attitude_absolute,148,2438,6.76594383679734,3.11637403177456,6.31786992639774,3.08095696665294,2.91223739250955,4.46227893336393
QR_motioncap_brushless_Light_bot_NoWind_test1,bot,1,4,13,-0.1,attitude_run_centered,148,2438,6.7154928990589,3.11649702962087,6.26980414298303,3.08095696665294,2.91223739250955,4.46227893336393
QR_motioncap_brushless_Light_bot_NoWind_test1,bot,1,4,13,-0.05,original_static,148,2438,7.00946262148943,3.75774823112857,6.25500206218951,3.08370812808294,2.91571121566767,4.44553270691089
QR_motioncap_brushless_Light_bot_NoWind_test1,bot,1,4,13,-0.05,attitude_absolute,148,2438,6.79505424562978,3.16340750357786,6.31049761772867,3.08370812808294,2.91571121566767,4.44553270691089
QR_motioncap_brushless_Light_bot_NoWind_test1,bot,1,4,13,-0.05,attitude_run_centered,148,2438,6.74472628484089,3.16349709470865,6.2623598083852,3.08370812808294,2.91571121566767,4.44553270691089
QR_motioncap_brushless_Light_bot_NoWind_test1,bot,1,4,13,0,original_static,148,2438,7.00946262148943,3.75774823112857,6.22070758054775,3.07520172122572,2.90832262340592,4.42812528736317
QR_motioncap_brushless_Light_bot_NoWind_test1,bot,1,4,13,0,attitude_absolute,148,2438,6.83282318172784,3.21190927722056,6.31942169987273,3.07520172122572,2.90832262340592,4.42812528736317
QR_motioncap_brushless_Light_bot_NoWind_test1,bot,1,4,13,0,attitude_run_centered,148,2438,6.78257788945216,3.21195402990332,6.2712460833879,3.07520172122572,2.90832262340592,4.42812528736317
QR_motioncap_brushless_Light_bot_NoWind_test1,bot,1,4,13,0.05,original_static,148,2437,7.00946262148943,3.75774823112857,6.22333529690649,3.07308661186529,2.90759921537445,4.41056159877831
QR_motioncap_brushless_Light_bot_NoWind_test1,bot,1,4,13,0.05,attitude_absolute,148,2437,6.87643113311158,3.27195882410677,6.36016672628997,3.07308661186529,2.90759921537445,4.41056159877831
QR_motioncap_brushless_Light_bot_NoWind_test1,bot,1,4,13,0.05,attitude_run_centered,148,2437,6.82632468991915,3.27198629140995,6.31215365877978,3.07308661186529,2.90759921537445,4.41056159877831
QR_motioncap_brushless_Light_bot_NoWind_test1,bot,1,4,13,0.1,original_static,148,2436,7.00946262148943,3.75774823112857,6.24777741601626,3.06960261534544,2.90567437936727,4.3884913100261
QR_motioncap_brushless_Light_bot_NoWind_test1,bot,1,4,13,0.1,attitude_absolute,148,2436,6.92194953218501,3.34292011378582,6.42388695146387,3.06960261534544,2.90567437936727,4.3884913100261
QR_motioncap_brushless_Light_bot_NoWind_test1,bot,1,4,13,0.1,attitude_run_centered,148,2436,6.87205613557172,3.34291706383104,6.37625161181373,3.06960261534544,2.90567437936727,4.3884913100261
QR_motioncap_brushless_Light_bot_NoWind_test1,bot,1,4,13,0.15,original_static,148,2437,7.00946262148943,3.75774823112857,6.28826986401698,3.07071005073255,2.91006665950556,4.36881702362473
QR_motioncap_brushless_Light_bot_NoWind_test1,bot,1,4,13,0.15,attitude_absolute,148,2437,6.97689960823389,3.4260899093785,6.51708743730297,3.07071005073255,2.91006665950556,4.36881702362473
QR_motioncap_brushless_Light_bot_NoWind_test1,bot,1,4,13,0.15,attitude_run_centered,148,2437,6.92728542445294,3.4260544741631,6.47004233586698,3.07071005073255,2.91006665950556,4.36881702362473
QR_motioncap_brushless_Light_bot_NoWind_test1,bot,1,4,13,0.2,original_static,148,2438,7.00946262148943,3.75774823112857,6.35840621139435,3.07594690660461,2.91907884302197,4.35296841224736
QR_motioncap_brushless_Light_bot_NoWind_test1,bot,1,4,13,0.2,attitude_absolute,148,2438,7.03953153574692,3.52390771218481,6.63801830902771,3.07594690660461,2.91907884302197,4.35296841224736
QR_motioncap_brushless_Light_bot_NoWind_test1,bot,1,4,13,0.2,attitude_run_centered,148,2438,6.99023124290571,3.52385333992576,6.59165820485465,3.07594690660461,2.91907884302197,4.35296841224736
QR_motioncap_brushless_Light_bot_NoWind_test1,bot,1,5,14,-0.2,original_static,176,2601,5.92539837566851,2.80885589782843,5.66639111743032,1.96756859891194,1.72135111178811,3.84789786785778
QR_motioncap_brushless_Light_bot_NoWind_test1,bot,1,5,14,-0.2,attitude_absolute,176,2601,5.65838983621155,2.02819395685402,5.54573630832212,1.96756859891194,1.72135111178811,3.84789786785778
QR_motioncap_brushless_Light_bot_NoWind_test1,bot,1,5,14,-0.2,attitude_run_centered,176,2601,5.60169768463173,2.02774452432984,5.49182811353098,1.96756859891194,1.72135111178811,3.84789786785778
QR_motioncap_brushless_Light_bot_NoWind_test1,bot,1,5,14,-0.15,original_static,176,2601,5.92539837566851,2.80885589782843,5.62060090375965,1.96651412171244,1.72037865786508,3.84683088316138
QR_motioncap_brushless_Light_bot_NoWind_test1,bot,1,5,14,-0.15,attitude_absolute,176,2601,5.65346431252763,2.02715317928661,5.49341182682851,1.96651412171244,1.72037865786508,3.84683088316138
QR_motioncap_brushless_Light_bot_NoWind_test1,bot,1,5,14,-0.15,attitude_run_centered,176,2601,5.59678671791994,2.02669781875989,5.4390718429008,1.96651412171244,1.72037865786508,3.84683088316138
QR_motioncap_brushless_Light_bot_NoWind_test1,bot,1,5,14,-0.1,original_static,176,2602,5.92539837566851,2.80885589782843,5.5811961777353,1.96520374490944,1.71834743475982,3.84457866711517
QR_motioncap_brushless_Light_bot_NoWind_test1,bot,1,5,14,-0.1,attitude_absolute,176,2602,5.65537914505139,2.0519302854155,5.45156725122171,1.96520374490944,1.71834743475982,3.84457866711517
QR_motioncap_brushless_Light_bot_NoWind_test1,bot,1,5,14,-0.1,attitude_run_centered,176,2602,5.59880224601878,2.05146798235836,5.39691721566645,1.96520374490944,1.71834743475982,3.84457866711517
QR_motioncap_brushless_Light_bot_NoWind_test1,bot,1,5,14,-0.05,original_static,176,2602,5.92539837566851,2.80885589782843,5.54822824243828,1.96079816344079,1.71325748614063,3.84276116406969
QR_motioncap_brushless_Light_bot_NoWind_test1,bot,1,5,14,-0.05,attitude_absolute,176,2602,5.6654296093477,2.10189560251464,5.42881003370356,1.96079816344079,1.71325748614063,3.84276116406969
QR_motioncap_brushless_Light_bot_NoWind_test1,bot,1,5,14,-0.05,attitude_run_centered,176,2602,5.6090657715641,2.10142235409708,5.3740953248012,1.96079816344079,1.71325748614063,3.84276116406969
QR_motioncap_brushless_Light_bot_NoWind_test1,bot,1,5,14,0,original_static,176,2602,5.92539837566851,2.80885589782843,5.52680720930396,1.95497673766424,1.70675574803996,3.84160408032116
QR_motioncap_brushless_Light_bot_NoWind_test1,bot,1,5,14,0,attitude_absolute,176,2602,5.68490629514954,2.17132798315482,5.42904136735219,1.95497673766424,1.70675574803996,3.84160408032116
QR_motioncap_brushless_Light_bot_NoWind_test1,bot,1,5,14,0,attitude_run_centered,176,2602,5.62884297101691,2.17087614767944,5.37446314916067,1.95497673766424,1.70675574803996,3.84160408032116
QR_motioncap_brushless_Light_bot_NoWind_test1,bot,1,5,14,0.05,original_static,176,2601,5.92539837566851,2.80885589782843,5.51606703029973,1.9495186241928,1.70008919389618,3.84191784511707
QR_motioncap_brushless_Light_bot_NoWind_test1,bot,1,5,14,0.05,attitude_absolute,176,2601,5.71369884511888,2.26558749788001,5.44694805936653,1.9495186241928,1.70008919389618,3.84191784511707
QR_motioncap_brushless_Light_bot_NoWind_test1,bot,1,5,14,0.05,attitude_run_centered,176,2601,5.65803255064449,2.26514122763798,5.39270926835245,1.9495186241928,1.70008919389618,3.84191784511707
QR_motioncap_brushless_Light_bot_NoWind_test1,bot,1,5,14,0.1,original_static,176,2601,5.92539837566851,2.80885589782843,5.51705429563559,1.94440214674392,1.6942690919282,3.84210834388215
QR_motioncap_brushless_Light_bot_NoWind_test1,bot,1,5,14,0.1,attitude_absolute,176,2601,5.74659009707638,2.3707704692969,5.48681814094989,1.94440214674392,1.6942690919282,3.84210834388215
QR_motioncap_brushless_Light_bot_NoWind_test1,bot,1,5,14,0.1,attitude_run_centered,176,2601,5.69139806815599,2.37033679791796,5.43316900792036,1.94440214674392,1.6942690919282,3.84210834388215
QR_motioncap_brushless_Light_bot_NoWind_test1,bot,1,5,14,0.15,original_static,176,2602,5.92539837566851,2.80885589782843,5.53095946290067,1.94057488024829,1.69008924524422,3.84214935495639
QR_motioncap_brushless_Light_bot_NoWind_test1,bot,1,5,14,0.15,attitude_absolute,176,2602,5.78871392953979,2.48894850285003,5.54940073022312,1.94057488024829,1.69008924524422,3.84214935495639
QR_motioncap_brushless_Light_bot_NoWind_test1,bot,1,5,14,0.15,attitude_run_centered,176,2602,5.73406767990264,2.48855380174402,5.49652783038696,1.94057488024829,1.69008924524422,3.84214935495639
QR_motioncap_brushless_Light_bot_NoWind_test1,bot,1,5,14,0.2,original_static,176,2602,5.92539837566851,2.80885589782843,5.55569831862379,1.93968096783988,1.68849878973826,3.84322238652562
QR_motioncap_brushless_Light_bot_NoWind_test1,bot,1,5,14,0.2,attitude_absolute,176,2602,5.83789188398269,2.62347094771467,5.6269655392743,1.93968096783988,1.68849878973826,3.84322238652562
QR_motioncap_brushless_Light_bot_NoWind_test1,bot,1,5,14,0.2,attitude_run_centered,176,2602,5.78387246340294,2.62309943857588,5.57503020513858,1.93968096783988,1.68849878973826,3.84322238652562
QR_motioncap_brushless_Light_bot_NoWind_test2,bot,2,1,10,-0.2,original_static,179,2593,3.04760693321874,2.78469207342967,2.89112519029956,2.44988615101477,2.27648428020358,4.57766976726482
QR_motioncap_brushless_Light_bot_NoWind_test2,bot,2,1,10,-0.2,attitude_absolute,179,2593,2.70010828868777,2.46102901961054,2.0510907213757,2.44988615101477,2.27648428020358,4.57766976726482
QR_motioncap_brushless_Light_bot_NoWind_test2,bot,2,1,10,-0.2,attitude_run_centered,179,2593,2.73752516746018,2.46130373377652,2.06479189915201,2.44988615101477,2.27648428020358,4.57766976726482
QR_motioncap_brushless_Light_bot_NoWind_test2,bot,2,1,10,-0.15,original_static,179,2593,3.04760693321874,2.78469207342967,2.80676505540945,2.44646718097893,2.27194840184169,4.57670428795148
QR_motioncap_brushless_Light_bot_NoWind_test2,bot,2,1,10,-0.15,attitude_absolute,179,2593,2.69883386403541,2.46008460154345,1.93118895455532,2.44646718097893,2.27194840184169,4.57670428795148
QR_motioncap_brushless_Light_bot_NoWind_test2,bot,2,1,10,-0.15,attitude_run_centered,179,2593,2.73666909359018,2.46022810130639,1.94569950512984,2.44646718097893,2.27194840184169,4.57670428795148
QR_motioncap_brushless_Light_bot_NoWind_test2,bot,2,1,10,-0.1,original_static,179,2592,3.04760693321874,2.78469207342967,2.73643121873651,2.44222124112685,2.26760246430474,4.57524443574918
QR_motioncap_brushless_Light_bot_NoWind_test2,bot,2,1,10,-0.1,attitude_absolute,179,2592,2.73510830226531,2.49650476240001,1.87591855580377,2.44222124112685,2.26760246430474,4.57524443574918
QR_motioncap_brushless_Light_bot_NoWind_test2,bot,2,1,10,-0.1,attitude_run_centered,179,2592,2.77308505495269,2.49652437853293,1.89126176743402,2.44222124112685,2.26760246430474,4.57524443574918
QR_motioncap_brushless_Light_bot_NoWind_test2,bot,2,1,10,-0.05,original_static,179,2593,3.04760693321874,2.78469207342967,2.68889970642019,2.44132499808191,2.2657107052604,4.57336917288198
QR_motioncap_brushless_Light_bot_NoWind_test2,bot,2,1,10,-0.05,attitude_absolute,179,2593,2.78936757608297,2.5543310260898,1.87556566468407,2.44132499808191,2.2657107052604,4.57336917288198
QR_motioncap_brushless_Light_bot_NoWind_test2,bot,2,1,10,-0.05,attitude_run_centered,179,2593,2.82697964309688,2.55431568033947,1.89083587845706,2.44132499808191,2.2657107052604,4.57336917288198
QR_motioncap_brushless_Light_bot_NoWind_test2,bot,2,1,10,0,original_static,179,2593,3.04760693321874,2.78469207342967,2.66074172272837,2.43720391410812,2.26053318394574,4.57121689146917
QR_motioncap_brushless_Light_bot_NoWind_test2,bot,2,1,10,0,attitude_absolute,179,2593,2.84665575379303,2.61959359950572,1.92249033298383,2.43720391410812,2.26053318394574,4.57121689146917
QR_motioncap_brushless_Light_bot_NoWind_test2,bot,2,1,10,0,attitude_run_centered,179,2593,2.88382125844322,2.61955043894294,1.93730862250948,2.43720391410812,2.26053318394574,4.57121689146917
QR_motioncap_brushless_Light_bot_NoWind_test2,bot,2,1,10,0.05,original_static,179,2593,3.04760693321874,2.78469207342967,2.65423344660111,2.43263062337482,2.25545346686168,4.56935784067486
QR_motioncap_brushless_Light_bot_NoWind_test2,bot,2,1,10,0.05,attitude_absolute,179,2593,2.93697511125459,2.71358627794197,2.03649603041408,2.43263062337482,2.25545346686168,4.56935784067486
QR_motioncap_brushless_Light_bot_NoWind_test2,bot,2,1,10,0.05,attitude_run_centered,179,2593,2.97377565109422,2.71354937071085,2.05116034566227,2.43263062337482,2.25545346686168,4.56935784067486
QR_motioncap_brushless_Light_bot_NoWind_test2,bot,2,1,10,0.1,original_static,179,2593,3.04760693321874,2.78469207342967,2.67371669906129,2.43182538791076,2.25368355188321,4.5684806320475
QR_motioncap_brushless_Light_bot_NoWind_test2,bot,2,1,10,0.1,attitude_absolute,179,2593,3.03245327879214,2.81627587631193,2.18941179582048,2.43182538791076,2.25368355188321,4.5684806320475
QR_motioncap_brushless_Light_bot_NoWind_test2,bot,2,1,10,0.1,attitude_run_centered,179,2593,3.06850220038243,2.816296326924,2.20314147967424,2.43182538791076,2.25368355188321,4.5684806320475
QR_motioncap_brushless_Light_bot_NoWind_test2,bot,2,1,10,0.15,original_static,179,2592,3.04760693321874,2.78469207342967,2.70880832244233,2.42819230719178,2.24829730801384,4.56901804285556
QR_motioncap_brushless_Light_bot_NoWind_test2,bot,2,1,10,0.15,attitude_absolute,179,2592,3.13466321240337,2.92949815926804,2.37347356614907,2.42819230719178,2.24829730801384,4.56901804285556
QR_motioncap_brushless_Light_bot_NoWind_test2,bot,2,1,10,0.15,attitude_run_centered,179,2592,3.16975414404704,2.92956014834129,2.38599448781136,2.42819230719178,2.24829730801384,4.56901804285556
QR_motioncap_brushless_Light_bot_NoWind_test2,bot,2,1,10,0.2,original_static,179,2593,3.04760693321874,2.78469207342967,2.76153051744714,2.42377608463039,2.24325838555943,4.56820958755132
QR_motioncap_brushless_Light_bot_NoWind_test2,bot,2,1,10,0.2,attitude_absolute,179,2593,3.26273630057774,3.06420899291625,2.59243249240481,2.42377608463039,2.24325838555943,4.56820958755132
QR_motioncap_brushless_Light_bot_NoWind_test2,bot,2,1,10,0.2,attitude_run_centered,179,2593,3.29696196878942,3.06432449219798,2.60421137619485,2.42377608463039,2.24325838555943,4.56820958755132
QR_motioncap_brushless_Light_bot_NoWind_test2,bot,2,2,11,-0.2,original_static,154,2515,3.97871566666371,3.63012214480994,3.40920293776601,2.96815535450289,2.74684063580684,5.34228441914963
QR_motioncap_brushless_Light_bot_NoWind_test2,bot,2,2,11,-0.2,attitude_absolute,154,2515,3.43207096691638,3.01435309461218,2.64626161602756,2.96815535450289,2.74684063580684,5.34228441914963
QR_motioncap_brushless_Light_bot_NoWind_test2,bot,2,2,11,-0.2,attitude_run_centered,154,2515,3.4417383867622,3.01314536107303,2.61219971096201,2.96815535450289,2.74684063580684,5.34228441914963
QR_motioncap_brushless_Light_bot_NoWind_test2,bot,2,2,11,-0.15,original_static,154,2514,3.97871566666371,3.63012214480994,3.34120230391114,2.95675449282684,2.73536099149352,5.34514013646671
QR_motioncap_brushless_Light_bot_NoWind_test2,bot,2,2,11,-0.15,attitude_absolute,154,2514,3.41420190643477,2.9980324568168,2.54065965372724,2.95675449282684,2.73536099149352,5.34514013646671
QR_motioncap_brushless_Light_bot_NoWind_test2,bot,2,2,11,-0.15,attitude_run_centered,154,2514,3.42435262705407,2.9967221288454,2.50609977479111,2.95675449282684,2.73536099149352,5.34514013646671
QR_motioncap_brushless_Light_bot_NoWind_test2,bot,2,2,11,-0.1,original_static,154,2514,3.97871566666371,3.63012214480994,3.30065760416463,2.95025590423603,2.72882868499625,5.34812024311643
QR_motioncap_brushless_Light_bot_NoWind_test2,bot,2,2,11,-0.1,attitude_absolute,154,2514,3.41148381109161,3.00021399210083,2.48508372826159,2.95025590423603,2.72882868499625,5.34812024311643
QR_motioncap_brushless_Light_bot_NoWind_test2,bot,2,2,11,-0.1,attitude_run_centered,154,2514,3.42206017150996,2.99882660698764,2.45047064260515,2.95025590423603,2.72882868499625,5.34812024311643
QR_motioncap_brushless_Light_bot_NoWind_test2,bot,2,2,11,-0.05,original_static,154,2514,3.97871566666371,3.63012214480994,3.27788849143641,2.93518839855324,2.71381297297971,5.35049342998247
QR_motioncap_brushless_Light_bot_NoWind_test2,bot,2,2,11,-0.05,attitude_absolute,154,2514,3.41325283233156,3.0108253187144,2.45860535539074,2.93518839855324,2.71381297297971,5.35049342998247
QR_motioncap_brushless_Light_bot_NoWind_test2,bot,2,2,11,-0.05,attitude_run_centered,154,2514,3.42440318430501,3.00948039301038,2.42466389869124,2.93518839855324,2.71381297297971,5.35049342998247
QR_motioncap_brushless_Light_bot_NoWind_test2,bot,2,2,11,0,original_static,154,2515,3.97871566666371,3.63012214480994,3.28326904822622,2.92548354360134,2.70220480062416,5.35154236155977
QR_motioncap_brushless_Light_bot_NoWind_test2,bot,2,2,11,0,attitude_absolute,154,2515,3.42682511224448,3.03575035612087,2.48382706084559,2.92548354360134,2.70220480062416,5.35154236155977
QR_motioncap_brushless_Light_bot_NoWind_test2,bot,2,2,11,0,attitude_run_centered,154,2515,3.43836101296366,3.03442201405547,2.45055081523497,2.92548354360134,2.70220480062416,5.35154236155977
QR_motioncap_brushless_Light_bot_NoWind_test2,bot,2,2,11,0.05,original_static,154,2515,3.97871566666371,3.63012214480994,3.3187067971779,2.92389108583809,2.69889158435872,5.35301173130079
QR_motioncap_brushless_Light_bot_NoWind_test2,bot,2,2,11,0.05,attitude_absolute,154,2515,3.45936709389872,3.07415308943923,2.56121195499778,2.92389108583809,2.69889158435872,5.35301173130079
QR_motioncap_brushless_Light_bot_NoWind_test2,bot,2,2,11,0.05,attitude_run_centered,154,2515,3.47161012527404,3.07286376757244,2.52960311692589,2.92389108583809,2.69889158435872,5.35301173130079
QR_motioncap_brushless_Light_bot_NoWind_test2,bot,2,2,11,0.1,original_static,154,2514,3.97871566666371,3.63012214480994,3.373443009029,2.9141919802591,2.68732774601051,5.3547157346208
QR_motioncap_brushless_Light_bot_NoWind_test2,bot,2,2,11,0.1,attitude_absolute,154,2514,3.49770287254704,3.12681389096075,2.67798621031024,2.9141919802591,2.68732774601051,5.3547157346208
QR_motioncap_brushless_Light_bot_NoWind_test2,bot,2,2,11,0.1,attitude_run_centered,154,2514,3.5101634188327,3.12565099135853,2.64793770834003,2.9141919802591,2.68732774601051,5.3547157346208
QR_motioncap_brushless_Light_bot_NoWind_test2,bot,2,2,11,0.15,original_static,154,2514,3.97871566666371,3.63012214480994,3.45464216967546,2.91760787362491,2.68724890798061,5.35510689723626
QR_motioncap_brushless_Light_bot_NoWind_test2,bot,2,2,11,0.15,attitude_absolute,154,2514,3.55398875888457,3.19673133314073,2.84375017193668,2.91760787362491,2.68724890798061,5.35510689723626
QR_motioncap_brushless_Light_bot_NoWind_test2,bot,2,2,11,0.15,attitude_run_centered,154,2514,3.56653877816138,3.19568000428492,2.81499571405151,2.91760787362491,2.68724890798061,5.35510689723626
QR_motioncap_brushless_Light_bot_NoWind_test2,bot,2,2,11,0.2,original_static,154,2514,3.97871566666371,3.63012214480994,3.55065441961569,2.92354483443499,2.68971912038133,5.35487393501354
QR_motioncap_brushless_Light_bot_NoWind_test2,bot,2,2,11,0.2,attitude_absolute,154,2514,3.63536534080218,3.28555186331886,3.0494702185354,2.92354483443499,2.68971912038133,5.35487393501354
QR_motioncap_brushless_Light_bot_NoWind_test2,bot,2,2,11,0.2,attitude_run_centered,154,2514,3.64819744206497,3.28464818081377,3.02248184123106,2.92354483443499,2.68971912038133,5.35487393501354
QR_motioncap_brushless_Light_bot_NoWind_test2,bot,2,3,12,-0.2,original_static,170,2482,3.53586417269576,2.89104546137588,3.45613623587488,2.70738058875504,2.45732155526012,3.69175069209116
QR_motioncap_brushless_Light_bot_NoWind_test2,bot,2,3,12,-0.2,attitude_absolute,170,2482,3.44213523785073,2.81226785126245,3.49539823166226,2.70738058875504,2.45732155526012,3.69175069209116
QR_motioncap_brushless_Light_bot_NoWind_test2,bot,2,3,12,-0.2,attitude_run_centered,170,2482,3.46804038523667,2.81093971110478,3.48430507682105,2.70738058875504,2.45732155526012,3.69175069209116
QR_motioncap_brushless_Light_bot_NoWind_test2,bot,2,3,12,-0.15,original_static,170,2482,3.53586417269576,2.89104546137588,3.38245097770039,2.67905329854222,2.42632230630222,3.69117264064231
QR_motioncap_brushless_Light_bot_NoWind_test2,bot,2,3,12,-0.15,attitude_absolute,170,2482,3.42956137661956,2.79453712387823,3.40593907728804,2.67905329854222,2.42632230630222,3.69117264064231
QR_motioncap_brushless_Light_bot_NoWind_test2,bot,2,3,12,-0.15,attitude_run_centered,170,2482,3.45543731851391,2.79314005327547,3.39448411206917,2.67905329854222,2.42632230630222,3.69117264064231
QR_motioncap_brushless_Light_bot_NoWind_test2,bot,2,3,12,-0.1,original_static,170,2481,3.53586417269576,2.89104546137588,3.33249137157915,2.67979154826451,2.43097515850542,3.69139400436563
QR_motioncap_brushless_Light_bot_NoWind_test2,bot,2,3,12,-0.1,attitude_absolute,170,2481,3.41732372302266,2.78054422390875,3.33845453089984,2.67979154826451,2.43097515850542,3.69139400436563
QR_motioncap_brushless_Light_bot_NoWind_test2,bot,2,3,12,-0.1,attitude_run_centered,170,2481,3.44306009686958,2.77914003214851,3.3272152853205,2.67979154826451,2.43097515850542,3.69139400436563
QR_motioncap_brushless_Light_bot_NoWind_test2,bot,2,3,12,-0.05,original_static,170,2481,3.53586417269576,2.89104546137588,3.35060196130219,2.71541826718767,2.46835658656838,3.69142607110673
QR_motioncap_brushless_Light_bot_NoWind_test2,bot,2,3,12,-0.05,attitude_absolute,170,2481,3.38264146561808,2.74086030188668,3.32065914958288,2.71541826718767,2.46835658656838,3.69142607110673
QR_motioncap_brushless_Light_bot_NoWind_test2,bot,2,3,12,-0.05,attitude_run_centered,170,2481,3.40838848666978,2.73949727333173,3.30920987485592,2.71541826718767,2.46835658656838,3.69142607110673
QR_motioncap_brushless_Light_bot_NoWind_test2,bot,2,3,12,0,original_static,170,2483,3.53586417269576,2.89104546137588,3.31148880047742,2.67015410493117,2.42512856178937,3.69074179010956
QR_motioncap_brushless_Light_bot_NoWind_test2,bot,2,3,12,0,attitude_absolute,170,2483,3.35805260211485,2.70807480230309,3.25218195010118,2.67015410493117,2.42512856178937,3.69074179010956
QR_motioncap_brushless_Light_bot_NoWind_test2,bot,2,3,12,0,attitude_run_centered,170,2483,3.38389830416454,2.70674217027863,3.24088362585339,2.67015410493117,2.42512856178937,3.69074179010956
QR_motioncap_brushless_Light_bot_NoWind_test2,bot,2,3,12,0.05,original_static,170,2482,3.53586417269576,2.89104546137588,3.3360452602702,2.66970696804256,2.43157062719983,3.6913109469729
QR_motioncap_brushless_Light_bot_NoWind_test2,bot,2,3,12,0.05,attitude_absolute,170,2482,3.32276870681245,2.66842148610448,3.24090849860843,2.66970696804256,2.43157062719983,3.6913109469729
QR_motioncap_brushless_Light_bot_NoWind_test2,bot,2,3,12,0.05,attitude_run_centered,170,2482,3.34868390036432,2.66720056816221,3.22999139263408,2.66970696804256,2.43157062719983,3.6913109469729
QR_motioncap_brushless_Light_bot_NoWind_test2,bot,2,3,12,0.1,original_static,170,2482,3.53586417269576,2.89104546137588,3.40178668089216,2.6827509065852,2.44423009745844,3.69147429904639
QR_motioncap_brushless_Light_bot_NoWind_test2,bot,2,3,12,0.1,attitude_absolute,170,2482,3.28492932228158,2.62003873329919,3.26986562716006,2.6827509065852,2.44423009745844,3.69147429904639
QR_motioncap_brushless_Light_bot_NoWind_test2,bot,2,3,12,0.1,attitude_run_centered,170,2482,3.31102295684954,2.61895561383661,3.25872626957459,2.6827509065852,2.44423009745844,3.69147429904639
QR_motioncap_brushless_Light_bot_NoWind_test2,bot,2,3,12,0.15,original_static,170,2481,3.53586417269576,2.89104546137588,3.43217816509922,2.62791372567028,2.38887498770914,3.69192252510016
QR_motioncap_brushless_Light_bot_NoWind_test2,bot,2,3,12,0.15,attitude_absolute,170,2481,3.25829422774242,2.58353573126666,3.27060484545519,2.62791372567028,2.38887498770914,3.69192252510016
QR_motioncap_brushless_Light_bot_NoWind_test2,bot,2,3,12,0.15,attitude_run_centered,170,2481,3.28454197376609,2.58257999026548,3.25968835806186,2.62791372567028,2.38887498770914,3.69192252510016
QR_motioncap_brushless_Light_bot_NoWind_test2,bot,2,3,12,0.2,original_static,170,2481,3.53586417269576,2.89104546137588,3.51325705272926,2.62017892954924,2.38400328447681,3.69172587473731
QR_motioncap_brushless_Light_bot_NoWind_test2,bot,2,3,12,0.2,attitude_absolute,170,2481,3.23573204287386,2.55360945174049,3.32680276483388,2.62017892954924,2.38400328447681,3.69172587473731
QR_motioncap_brushless_Light_bot_NoWind_test2,bot,2,3,12,0.2,attitude_run_centered,170,2481,3.26220951401374,2.55282943889225,3.31656455476499,2.62017892954924,2.38400328447681,3.69172587473731
QR_motioncap_brushless_Light_bot_NoWind_test2,bot,2,4,13,-0.2,original_static,95,2411,3.54648097782428,3.40999186442736,3.00628079088186,3.18353782280028,2.96232439982096,3.44952220740755
QR_motioncap_brushless_Light_bot_NoWind_test2,bot,2,4,13,-0.2,attitude_absolute,95,2411,3.30812085933378,3.17574096002931,3.06306201329514,3.18353782280028,2.96232439982096,3.44952220740755
QR_motioncap_brushless_Light_bot_NoWind_test2,bot,2,4,13,-0.2,attitude_run_centered,95,2411,3.31797070052771,3.1752586298131,3.03344522173688,3.18353782280028,2.96232439982096,3.44952220740755
QR_motioncap_brushless_Light_bot_NoWind_test2,bot,2,4,13,-0.15,original_static,95,2411,3.54648097782428,3.40999186442736,2.87502869082484,3.19398225801574,2.97641956394625,3.44634341048457
QR_motioncap_brushless_Light_bot_NoWind_test2,bot,2,4,13,-0.15,attitude_absolute,95,2411,3.35199858159984,3.22321606407129,2.9601912212101,3.19398225801574,2.97641956394625,3.44634341048457
QR_motioncap_brushless_Light_bot_NoWind_test2,bot,2,4,13,-0.15,attitude_run_centered,95,2411,3.36236196468951,3.22272999442851,2.9297783397886,3.19398225801574,2.97641956394625,3.44634341048457
QR_motioncap_brushless_Light_bot_NoWind_test2,bot,2,4,13,-0.1,original_static,95,2411,3.54648097782428,3.40999186442736,2.72815454271543,3.17746492735621,2.96406539106026,3.44423253502917
QR_motioncap_brushless_Light_bot_NoWind_test2,bot,2,4,13,-0.1,attitude_absolute,95,2411,3.38127888644165,3.25362724115882,2.82343114098735,3.17746492735621,2.96406539106026,3.44423253502917
QR_motioncap_brushless_Light_bot_NoWind_test2,bot,2,4,13,-0.1,attitude_run_centered,95,2411,3.39230796576825,3.25318998452163,2.79243943621638,3.17746492735621,2.96406539106026,3.44423253502917
QR_motioncap_brushless_Light_bot_NoWind_test2,bot,2,4,13,-0.05,original_static,95,2410,3.54648097782428,3.40999186442736,2.59733525332467,3.15335782695426,2.94996449596965,3.44287873751436
QR_motioncap_brushless_Light_bot_NoWind_test2,bot,2,4,13,-0.05,attitude_absolute,95,2410,3.40820687418384,3.27827270685464,2.67959069712935,3.15335782695426,2.94996449596965,3.44287873751436
QR_motioncap_brushless_Light_bot_NoWind_test2,bot,2,4,13,-0.05,attitude_run_centered,95,2410,3.4197826737929,3.27788862487655,2.64830747598658,3.15335782695426,2.94996449596965,3.44287873751436
QR_motioncap_brushless_Light_bot_NoWind_test2,bot,2,4,13,0,original_static,95,2410,3.54648097782428,3.40999186442736,2.53801256168452,3.12226815201774,2.92699971201333,3.44277027806865
QR_motioncap_brushless_Light_bot_NoWind_test2,bot,2,4,13,0,attitude_absolute,95,2410,3.42344595817504,3.29263583406435,2.60701319319011,3.12226815201774,2.92699971201333,3.44277027806865
QR_motioncap_brushless_Light_bot_NoWind_test2,bot,2,4,13,0,attitude_run_centered,95,2410,3.43541888241034,3.29236629390886,2.57507354761947,3.12226815201774,2.92699971201333,3.44277027806865
QR_motioncap_brushless_Light_bot_NoWind_test2,bot,2,4,13,0.05,original_static,95,2411,3.54648097782428,3.40999186442736,2.50083187897092,3.08742720074072,2.89686513952506,3.44451025011709
QR_motioncap_brushless_Light_bot_NoWind_test2,bot,2,4,13,0.05,attitude_absolute,95,2411,3.42486063730489,3.29213687946051,2.54374281330845,3.08742720074072,2.89686513952506,3.44451025011709
QR_motioncap_brushless_Light_bot_NoWind_test2,bot,2,4,13,0.05,attitude_run_centered,95,2411,3.43730128511575,3.29201898165127,2.51155580999654,3.08742720074072,2.89686513952506,3.44451025011709
QR_motioncap_brushless_Light_bot_NoWind_test2,bot,2,4,13,0.1,original_static,95,2410,3.54648097782428,3.40999186442736,2.51165940150989,3.05206887982834,2.86907742973098,3.44636780041881
QR_motioncap_brushless_Light_bot_NoWind_test2,bot,2,4,13,0.1,attitude_absolute,95,2410,3.42314044718171,3.28830751775937,2.53865481572874,3.05206887982834,2.86907742973098,3.44636780041881
QR_motioncap_brushless_Light_bot_NoWind_test2,bot,2,4,13,0.1,attitude_run_centered,95,2410,3.43585374464159,3.288326528432,2.50698203928245,3.05206887982834,2.86907742973098,3.44636780041881
QR_motioncap_brushless_Light_bot_NoWind_test2,bot,2,4,13,0.15,original_static,95,2410,3.54648097782428,3.40999186442736,2.58603125900429,3.01897826786634,2.8403799511853,3.45203254123919
QR_motioncap_brushless_Light_bot_NoWind_test2,bot,2,4,13,0.15,attitude_absolute,95,2410,3.44370548705303,3.31039956117904,2.63578066153052,3.01897826786634,2.8403799511853,3.45203254123919
QR_motioncap_brushless_Light_bot_NoWind_test2,bot,2,4,13,0.15,attitude_run_centered,95,2410,3.45639348485407,3.31052935678654,2.60467008474446,3.01897826786634,2.8403799511853,3.45203254123919
QR_motioncap_brushless_Light_bot_NoWind_test2,bot,2,4,13,0.2,original_static,95,2410,3.54648097782428,3.40999186442736,2.69398316406219,2.97775432916262,2.79900993174694,3.46103200444746
QR_motioncap_brushless_Light_bot_NoWind_test2,bot,2,4,13,0.2,attitude_absolute,95,2410,3.46465016069228,3.33374498836897,2.76540714891364,2.97775432916262,2.79900993174694,3.46103200444746
QR_motioncap_brushless_Light_bot_NoWind_test2,bot,2,4,13,0.2,attitude_run_centered,95,2410,3.47709211305161,3.33396464392477,2.73493030001464,2.97775432916262,2.79900993174694,3.46103200444746
QR_motioncap_brushless_Light_bot_NoWind_test2,bot,2,5,14,-0.2,original_static,181,2593,2.8885093981588,2.68541833274877,2.57384728543156,2.07942602520272,1.77513307764887,4.15911532201206
QR_motioncap_brushless_Light_bot_NoWind_test2,bot,2,5,14,-0.2,attitude_absolute,181,2593,2.19629645795409,1.94792886414652,1.9765189040593,2.07942602520272,1.77513307764887,4.15911532201206
QR_motioncap_brushless_Light_bot_NoWind_test2,bot,2,5,14,-0.2,attitude_run_centered,181,2593,2.21733700081949,1.9474951322312,1.92987575160366,2.07942602520272,1.77513307764887,4.15911532201206
QR_motioncap_brushless_Light_bot_NoWind_test2,bot,2,5,14,-0.15,original_static,181,2593,2.8885093981588,2.68541833274877,2.52047141306757,2.07656485920518,1.77249769919504,4.15796435996098
QR_motioncap_brushless_Light_bot_NoWind_test2,bot,2,5,14,-0.15,attitude_absolute,181,2593,2.16433550120296,1.90689425489722,1.86689786237958,2.07656485920518,1.77249769919504,4.15796435996098
QR_motioncap_brushless_Light_bot_NoWind_test2,bot,2,5,14,-0.15,attitude_run_centered,181,2593,2.18601224442702,1.90637173215021,1.81796186967235,2.07656485920518,1.77249769919504,4.15796435996098
QR_motioncap_brushless_Light_bot_NoWind_test2,bot,2,5,14,-0.1,original_static,181,2593,2.8885093981588,2.68541833274877,2.48029790705879,2.07249359015457,1.76879422078809,4.15615693557377
QR_motioncap_brushless_Light_bot_NoWind_test2,bot,2,5,14,-0.1,attitude_absolute,181,2593,2.15330391733233,1.89317316281499,1.79815236074043,2.07249359015457,1.76879422078809,4.15615693557377
QR_motioncap_brushless_Light_bot_NoWind_test2,bot,2,5,14,-0.1,attitude_run_centered,181,2593,2.17510767281422,1.89258725618824,1.74746887526326,2.07249359015457,1.76879422078809,4.15615693557377
QR_motioncap_brushless_Light_bot_NoWind_test2,bot,2,5,14,-0.05,original_static,181,2593,2.8885093981588,2.68541833274877,2.45404755990642,2.06614412170262,1.76280437413914,4.15463141671218
QR_motioncap_brushless_Light_bot_NoWind_test2,bot,2,5,14,-0.05,attitude_absolute,181,2593,2.17366865208156,1.91119265663364,1.78234199111627,2.06614412170262,1.76280437413914,4.15463141671218
QR_motioncap_brushless_Light_bot_NoWind_test2,bot,2,5,14,-0.05,attitude_run_centered,181,2593,2.19538457910913,1.91059441441733,1.73148879711702,2.06614412170262,1.76280437413914,4.15463141671218
QR_motioncap_brushless_Light_bot_NoWind_test2,bot,2,5,14,0,original_static,181,2595,2.8885093981588,2.68541833274877,2.44435981030879,2.05744411976792,1.75407001900623,4.15279244433789
QR_motioncap_brushless_Light_bot_NoWind_test2,bot,2,5,14,0,attitude_absolute,181,2595,2.22511161223915,1.96536359530732,1.82656838000364,2.05744411976792,1.75407001900623,4.15279244433789
QR_motioncap_brushless_Light_bot_NoWind_test2,bot,2,5,14,0,attitude_run_centered,181,2595,2.24650629643744,1.96478831711234,1.77736922397933,2.05744411976792,1.75407001900623,4.15279244433789
QR_motioncap_brushless_Light_bot_NoWind_test2,bot,2,5,14,0.05,original_static,181,2593,2.8885093981588,2.68541833274877,2.45293248294296,2.04989334657676,1.74625769495338,4.1524002779308
QR_motioncap_brushless_Light_bot_NoWind_test2,bot,2,5,14,0.05,attitude_absolute,181,2593,2.29488522028258,2.04540069674539,1.92540388895062,2.04989334657676,1.74625769495338,4.1524002779308
QR_motioncap_brushless_Light_bot_NoWind_test2,bot,2,5,14,0.05,attitude_run_centered,181,2593,2.31529613081323,2.04489962878334,1.87838449052343,2.04989334657676,1.74625769495338,4.1524002779308
QR_motioncap_brushless_Light_bot_NoWind_test2,bot,2,5,14,0.1,original_static,181,2594,2.8885093981588,2.68541833274877,2.47953678893971,2.03958102130017,1.73583936670762,4.15145976553941
QR_motioncap_brushless_Light_bot_NoWind_test2,bot,2,5,14,0.1,attitude_absolute,181,2594,2.3943119607748,2.15315837263329,2.07237913407561,2.03958102130017,1.73583936670762,4.15145976553941
QR_motioncap_brushless_Light_bot_NoWind_test2,bot,2,5,14,0.1,attitude_run_centered,181,2594,2.41398351904187,2.15274520698499,2.02894756514466,2.03958102130017,1.73583936670762,4.15145976553941
QR_motioncap_brushless_Light_bot_NoWind_test2,bot,2,5,14,0.15,original_static,181,2593,2.8885093981588,2.68541833274877,2.52457821485897,2.03096782806117,1.72620300869788,4.15163874322336
QR_motioncap_brushless_Light_bot_NoWind_test2,bot,2,5,14,0.15,attitude_absolute,181,2593,2.51667333024877,2.28526029399119,2.26030155990537,2.03096782806117,1.72620300869788,4.15163874322336
QR_motioncap_brushless_Light_bot_NoWind_test2,bot,2,5,14,0.15,attitude_run_centered,181,2593,2.53537951645119,2.28493405874851,2.22044846325457,2.03096782806117,1.72620300869788,4.15163874322336
QR_motioncap_brushless_Light_bot_NoWind_test2,bot,2,5,14,0.2,original_static,181,2594,2.8885093981588,2.68541833274877,2.58488362828651,2.02318700666539,1.71768744014567,4.15214152555444
QR_motioncap_brushless_Light_bot_NoWind_test2,bot,2,5,14,0.2,attitude_absolute,181,2594,2.64708626377954,2.42815686340698,2.47176965652383,2.02318700666539,1.71768744014567,4.15214152555444
QR_motioncap_brushless_Light_bot_NoWind_test2,bot,2,5,14,0.2,attitude_run_centered,181,2594,2.66448716957474,2.42793489638916,2.43485632478697,2.02318700666539,1.71768744014567,4.15214152555444
QR_motioncap_brushless_Light_bot_NoWind_test3,bot,3,1,10,-0.2,original_static,172,2577,4.02416114650266,3.69364836818422,3.26938687650165,3.0728913976431,3.02801388637835,4.81468380222218
QR_motioncap_brushless_Light_bot_NoWind_test3,bot,3,1,10,-0.2,attitude_absolute,172,2577,3.76630645536428,3.43461503422473,2.91306404412163,3.0728913976431,3.02801388637835,4.81468380222218
QR_motioncap_brushless_Light_bot_NoWind_test3,bot,3,1,10,-0.2,attitude_run_centered,172,2577,3.7671044589367,3.434808208545,2.91996989692773,3.0728913976431,3.02801388637835,4.81468380222218
QR_motioncap_brushless_Light_bot_NoWind_test3,bot,3,1,10,-0.15,original_static,172,2577,4.02416114650266,3.69364836818422,3.17757330637724,3.10412569090778,3.05865838575554,4.81120924608329
QR_motioncap_brushless_Light_bot_NoWind_test3,bot,3,1,10,-0.15,attitude_absolute,172,2577,3.73351537443448,3.39855411183171,2.79871345048114,3.10412569090778,3.05865838575554,4.81120924608329
QR_motioncap_brushless_Light_bot_NoWind_test3,bot,3,1,10,-0.15,attitude_run_centered,172,2577,3.73437055966477,3.39875814820335,2.80607799139498,3.10412569090778,3.05865838575554,4.81120924608329
QR_motioncap_brushless_Light_bot_NoWind_test3,bot,3,1,10,-0.1,original_static,172,2579,4.02416114650266,3.69364836818422,3.08927796048672,3.12821383773789,3.08229184684966,4.8103887281598
QR_motioncap_brushless_Light_bot_NoWind_test3,bot,3,1,10,-0.1,attitude_absolute,172,2579,3.72149859280398,3.38280920012944,2.70784194697688,3.12821383773789,3.08229184684966,4.8103887281598
QR_motioncap_brushless_Light_bot_NoWind_test3,bot,3,1,10,-0.1,attitude_run_centered,172,2579,3.72243229809482,3.383023071294,2.71565481680085,3.12821383773789,3.08229184684966,4.8103887281598
QR_motioncap_brushless_Light_bot_NoWind_test3,bot,3,1,10,-0.05,original_static,172,2577,4.02416114650266,3.69364836818422,3.04201023625456,3.16277794151274,3.11673350172969,4.81368170231839
QR_motioncap_brushless_Light_bot_NoWind_test3,bot,3,1,10,-0.05,attitude_absolute,172,2577,3.72220190497173,3.38411052476208,2.68044371896952,3.16277794151274,3.11673350172969,4.81368170231839
QR_motioncap_brushless_Light_bot_NoWind_test3,bot,3,1,10,-0.05,attitude_run_centered,172,2577,3.72296518143455,3.38433922801329,2.68819738546036,3.16277794151274,3.11673350172969,4.81368170231839
QR_motioncap_brushless_Light_bot_NoWind_test3,bot,3,1,10,0,original_static,172,2578,4.02416114650266,3.69364836818422,3.0364928784072,3.16487247263431,3.11811218994763,4.81785967530624
QR_motioncap_brushless_Light_bot_NoWind_test3,bot,3,1,10,0,attitude_absolute,172,2578,3.72794806940785,3.39037959593946,2.70454090185735,3.16487247263431,3.11811218994763,4.81785967530624
QR_motioncap_brushless_Light_bot_NoWind_test3,bot,3,1,10,0,attitude_run_centered,172,2578,3.72866190771159,3.39060352870686,2.71203107295356,3.16487247263431,3.11811218994763,4.81785967530624
QR_motioncap_brushless_Light_bot_NoWind_test3,bot,3,1,10,0.05,original_static,172,2577,4.02416114650266,3.69364836818422,3.04279335531222,3.16890652727031,3.1212827795113,4.82139301770376
QR_motioncap_brushless_Light_bot_NoWind_test3,bot,3,1,10,0.05,attitude_absolute,172,2577,3.75455745027909,3.41481345929278,2.75824902638941,3.16890652727031,3.1212827795113,4.82139301770376
QR_motioncap_brushless_Light_bot_NoWind_test3,bot,3,1,10,0.05,attitude_run_centered,172,2577,3.75519950988634,3.41504380204684,2.76544322789461,3.16890652727031,3.1212827795113,4.82139301770376
QR_motioncap_brushless_Light_bot_NoWind_test3,bot,3,1,10,0.1,original_static,172,2577,4.02416114650266,3.69364836818422,3.08583553016613,3.1819263307076,3.13335155694866,4.82421956871209
QR_motioncap_brushless_Light_bot_NoWind_test3,bot,3,1,10,0.1,attitude_absolute,172,2577,3.78954125831139,3.45139650985942,2.8657719028431,3.1819263307076,3.13335155694866,4.82421956871209
QR_motioncap_brushless_Light_bot_NoWind_test3,bot,3,1,10,0.1,attitude_run_centered,172,2577,3.79002508569222,3.45160886221044,2.87256605660817,3.1819263307076,3.13335155694866,4.82421956871209
QR_motioncap_brushless_Light_bot_NoWind_test3,bot,3,1,10,0.15,original_static,172,2579,4.02416114650266,3.69364836818422,3.14790044368496,3.17629595559811,3.12654096707221,4.82433428233259
QR_motioncap_brushless_Light_bot_NoWind_test3,bot,3,1,10,0.15,attitude_absolute,172,2579,3.83828217467916,3.50266403302704,3.0161158965785,3.17629595559811,3.12654096707221,4.82433428233259
QR_motioncap_brushless_Light_bot_NoWind_test3,bot,3,1,10,0.15,attitude_run_centered,172,2579,3.83870055820673,3.50282054098324,3.02234853521263,3.17629595559811,3.12654096707221,4.82433428233259
QR_motioncap_brushless_Light_bot_NoWind_test3,bot,3,1,10,0.2,original_static,172,2578,4.02416114650266,3.69364836818422,3.22625105013454,3.17454364880564,3.1234618530205,4.82353298986942
QR_motioncap_brushless_Light_bot_NoWind_test3,bot,3,1,10,0.2,attitude_absolute,172,2578,3.90762694697331,3.57549411104114,3.18152477361151,3.17454364880564,3.1234618530205,4.82353298986942
QR_motioncap_brushless_Light_bot_NoWind_test3,bot,3,1,10,0.2,attitude_run_centered,172,2578,3.90797009683224,3.57560694245723,3.1875611448929,3.17454364880564,3.1234618530205,4.82353298986942
QR_motioncap_brushless_Light_bot_NoWind_test3,bot,3,2,11,-0.2,original_static,136,2520,4.23326979065657,3.73209058283282,3.64934908234731,2.39403039928753,2.1293705180074,5.891650312989
QR_motioncap_brushless_Light_bot_NoWind_test3,bot,3,2,11,-0.2,attitude_absolute,136,2520,3.6959466767787,2.97444529390674,2.68717668420632,2.39403039928753,2.1293705180074,5.891650312989
QR_motioncap_brushless_Light_bot_NoWind_test3,bot,3,2,11,-0.2,attitude_run_centered,136,2520,3.70836351506397,2.97450255406707,2.69577236568656,2.39403039928753,2.1293705180074,5.891650312989
QR_motioncap_brushless_Light_bot_NoWind_test3,bot,3,2,11,-0.15,original_static,136,2520,4.23326979065657,3.73209058283282,3.62777478021671,2.40483359744032,2.14069872561363,5.91240225168276
QR_motioncap_brushless_Light_bot_NoWind_test3,bot,3,2,11,-0.15,attitude_absolute,136,2520,3.63025805586671,2.89401597987351,2.58152559994025,2.40483359744032,2.14069872561363,5.91240225168276
QR_motioncap_brushless_Light_bot_NoWind_test3,bot,3,2,11,-0.15,attitude_run_centered,136,2520,3.64266310726247,2.89406625774165,2.58989033751024,2.40483359744032,2.14069872561363,5.91240225168276
QR_motioncap_brushless_Light_bot_NoWind_test3,bot,3,2,11,-0.1,original_static,136,2519,4.23326979065657,3.73209058283282,3.62970133658774,2.41392070751408,2.15167933802784,5.93401584176431
QR_motioncap_brushless_Light_bot_NoWind_test3,bot,3,2,11,-0.1,attitude_absolute,136,2519,3.58901345834237,2.84406755333258,2.52802247377935,2.41392070751408,2.15167933802784,5.93401584176431
QR_motioncap_brushless_Light_bot_NoWind_test3,bot,3,2,11,-0.1,attitude_run_centered,136,2519,3.60159620980469,2.84408668950068,2.53620476634693,2.41392070751408,2.15167933802784,5.93401584176431
QR_motioncap_brushless_Light_bot_NoWind_test3,bot,3,2,11,-0.05,original_static,136,2519,4.23326979065657,3.73209058283282,3.65745511191794,2.43546663707593,2.17292907746877,5.95437416330733
QR_motioncap_brushless_Light_bot_NoWind_test3,bot,3,2,11,-0.05,attitude_absolute,136,2519,3.56701006908503,2.82921777224061,2.53311478408133,2.43546663707593,2.17292907746877,5.95437416330733
QR_motioncap_brushless_Light_bot_NoWind_test3,bot,3,2,11,-0.05,attitude_run_centered,136,2519,3.5795369669879,2.82920472667214,2.54061165830968,2.43546663707593,2.17292907746877,5.95437416330733
QR_motioncap_brushless_Light_bot_NoWind_test3,bot,3,2,11,0,original_static,136,2520,4.23326979065657,3.73209058283282,3.71027743698025,2.45953575449517,2.19812508814424,5.97250214097828
QR_motioncap_brushless_Light_bot_NoWind_test3,bot,3,2,11,0,attitude_absolute,136,2520,3.56449712520427,2.83554289346014,2.5819312289368,2.45953575449517,2.19812508814424,5.97250214097828
QR_motioncap_brushless_Light_bot_NoWind_test3,bot,3,2,11,0,attitude_run_centered,136,2520,3.57721982604551,2.83549055581781,2.58905156392649,2.45953575449517,2.19812508814424,5.97250214097828
QR_motioncap_brushless_Light_bot_NoWind_test3,bot,3,2,11,0.05,original_static,136,2520,4.23326979065657,3.73209058283282,3.78282615989299,2.48203020331684,2.22046779472643,5.98967231079568
QR_motioncap_brushless_Light_bot_NoWind_test3,bot,3,2,11,0.05,attitude_absolute,136,2520,3.58823672665655,2.87674329922422,2.68829721504691,2.48203020331684,2.22046779472643,5.98967231079568
QR_motioncap_brushless_Light_bot_NoWind_test3,bot,3,2,11,0.05,attitude_run_centered,136,2520,3.6009038463307,2.87664180962393,2.69455127357989,2.48203020331684,2.22046779472643,5.98967231079568
QR_motioncap_brushless_Light_bot_NoWind_test3,bot,3,2,11,0.1,original_static,136,2520,4.23326979065657,3.73209058283282,3.87418194946043,2.51665782743044,2.25231294504996,6.00484209067442
QR_motioncap_brushless_Light_bot_NoWind_test3,bot,3,2,11,0.1,attitude_absolute,136,2520,3.63894267087877,2.9515867122132,2.8511877986482,2.51665782743044,2.25231294504996,6.00484209067442
QR_motioncap_brushless_Light_bot_NoWind_test3,bot,3,2,11,0.1,attitude_run_centered,136,2520,3.65143060964373,2.95146354241059,2.85651084967133,2.51665782743044,2.25231294504996,6.00484209067442
QR_motioncap_brushless_Light_bot_NoWind_test3,bot,3,2,11,0.15,original_static,136,2520,4.23326979065657,3.73209058283282,3.97489471082219,2.54849804259443,2.28201389893114,6.02022553972113
QR_motioncap_brushless_Light_bot_NoWind_test3,bot,3,2,11,0.15,attitude_absolute,136,2520,3.7149977175179,3.05304436683745,3.04924157147228,2.54849804259443,2.28201389893114,6.02022553972113
QR_motioncap_brushless_Light_bot_NoWind_test3,bot,3,2,11,0.15,attitude_run_centered,136,2520,3.72734850507519,3.05290307094785,3.05383420093939,2.54849804259443,2.28201389893114,6.02022553972113
QR_motioncap_brushless_Light_bot_NoWind_test3,bot,3,2,11,0.2,original_static,136,2520,4.23326979065657,3.73209058283282,4.0850367028458,2.5825198318026,2.31337825999247,6.03080226006008
QR_motioncap_brushless_Light_bot_NoWind_test3,bot,3,2,11,0.2,attitude_absolute,136,2520,3.8267074739098,3.19137073176649,3.29946883619454,2.5825198318026,2.31337825999247,6.03080226006008
QR_motioncap_brushless_Light_bot_NoWind_test3,bot,3,2,11,0.2,attitude_run_centered,136,2520,3.83870731107916,3.19121655433709,3.30317140464171,2.5825198318026,2.31337825999247,6.03080226006008
QR_motioncap_brushless_Light_bot_NoWind_test3,bot,3,3,12,-0.2,original_static,169,2480,4.6470603533895,3.85840993634284,3.83003444056272,2.99403253999836,2.81507987561186,4.3961156410432
QR_motioncap_brushless_Light_bot_NoWind_test3,bot,3,3,12,-0.2,attitude_absolute,169,2480,3.94691208470061,3.1507970940062,3.3748100811701,2.99403253999836,2.81507987561186,4.3961156410432
QR_motioncap_brushless_Light_bot_NoWind_test3,bot,3,3,12,-0.2,attitude_run_centered,169,2480,3.95550349260335,3.15108043269542,3.38688210173142,2.99403253999836,2.81507987561186,4.3961156410432
QR_motioncap_brushless_Light_bot_NoWind_test3,bot,3,3,12,-0.15,original_static,169,2480,4.6470603533895,3.85840993634284,3.69132060334349,3.02514341113829,2.84825950013098,4.39873797227033
QR_motioncap_brushless_Light_bot_NoWind_test3,bot,3,3,12,-0.15,attitude_absolute,169,2480,3.9363317905455,3.13201119957491,3.2243081889029,3.02514341113829,2.84825950013098,4.39873797227033
QR_motioncap_brushless_Light_bot_NoWind_test3,bot,3,3,12,-0.15,attitude_run_centered,169,2480,3.94532291126576,3.13231951810203,3.23756290042258,3.02514341113829,2.84825950013098,4.39873797227033
QR_motioncap_brushless_Light_bot_NoWind_test3,bot,3,3,12,-0.1,original_static,169,2481,4.6470603533895,3.85840993634284,3.64616652427797,3.0380417249054,2.86371389735942,4.40466009515204
QR_motioncap_brushless_Light_bot_NoWind_test3,bot,3,3,12,-0.1,attitude_absolute,169,2481,3.94027646052048,3.12759164512444,3.16202658513542,3.0380417249054,2.86371389735942,4.40466009515204
QR_motioncap_brushless_Light_bot_NoWind_test3,bot,3,3,12,-0.1,attitude_run_centered,169,2481,3.94979228415391,3.12793249931017,3.17624870059175,3.0380417249054,2.86371389735942,4.40466009515204
QR_motioncap_brushless_Light_bot_NoWind_test3,bot,3,3,12,-0.05,original_static,169,2480,4.6470603533895,3.85840993634284,3.53542999944286,3.02590315431008,2.84817250155054,4.40843635767252
QR_motioncap_brushless_Light_bot_NoWind_test3,bot,3,3,12,-0.05,attitude_absolute,169,2480,3.95368020123317,3.13732308159366,3.08015275984697,3.02590315431008,2.84817250155054,4.40843635767252
QR_motioncap_brushless_Light_bot_NoWind_test3,bot,3,3,12,-0.05,attitude_run_centered,169,2480,3.9636832963092,3.13767477662501,3.09501114088293,3.02590315431008,2.84817250155054,4.40843635767252
QR_motioncap_brushless_Light_bot_NoWind_test3,bot,3,3,12,0,original_static,169,2480,4.6470603533895,3.85840993634284,3.52117809562601,3.07048768034195,2.89619480091798,4.4133111365719
QR_motioncap_brushless_Light_bot_NoWind_test3,bot,3,3,12,0,attitude_absolute,169,2480,3.9655523318474,3.15225143899075,3.10110139939454,3.07048768034195,2.89619480091798,4.4133111365719
QR_motioncap_brushless_Light_bot_NoWind_test3,bot,3,3,12,0,attitude_run_centered,169,2480,3.97598565953544,3.15256927964464,3.11649415935386,3.07048768034195,2.89619480091798,4.4133111365719
QR_motioncap_brushless_Light_bot_NoWind_test3,bot,3,3,12,0.05,original_static,169,2481,4.6470603533895,3.85840993634284,3.56742551537583,3.05973133498278,2.88613225071835,4.41901341328459
QR_motioncap_brushless_Light_bot_NoWind_test3,bot,3,3,12,0.05,attitude_absolute,169,2481,3.99830212025267,3.18392014921638,3.17086083345777,3.05973133498278,2.88613225071835,4.41901341328459
QR_motioncap_brushless_Light_bot_NoWind_test3,bot,3,3,12,0.05,attitude_run_centered,169,2481,4.00916065362843,3.18421510728427,3.18625336651176,3.05973133498278,2.88613225071835,4.41901341328459
QR_motioncap_brushless_Light_bot_NoWind_test3,bot,3,3,12,0.1,original_static,169,2480,4.6470603533895,3.85840993634284,3.58292461235063,3.05850795651609,2.88335478417627,4.42224697326068
QR_motioncap_brushless_Light_bot_NoWind_test3,bot,3,3,12,0.1,attitude_absolute,169,2480,4.0455818345642,3.23352233355482,3.26380859990108,3.05850795651609,2.88335478417627,4.42224697326068
QR_motioncap_brushless_Light_bot_NoWind_test3,bot,3,3,12,0.1,attitude_run_centered,169,2480,4.05677308715956,3.23377020049548,3.27905728700183,3.05850795651609,2.88335478417627,4.42224697326068
QR_motioncap_brushless_Light_bot_NoWind_test3,bot,3,3,12,0.15,original_static,169,2480,4.6470603533895,3.85840993634284,3.66812595559526,3.07125808165092,2.89943145947873,4.4255985408431
QR_motioncap_brushless_Light_bot_NoWind_test3,bot,3,3,12,0.15,attitude_absolute,169,2480,4.1041124312022,3.30080885714962,3.42740657832943,3.07125808165092,2.89943145947873,4.4255985408431
QR_motioncap_brushless_Light_bot_NoWind_test3,bot,3,3,12,0.15,attitude_run_centered,169,2480,4.11546692945214,3.30099967203596,3.44240554190719,3.07125808165092,2.89943145947873,4.4255985408431
QR_motioncap_brushless_Light_bot_NoWind_test3,bot,3,3,12,0.2,original_static,169,2480,4.6470603533895,3.85840993634284,3.78746456650131,3.06034690496845,2.88984839222817,4.42836566853858
QR_motioncap_brushless_Light_bot_NoWind_test3,bot,3,3,12,0.2,attitude_absolute,169,2480,4.17790361259817,3.38348466325565,3.6187234077485,3.06034690496845,2.88984839222817,4.42836566853858
QR_motioncap_brushless_Light_bot_NoWind_test3,bot,3,3,12,0.2,attitude_run_centered,169,2480,4.18944634612515,3.38364443388002,3.63307062634551,3.06034690496845,2.88984839222817,4.42836566853858
QR_motioncap_brushless_Light_bot_NoWind_test3,bot,3,4,13,-0.2,original_static,123,2467,4.38917564088758,3.72973977041954,3.53453241795788,3.1639648599096,2.95740075236513,4.7602644335313
QR_motioncap_brushless_Light_bot_NoWind_test3,bot,3,4,13,-0.2,attitude_absolute,123,2467,3.82220501059113,3.19522882620633,2.88320435042898,3.1639648599096,2.95740075236513,4.7602644335313
QR_motioncap_brushless_Light_bot_NoWind_test3,bot,3,4,13,-0.2,attitude_run_centered,123,2467,3.85983834927418,3.19531867901878,2.93315953706589,3.1639648599096,2.95740075236513,4.7602644335313
QR_motioncap_brushless_Light_bot_NoWind_test3,bot,3,4,13,-0.15,original_static,123,2467,4.38917564088758,3.72973977041954,3.53891887408613,3.15007391417782,2.93559058138122,4.75405835422465
QR_motioncap_brushless_Light_bot_NoWind_test3,bot,3,4,13,-0.15,attitude_absolute,123,2467,3.79004428338451,3.1650502301373,2.83168747750355,3.15007391417782,2.93559058138122,4.75405835422465
QR_motioncap_brushless_Light_bot_NoWind_test3,bot,3,4,13,-0.15,attitude_run_centered,123,2467,3.82794934089986,3.16512677122504,2.88334766587694,3.15007391417782,2.93559058138122,4.75405835422465
QR_motioncap_brushless_Light_bot_NoWind_test3,bot,3,4,13,-0.1,original_static,123,2467,4.38917564088758,3.72973977041954,3.55153428878295,3.13145333714389,2.91112159743856,4.74885952904618
QR_motioncap_brushless_Light_bot_NoWind_test3,bot,3,4,13,-0.1,attitude_absolute,123,2467,3.76001085080648,3.13694845932228,2.79441473032854,3.13145333714389,2.91112159743856,4.74885952904618
QR_motioncap_brushless_Light_bot_NoWind_test3,bot,3,4,13,-0.1,attitude_run_centered,123,2467,3.79796252655375,3.13701352288704,2.84682060666382,3.13145333714389,2.91112159743856,4.74885952904618
QR_motioncap_brushless_Light_bot_NoWind_test3,bot,3,4,13,-0.05,original_static,123,2467,4.38917564088758,3.72973977041954,3.59294672402634,3.11552243327659,2.89256737557523,4.74464070748002
QR_motioncap_brushless_Light_bot_NoWind_test3,bot,3,4,13,-0.05,attitude_absolute,123,2467,3.73142718072877,3.1194859031657,2.80832888622825,3.11552243327659,2.89256737557523,4.74464070748002
QR_motioncap_brushless_Light_bot_NoWind_test3,bot,3,4,13,-0.05,attitude_run_centered,123,2467,3.76939122585514,3.11956053295213,2.86058776370293,3.11552243327659,2.89256737557523,4.74464070748002
QR_motioncap_brushless_Light_bot_NoWind_test3,bot,3,4,13,0,original_static,123,2467,4.38917564088758,3.72973977041954,3.64985291597949,3.0836340025877,2.86034849793369,4.74073842160997
QR_motioncap_brushless_Light_bot_NoWind_test3,bot,3,4,13,0,attitude_absolute,123,2467,3.7052641842809,3.10726663720415,2.8243641234998,3.0836340025877,2.86034849793369,4.74073842160997
QR_motioncap_brushless_Light_bot_NoWind_test3,bot,3,4,13,0,attitude_run_centered,123,2467,3.74313986326293,3.10737077476969,2.87639336886504,3.0836340025877,2.86034849793369,4.74073842160997
QR_motioncap_brushless_Light_bot_NoWind_test3,bot,3,4,13,0.05,original_static,123,2467,4.38917564088758,3.72973977041954,3.71598735081983,3.05555460154944,2.83406775590791,4.73760753938707
QR_motioncap_brushless_Light_bot_NoWind_test3,bot,3,4,13,0.05,attitude_absolute,123,2467,3.68092109245945,3.09750197479298,2.86758767324024,3.05555460154944,2.83406775590791,4.73760753938707
QR_motioncap_brushless_Light_bot_NoWind_test3,bot,3,4,13,0.05,attitude_run_centered,123,2467,3.71850455420764,3.09763894428334,2.91823179987602,3.05555460154944,2.83406775590791,4.73760753938707
QR_motioncap_brushless_Light_bot_NoWind_test3,bot,3,4,13,0.1,original_static,123,2467,4.38917564088758,3.72973977041954,3.80613746256267,3.04096216763167,2.82206839399453,4.73627227188909
QR_motioncap_brushless_Light_bot_NoWind_test3,bot,3,4,13,0.1,attitude_absolute,123,2467,3.66981667163928,3.10937573868772,2.96848666776909,3.04096216763167,2.82206839399453,4.73627227188909
QR_motioncap_brushless_Light_bot_NoWind_test3,bot,3,4,13,0.1,attitude_run_centered,123,2467,3.70698095639264,3.10954794022419,3.01688404769112,3.04096216763167,2.82206839399453,4.73627227188909
QR_motioncap_brushless_Light_bot_NoWind_test3,bot,3,4,13,0.15,original_static,123,2467,4.38917564088758,3.72973977041954,3.90535253628127,3.02038640735911,2.80688186621406,4.73716088988212
QR_motioncap_brushless_Light_bot_NoWind_test3,bot,3,4,13,0.15,attitude_absolute,123,2467,3.67524136185605,3.13774263345515,3.07520169542867,3.02038640735911,2.80688186621406,4.73716088988212
QR_motioncap_brushless_Light_bot_NoWind_test3,bot,3,4,13,0.15,attitude_run_centered,123,2467,3.71186295310965,3.13794287492555,3.12147589763812,3.02038640735911,2.80688186621406,4.73716088988212
QR_motioncap_brushless_Light_bot_NoWind_test3,bot,3,4,13,0.2,original_static,123,2467,4.38917564088758,3.72973977041954,4.00648595219856,2.99651821791014,2.78997691954478,4.73928251505153
QR_motioncap_brushless_Light_bot_NoWind_test3,bot,3,4,13,0.2,attitude_absolute,123,2467,3.69892874380841,3.18478803158081,3.20860042670878,2.99651821791014,2.78997691954478,4.73928251505153
QR_motioncap_brushless_Light_bot_NoWind_test3,bot,3,4,13,0.2,attitude_run_centered,123,2467,3.73475196817704,3.18500412128199,3.25245740976639,2.99651821791014,2.78997691954478,4.73928251505153
QR_motioncap_brushless_Light_bot_NoWind_test3,bot,3,5,14,-0.2,original_static,179,2583,3.07467439107636,2.69628226261769,2.17676431818588,2.16257002881342,1.89544037830952,3.59107291943685
QR_motioncap_brushless_Light_bot_NoWind_test3,bot,3,5,14,-0.2,attitude_absolute,179,2583,2.52938427060971,2.05322395307318,1.71518711417256,2.16257002881342,1.89544037830952,3.59107291943685
QR_motioncap_brushless_Light_bot_NoWind_test3,bot,3,5,14,-0.2,attitude_run_centered,179,2583,2.555819847512,2.05324024867192,1.74573692070079,2.16257002881342,1.89544037830952,3.59107291943685
QR_motioncap_brushless_Light_bot_NoWind_test3,bot,3,5,14,-0.15,original_static,179,2583,3.07467439107636,2.69628226261769,2.14170382697706,2.15859353640905,1.88984550464426,3.59472512324165
QR_motioncap_brushless_Light_bot_NoWind_test3,bot,3,5,14,-0.15,attitude_absolute,179,2583,2.51082316228775,2.02988641393033,1.62893172061281,2.15859353640905,1.88984550464426,3.59472512324165
QR_motioncap_brushless_Light_bot_NoWind_test3,bot,3,5,14,-0.15,attitude_run_centered,179,2583,2.53729687479954,2.02988850233925,1.66080363524341,2.15859353640905,1.88984550464426,3.59472512324165
QR_motioncap_brushless_Light_bot_NoWind_test3,bot,3,5,14,-0.1,original_static,179,2583,3.07467439107636,2.69628226261769,2.12021254551363,2.15683235320777,1.88737295031495,3.59894527253973
QR_motioncap_brushless_Light_bot_NoWind_test3,bot,3,5,14,-0.1,attitude_absolute,179,2583,2.50401124881128,2.02296771294718,1.58143306100417,2.15683235320777,1.88737295031495,3.59894527253973
QR_motioncap_brushless_Light_bot_NoWind_test3,bot,3,5,14,-0.1,attitude_run_centered,179,2583,2.53041679059449,2.0229681637669,1.61407987297302,2.15683235320777,1.88737295031495,3.59894527253973
QR_motioncap_brushless_Light_bot_NoWind_test3,bot,3,5,14,-0.05,original_static,179,2583,3.07467439107636,2.69628226261769,2.11192044368866,2.1534217089408,1.88236981782299,3.60291635011252
QR_motioncap_brushless_Light_bot_NoWind_test3,bot,3,5,14,-0.05,attitude_absolute,179,2583,2.50615359910493,2.02893753845268,1.56137055860898,2.1534217089408,1.88236981782299,3.60291635011252
QR_motioncap_brushless_Light_bot_NoWind_test3,bot,3,5,14,-0.05,attitude_run_centered,179,2583,2.5323363517326,2.02893907264968,1.59414467284783,2.1534217089408,1.88236981782299,3.60291635011252
QR_motioncap_brushless_Light_bot_NoWind_test3,bot,3,5,14,0,original_static,179,2583,3.07467439107636,2.69628226261769,2.11949443407633,2.15186482195784,1.88053690101561,3.60611688784225
QR_motioncap_brushless_Light_bot_NoWind_test3,bot,3,5,14,0,attitude_absolute,179,2583,2.51502829571944,2.04076404517522,1.57256976370578,2.15186482195784,1.88053690101561,3.60611688784225
QR_motioncap_brushless_Light_bot_NoWind_test3,bot,3,5,14,0,attitude_run_centered,179,2583,2.54095185412667,2.04074834432853,1.60482793901516,2.15186482195784,1.88053690101561,3.60611688784225
QR_motioncap_brushless_Light_bot_NoWind_test3,bot,3,5,14,0.05,original_static,179,2583,3.07467439107636,2.69628226261769,2.14466290796884,2.15013382334593,1.87869362664367,3.60878481020205
QR_motioncap_brushless_Light_bot_NoWind_test3,bot,3,5,14,0.05,attitude_absolute,179,2583,2.53001982518261,2.06214822521765,1.62214676820975,2.15013382334593,1.87869362664367,3.60878481020205
QR_motioncap_brushless_Light_bot_NoWind_test3,bot,3,5,14,0.05,attitude_run_centered,179,2583,2.55563516307881,2.06213734785534,1.65322140465165,2.15013382334593,1.87869362664367,3.60878481020205
QR_motioncap_brushless_Light_bot_NoWind_test3,bot,3,5,14,0.1,original_static,179,2583,3.07467439107636,2.69628226261769,2.18651356347187,2.15027417157868,1.87812651808885,3.61107931595971
QR_motioncap_brushless_Light_bot_NoWind_test3,bot,3,5,14,0.1,attitude_absolute,179,2583,2.55892461062799,2.10038137250736,1.70884849344492,2.15027417157868,1.87812651808885,3.61107931595971
QR_motioncap_brushless_Light_bot_NoWind_test3,bot,3,5,14,0.1,attitude_run_centered,179,2583,2.58402294203838,2.10037538720962,1.738065570222,2.15027417157868,1.87812651808885,3.61107931595971
QR_motioncap_brushless_Light_bot_NoWind_test3,bot,3,5,14,0.15,original_static,179,2583,3.07467439107636,2.69628226261769,2.24370416980311,2.14958901293138,1.87773430623611,3.61305855774679
QR_motioncap_brushless_Light_bot_NoWind_test3,bot,3,5,14,0.15,attitude_absolute,179,2583,2.5931580841194,2.14316700784459,1.81992250798049,2.14958901293138,1.87773430623611,3.61305855774679
QR_motioncap_brushless_Light_bot_NoWind_test3,bot,3,5,14,0.15,attitude_run_centered,179,2583,2.61767851152573,2.14315696776058,1.84696297321292,2.14958901293138,1.87773430623611,3.61305855774679
QR_motioncap_brushless_Light_bot_NoWind_test3,bot,3,5,14,0.2,original_static,179,2583,3.07467439107636,2.69628226261769,2.31331393221944,2.15040016429371,1.87856646502703,3.61490403061895
QR_motioncap_brushless_Light_bot_NoWind_test3,bot,3,5,14,0.2,attitude_absolute,179,2583,2.63653273890517,2.19756331864929,1.95924433862641,2.15040016429371,1.87856646502703,3.61490403061895
QR_motioncap_brushless_Light_bot_NoWind_test3,bot,3,5,14,0.2,attitude_run_centered,179,2583,2.66051491814606,2.19756421377168,1.98419103505946,2.15040016429371,1.87856646502703,3.61490403061895
QR_motioncap_brushless_Light_bot_NoWind_test4,bot,4,1,10,-0.2,original_static,176,2586,3.22449356350038,2.92818210831353,2.92110613024372,2.88485824521603,2.83947029788306,4.4858464501711
QR_motioncap_brushless_Light_bot_NoWind_test4,bot,4,1,10,-0.2,attitude_absolute,176,2586,3.29001608484301,3.02048602479673,2.30864928089204,2.88485824521603,2.83947029788306,4.4858464501711
QR_motioncap_brushless_Light_bot_NoWind_test4,bot,4,1,10,-0.2,attitude_run_centered,176,2586,3.30725289770701,3.02131962025704,2.31844959131538,2.88485824521603,2.83947029788306,4.4858464501711
QR_motioncap_brushless_Light_bot_NoWind_test4,bot,4,1,10,-0.15,original_static,176,2585,3.22449356350038,2.92818210831353,2.81029246525159,2.86721059214383,2.81922385547819,4.4862622358565
QR_motioncap_brushless_Light_bot_NoWind_test4,bot,4,1,10,-0.15,attitude_absolute,176,2585,3.28377425112307,3.0159277502124,2.1610392850858,2.86721059214383,2.81922385547819,4.4862622358565
QR_motioncap_brushless_Light_bot_NoWind_test4,bot,4,1,10,-0.15,attitude_run_centered,176,2585,3.30106398534039,3.01670284523111,2.16906626510769,2.86721059214383,2.81922385547819,4.4862622358565
QR_motioncap_brushless_Light_bot_NoWind_test4,bot,4,1,10,-0.1,original_static,176,2584,3.22449356350038,2.92818210831353,2.72076558210644,2.86228809069719,2.81257748143934,4.48531761823567
QR_motioncap_brushless_Light_bot_NoWind_test4,bot,4,1,10,-0.1,attitude_absolute,176,2584,3.30868358072521,3.04537021519614,2.07601581938543,2.86228809069719,2.81257748143934,4.48531761823567
QR_motioncap_brushless_Light_bot_NoWind_test4,bot,4,1,10,-0.1,attitude_run_centered,176,2584,3.32634685427425,3.04608194922007,2.08404251895391,2.86228809069719,2.81257748143934,4.48531761823567
QR_motioncap_brushless_Light_bot_NoWind_test4,bot,4,1,10,-0.05,original_static,176,2584,3.22449356350038,2.92818210831353,2.666973700513,2.85947747238261,2.80703571612671,4.48315891283064
QR_motioncap_brushless_Light_bot_NoWind_test4,bot,4,1,10,-0.05,attitude_absolute,176,2584,3.34037932734676,3.08157844498312,2.05672990312996,2.85947747238261,2.80703571612671,4.48315891283064
QR_motioncap_brushless_Light_bot_NoWind_test4,bot,4,1,10,-0.05,attitude_run_centered,176,2584,3.35909026816824,3.08230120854892,2.06517368207479,2.85947747238261,2.80703571612671,4.48315891283064
QR_motioncap_brushless_Light_bot_NoWind_test4,bot,4,1,10,0,original_static,176,2584,3.22449356350038,2.92818210831353,2.64934251695498,2.84804997157116,2.79283038346706,4.47913260798436
QR_motioncap_brushless_Light_bot_NoWind_test4,bot,4,1,10,0,attitude_absolute,176,2584,3.37736782390771,3.11827943989416,2.08046426286705,2.84804997157116,2.79283038346706,4.47913260798436
QR_motioncap_brushless_Light_bot_NoWind_test4,bot,4,1,10,0,attitude_run_centered,176,2584,3.3965299983872,3.11893206441541,2.0879377675041,2.84804997157116,2.79283038346706,4.47913260798436
QR_motioncap_brushless_Light_bot_NoWind_test4,bot,4,1,10,0.05,original_static,176,2585,3.22449356350038,2.92818210831353,2.66201926623144,2.84678827358948,2.79013062625814,4.47579335867158
QR_motioncap_brushless_Light_bot_NoWind_test4,bot,4,1,10,0.05,attitude_absolute,176,2585,3.43566544660697,3.1806372734539,2.17742745268783,2.84678827358948,2.79013062625814,4.47579335867158
QR_motioncap_brushless_Light_bot_NoWind_test4,bot,4,1,10,0.05,attitude_run_centered,176,2585,3.45553743280395,3.18118146341379,2.185613205704,2.84678827358948,2.79013062625814,4.47579335867158
QR_motioncap_brushless_Light_bot_NoWind_test4,bot,4,1,10,0.1,original_static,176,2585,3.22449356350038,2.92818210831353,2.69774135718729,2.84720971223523,2.78658164402003,4.47086527364693
QR_motioncap_brushless_Light_bot_NoWind_test4,bot,4,1,10,0.1,attitude_absolute,176,2585,3.50591543487631,3.25618375899508,2.33192222390906,2.84720971223523,2.78658164402003,4.47086527364693
QR_motioncap_brushless_Light_bot_NoWind_test4,bot,4,1,10,0.1,attitude_run_centered,176,2585,3.52722276186974,3.25664858276922,2.34014628770518,2.84720971223523,2.78658164402003,4.47086527364693
QR_motioncap_brushless_Light_bot_NoWind_test4,bot,4,1,10,0.15,original_static,176,2584,3.22449356350038,2.92818210831353,2.76169032729629,2.83671972355983,2.77195601822717,4.46626791814019
QR_motioncap_brushless_Light_bot_NoWind_test4,bot,4,1,10,0.15,attitude_absolute,176,2584,3.57791394681261,3.33470109237755,2.51543053766117,2.83671972355983,2.77195601822717,4.46626791814019
QR_motioncap_brushless_Light_bot_NoWind_test4,bot,4,1,10,0.15,attitude_run_centered,176,2584,3.59913030159312,3.33503039901467,2.52145237149568,2.83671972355983,2.77195601822717,4.46626791814019
QR_motioncap_brushless_Light_bot_NoWind_test4,bot,4,1,10,0.2,original_static,176,2585,3.22449356350038,2.92818210831353,2.85153995814754,2.84233592718256,2.77502782470613,4.46272959810949
QR_motioncap_brushless_Light_bot_NoWind_test4,bot,4,1,10,0.2,attitude_absolute,176,2585,3.67238892931218,3.43401642722915,2.73310333908238,2.84233592718256,2.77502782470613,4.46272959810949
QR_motioncap_brushless_Light_bot_NoWind_test4,bot,4,1,10,0.2,attitude_run_centered,176,2585,3.69404304345451,3.4341854059469,2.73917372454044,2.84233592718256,2.77502782470613,4.46272959810949
QR_motioncap_brushless_Light_bot_NoWind_test4,bot,4,2,11,-0.2,original_static,171,2518,4.1694638775108,3.71533237126445,3.1820786943168,2.52964378183688,2.2743596211959,5.70943253439152
QR_motioncap_brushless_Light_bot_NoWind_test4,bot,4,2,11,-0.2,attitude_absolute,171,2518,3.44023727892168,2.84632201415308,2.56662268082282,2.52964378183688,2.2743596211959,5.70943253439152
QR_motioncap_brushless_Light_bot_NoWind_test4,bot,4,2,11,-0.2,attitude_run_centered,171,2518,3.46665041416855,2.84619312187211,2.55786334086582,2.52964378183688,2.2743596211959,5.70943253439152
QR_motioncap_brushless_Light_bot_NoWind_test4,bot,4,2,11,-0.15,original_static,171,2518,4.1694638775108,3.71533237126445,3.19169494990233,2.52531061167662,2.27498668159069,5.71871485547051
QR_motioncap_brushless_Light_bot_NoWind_test4,bot,4,2,11,-0.15,attitude_absolute,171,2518,3.31333228179127,2.69407421926308,2.38117945498123,2.52531061167662,2.27498668159069,5.71871485547051
QR_motioncap_brushless_Light_bot_NoWind_test4,bot,4,2,11,-0.15,attitude_run_centered,171,2518,3.34005007640808,2.69401641202412,2.37166753911183,2.52531061167662,2.27498668159069,5.71871485547051
QR_motioncap_brushless_Light_bot_NoWind_test4,bot,4,2,11,-0.1,original_static,171,2517,4.1694638775108,3.71533237126445,3.22199952064574,2.52482609288564,2.27981207296197,5.72914268065698
QR_motioncap_brushless_Light_bot_NoWind_test4,bot,4,2,11,-0.1,attitude_absolute,171,2517,3.20910201652682,2.57463511110473,2.25751845229151,2.52482609288564,2.27981207296197,5.72914268065698
QR_motioncap_brushless_Light_bot_NoWind_test4,bot,4,2,11,-0.1,attitude_run_centered,171,2517,3.2363698946344,2.57465967512205,2.24834181088052,2.52482609288564,2.27981207296197,5.72914268065698
QR_motioncap_brushless_Light_bot_NoWind_test4,bot,4,2,11,-0.05,original_static,171,2517,4.1694638775108,3.71533237126445,3.27038117558338,2.5230977351501,2.28287876432311,5.73694635569673
QR_motioncap_brushless_Light_bot_NoWind_test4,bot,4,2,11,-0.05,attitude_absolute,171,2517,3.14435628393753,2.49837717160306,2.2299855469018,2.5230977351501,2.28287876432311,5.73694635569673
QR_motioncap_brushless_Light_bot_NoWind_test4,bot,4,2,11,-0.05,attitude_run_centered,171,2517,3.17164183007577,2.49845982570769,2.22065904090222,2.5230977351501,2.28287876432311,5.73694635569673
QR_motioncap_brushless_Light_bot_NoWind_test4,bot,4,2,11,0,original_static,171,2518,4.1694638775108,3.71533237126445,3.34327086400834,2.53145942095492,2.29475094017596,5.74237509791678
QR_motioncap_brushless_Light_bot_NoWind_test4,bot,4,2,11,0,attitude_absolute,171,2518,3.12653537018816,2.48130012661372,2.30016260477147,2.53145942095492,2.29475094017596,5.74237509791678
QR_motioncap_brushless_Light_bot_NoWind_test4,bot,4,2,11,0,attitude_run_centered,171,2518,3.15380508159431,2.48143368833523,2.2913361524726,2.53145942095492,2.29475094017596,5.74237509791678
QR_motioncap_brushless_Light_bot_NoWind_test4,bot,4,2,11,0.05,original_static,171,2518,4.1694638775108,3.71533237126445,3.43669031512096,2.53689988256665,2.30410126544924,5.74666096088081
QR_motioncap_brushless_Light_bot_NoWind_test4,bot,4,2,11,0.05,attitude_absolute,171,2518,3.1617001340636,2.52651849578265,2.4641075488365,2.53689988256665,2.30410126544924,5.74666096088081
QR_motioncap_brushless_Light_bot_NoWind_test4,bot,4,2,11,0.05,attitude_run_centered,171,2518,3.18882658630026,2.52667041183366,2.45696565194771,2.53689988256665,2.30410126544924,5.74666096088081
QR_motioncap_brushless_Light_bot_NoWind_test4,bot,4,2,11,0.1,original_static,171,2517,4.1694638775108,3.71533237126445,3.53859765757634,2.54837714378378,2.3179205552671,5.74925386514276
QR_motioncap_brushless_Light_bot_NoWind_test4,bot,4,2,11,0.1,attitude_absolute,171,2517,3.24321228963669,2.62710022821902,2.7096455475172,2.54837714378378,2.3179205552671,5.74925386514276
QR_motioncap_brushless_Light_bot_NoWind_test4,bot,4,2,11,0.1,attitude_run_centered,171,2517,3.26932813611102,2.62721857729438,2.70282027747067,2.54837714378378,2.3179205552671,5.74925386514276
QR_motioncap_brushless_Light_bot_NoWind_test4,bot,4,2,11,0.15,original_static,171,2518,4.1694638775108,3.71533237126445,3.65285821053319,2.56007305483902,2.33198656316366,5.74880552482273
QR_motioncap_brushless_Light_bot_NoWind_test4,bot,4,2,11,0.15,attitude_absolute,171,2518,3.36441334715201,2.7757172164429,2.99008195203622,2.56007305483902,2.33198656316366,5.74880552482273
QR_motioncap_brushless_Light_bot_NoWind_test4,bot,4,2,11,0.15,attitude_run_centered,171,2518,3.38974415875778,2.77576727688556,2.98453442585229,2.56007305483902,2.33198656316366,5.74880552482273
QR_motioncap_brushless_Light_bot_NoWind_test4,bot,4,2,11,0.2,original_static,171,2517,4.1694638775108,3.71533237126445,3.77352489409554,2.56917471482905,2.34282986180599,5.74756001630639
QR_motioncap_brushless_Light_bot_NoWind_test4,bot,4,2,11,0.2,attitude_absolute,171,2517,3.53755704444849,2.97712314104291,3.30800065062212,2.56917471482905,2.34282986180599,5.74756001630639
QR_motioncap_brushless_Light_bot_NoWind_test4,bot,4,2,11,0.2,attitude_run_centered,171,2517,3.56213214149141,2.97709413108653,3.30412750783458,2.56917471482905,2.34282986180599,5.74756001630639
QR_motioncap_brushless_Light_bot_NoWind_test4,bot,4,3,12,-0.2,original_static,166,2472,3.96252874150493,3.08231099343365,3.74272757974426,2.5586262887771,2.33873290939618,4.16340426619702
QR_motioncap_brushless_Light_bot_NoWind_test4,bot,4,3,12,-0.2,attitude_absolute,166,2472,3.57168265594899,2.7250219006864,3.36756286759282,2.5586262887771,2.33873290939618,4.16340426619702
QR_motioncap_brushless_Light_bot_NoWind_test4,bot,4,3,12,-0.2,attitude_run_centered,166,2472,3.62614919353143,2.72441091753591,3.40687623603475,2.5586262887771,2.33873290939618,4.16340426619702
QR_motioncap_brushless_Light_bot_NoWind_test4,bot,4,3,12,-0.15,original_static,166,2471,3.96252874150493,3.08231099343365,3.654919060032,2.54473616359238,2.32842063309163,4.16442173643247
QR_motioncap_brushless_Light_bot_NoWind_test4,bot,4,3,12,-0.15,attitude_absolute,166,2471,3.5727815634009,2.7230996218541,3.27422175127891,2.54473616359238,2.32842063309163,4.16442173643247
QR_motioncap_brushless_Light_bot_NoWind_test4,bot,4,3,12,-0.15,attitude_run_centered,166,2471,3.62716402215579,2.72238368240375,3.3152372769914,2.54473616359238,2.32842063309163,4.16442173643247
QR_motioncap_brushless_Light_bot_NoWind_test4,bot,4,3,12,-0.1,original_static,166,2472,3.96252874150493,3.08231099343365,3.57974946966544,2.56589275751237,2.35744950618571,4.1639931890226
QR_motioncap_brushless_Light_bot_NoWind_test4,bot,4,3,12,-0.1,attitude_absolute,166,2472,3.57384245893089,2.71832484404141,3.19872334052793,2.56589275751237,2.35744950618571,4.1639931890226
QR_motioncap_brushless_Light_bot_NoWind_test4,bot,4,3,12,-0.1,attitude_run_centered,166,2472,3.62860990036422,2.71754605492351,3.24166006831294,2.56589275751237,2.35744950618571,4.1639931890226
QR_motioncap_brushless_Light_bot_NoWind_test4,bot,4,3,12,-0.05,original_static,166,2472,3.96252874150493,3.08231099343365,3.54428323795386,2.58827312136903,2.38358323150225,4.16447362570812
QR_motioncap_brushless_Light_bot_NoWind_test4,bot,4,3,12,-0.05,attitude_absolute,166,2472,3.57688858496014,2.71524410048322,3.16448906807056,2.58827312136903,2.38358323150225,4.16447362570812
QR_motioncap_brushless_Light_bot_NoWind_test4,bot,4,3,12,-0.05,attitude_run_centered,166,2472,3.63207697772645,2.71438085946043,3.20913437949838,2.58827312136903,2.38358323150225,4.16447362570812
QR_motioncap_brushless_Light_bot_NoWind_test4,bot,4,3,12,0,original_static,166,2472,3.96252874150493,3.08231099343365,3.49139497431639,2.56501152152377,2.36341907441937,4.16515044116117
QR_motioncap_brushless_Light_bot_NoWind_test4,bot,4,3,12,0,attitude_absolute,166,2472,3.57756462067662,2.71168323150775,3.1049083156664,2.56501152152377,2.36341907441937,4.16515044116117
QR_motioncap_brushless_Light_bot_NoWind_test4,bot,4,3,12,0,attitude_run_centered,166,2472,3.63276328810882,2.71081110045799,3.15127791176732,2.56501152152377,2.36341907441937,4.16515044116117
QR_motioncap_brushless_Light_bot_NoWind_test4,bot,4,3,12,0.05,original_static,166,2472,3.96252874150493,3.08231099343365,3.45825288980889,2.57060381576299,2.37319132906408,4.16560400182402
QR_motioncap_brushless_Light_bot_NoWind_test4,bot,4,3,12,0.05,attitude_absolute,166,2472,3.57475527737405,2.70360968963198,3.06714849469609,2.57060381576299,2.37319132906408,4.16560400182402
QR_motioncap_brushless_Light_bot_NoWind_test4,bot,4,3,12,0.05,attitude_run_centered,166,2472,3.63057985554006,2.70277433928849,3.11479273249121,2.57060381576299,2.37319132906408,4.16560400182402
QR_motioncap_brushless_Light_bot_NoWind_test4,bot,4,3,12,0.1,original_static,166,2471,3.96252874150493,3.08231099343365,3.4811567996914,2.59239906079577,2.39695552715676,4.16639658431245
QR_motioncap_brushless_Light_bot_NoWind_test4,bot,4,3,12,0.1,attitude_absolute,166,2471,3.57919216690095,2.70574680517893,3.09653267892152,2.59239906079577,2.39695552715676,4.16639658431245
QR_motioncap_brushless_Light_bot_NoWind_test4,bot,4,3,12,0.1,attitude_run_centered,166,2471,3.63548477781274,2.70493784045956,3.1444276762008,2.59239906079577,2.39695552715676,4.16639658431245
QR_motioncap_brushless_Light_bot_NoWind_test4,bot,4,3,12,0.15,original_static,166,2472,3.96252874150493,3.08231099343365,3.48514846776232,2.55738550744312,2.36255554548283,4.1652568163274
QR_motioncap_brushless_Light_bot_NoWind_test4,bot,4,3,12,0.15,attitude_absolute,166,2472,3.59058009823832,2.71755350835325,3.11227423495117,2.55738550744312,2.36255554548283,4.1652568163274
QR_motioncap_brushless_Light_bot_NoWind_test4,bot,4,3,12,0.15,attitude_run_centered,166,2472,3.64686247458026,2.71682087419898,3.16064188959896,2.55738550744312,2.36255554548283,4.1652568163274
QR_motioncap_brushless_Light_bot_NoWind_test4,bot,4,3,12,0.2,original_static,166,2472,3.96252874150493,3.08231099343365,3.52945776274783,2.57540245556964,2.38391928009777,4.16448532668265
QR_motioncap_brushless_Light_bot_NoWind_test4,bot,4,3,12,0.2,attitude_absolute,166,2472,3.61385347234114,2.74231207565865,3.19613483950465,2.57540245556964,2.38391928009777,4.16448532668265
QR_motioncap_brushless_Light_bot_NoWind_test4,bot,4,3,12,0.2,attitude_run_centered,166,2472,3.67028054024672,2.74166402119651,3.243353300087,2.57540245556964,2.38391928009777,4.16448532668265
QR_motioncap_brushless_Light_bot_NoWind_test4,bot,4,4,13,-0.2,original_static,167,2475,3.82743453471915,3.28131373650986,2.94918475208718,3.05526309040294,2.84865466275042,3.63522287615999
QR_motioncap_brushless_Light_bot_NoWind_test4,bot,4,4,13,-0.2,attitude_absolute,167,2475,3.58445100911032,3.14015649756977,2.82593058574358,3.05526309040294,2.84865466275042,3.63522287615999
QR_motioncap_brushless_Light_bot_NoWind_test4,bot,4,4,13,-0.2,attitude_run_centered,167,2475,3.6702593657005,3.14032050450192,2.90905837235373,3.05526309040294,2.84865466275042,3.63522287615999
QR_motioncap_brushless_Light_bot_NoWind_test4,bot,4,4,13,-0.15,original_static,167,2475,3.82743453471915,3.28131373650986,2.84291435962429,3.04811061066976,2.84192524414463,3.64212669150855
QR_motioncap_brushless_Light_bot_NoWind_test4,bot,4,4,13,-0.15,attitude_absolute,167,2475,3.59529737267414,3.15585213086353,2.74123024609527,3.04811061066976,2.84192524414463,3.64212669150855
QR_motioncap_brushless_Light_bot_NoWind_test4,bot,4,4,13,-0.15,attitude_run_centered,167,2475,3.68067553974118,3.15600626931797,2.82789253397737,3.04811061066976,2.84192524414463,3.64212669150855
QR_motioncap_brushless_Light_bot_NoWind_test4,bot,4,4,13,-0.1,original_static,167,2474,3.82743453471915,3.28131373650986,2.77898839199657,3.04960577880603,2.84347499628244,3.64956952943347
QR_motioncap_brushless_Light_bot_NoWind_test4,bot,4,4,13,-0.1,attitude_absolute,167,2474,3.59997447158664,3.16295338736202,2.69848960010033,3.04960577880603,2.84347499628244,3.64956952943347
QR_motioncap_brushless_Light_bot_NoWind_test4,bot,4,4,13,-0.1,attitude_run_centered,167,2474,3.68516316035504,3.16314927177372,2.78724231250656,3.04960577880603,2.84347499628244,3.64956952943347
QR_motioncap_brushless_Light_bot_NoWind_test4,bot,4,4,13,-0.05,original_static,167,2475,3.82743453471915,3.28131373650986,2.76596456254435,3.04270697125111,2.83819209884027,3.65683223589489
QR_motioncap_brushless_Light_bot_NoWind_test4,bot,4,4,13,-0.05,attitude_absolute,167,2475,3.5918331197781,3.15202698643877,2.67478515522905,3.04270697125111,2.83819209884027,3.65683223589489
QR_motioncap_brushless_Light_bot_NoWind_test4,bot,4,4,13,-0.05,attitude_run_centered,167,2475,3.67735360960848,3.15232605982454,2.76620541729423,3.04270697125111,2.83819209884027,3.65683223589489
QR_motioncap_brushless_Light_bot_NoWind_test4,bot,4,4,13,0,original_static,167,2475,3.82743453471915,3.28131373650986,2.79567908548995,3.05630715899994,2.85655049084312,3.66343747051173
QR_motioncap_brushless_Light_bot_NoWind_test4,bot,4,4,13,0,attitude_absolute,167,2475,3.57074724182654,3.1327972699821,2.68822591295004,3.05630715899994,2.85655049084312,3.66343747051173
QR_motioncap_brushless_Light_bot_NoWind_test4,bot,4,4,13,0,attitude_run_centered,167,2475,3.65653431115002,3.13319363452066,2.7803632436652,3.05630715899994,2.85655049084312,3.66343747051173
QR_motioncap_brushless_Light_bot_NoWind_test4,bot,4,4,13,0.05,original_static,167,2475,3.82743453471915,3.28131373650986,2.86365892997265,3.07110689355245,2.87470605539997,3.66942349326279
QR_motioncap_brushless_Light_bot_NoWind_test4,bot,4,4,13,0.05,attitude_absolute,167,2475,3.55768046296317,3.11986804927212,2.74938452913773,3.07110689355245,2.87470605539997,3.66942349326279
QR_motioncap_brushless_Light_bot_NoWind_test4,bot,4,4,13,0.05,attitude_run_centered,167,2475,3.64362346486823,3.12027269582309,2.84032430475611,3.07110689355245,2.87470605539997,3.66942349326279
QR_motioncap_brushless_Light_bot_NoWind_test4,bot,4,4,13,0.1,original_static,167,2475,3.82743453471915,3.28131373650986,2.96698251803808,3.07678205958732,2.88307124129319,3.67407952408606
QR_motioncap_brushless_Light_bot_NoWind_test4,bot,4,4,13,0.1,attitude_absolute,167,2475,3.54944116191772,3.10927586616006,2.84078054435137,3.07678205958732,2.88307124129319,3.67407952408606
QR_motioncap_brushless_Light_bot_NoWind_test4,bot,4,4,13,0.1,attitude_run_centered,167,2475,3.63552983569324,3.10962634057017,2.9295133047031,3.07678205958732,2.88307124129319,3.67407952408606
QR_motioncap_brushless_Light_bot_NoWind_test4,bot,4,4,13,0.15,original_static,167,2473,3.82743453471915,3.28131373650986,3.09596658731103,3.07548033155334,2.88605353041563,3.67537486593225
QR_motioncap_brushless_Light_bot_NoWind_test4,bot,4,4,13,0.15,attitude_absolute,167,2473,3.54099193328798,3.0998502825206,2.95591305788761,3.07548033155334,2.88605353041563,3.67537486593225
QR_motioncap_brushless_Light_bot_NoWind_test4,bot,4,4,13,0.15,attitude_run_centered,167,2473,3.62697373048169,3.10013005584557,3.04224838262796,3.07548033155334,2.88605353041563,3.67537486593225
QR_motioncap_brushless_Light_bot_NoWind_test4,bot,4,4,13,0.2,original_static,167,2475,3.82743453471915,3.28131373650986,3.24351472180088,3.08864738863091,2.90174112043448,3.67657665641278
QR_motioncap_brushless_Light_bot_NoWind_test4,bot,4,4,13,0.2,attitude_absolute,167,2475,3.53975401677875,3.09999994848958,3.10621125594298,3.08864738863091,2.90174112043448,3.67657665641278
QR_motioncap_brushless_Light_bot_NoWind_test4,bot,4,4,13,0.2,attitude_run_centered,167,2475,3.62533173738082,3.10023410991017,3.18841101777566,3.08864738863091,2.90174112043448,3.67657665641278
QR_motioncap_brushless_Light_bot_NoWind_test4,bot,4,5,14,-0.2,original_static,173,2563,3.28385069355922,2.76185666575495,2.37556452866112,2.04571957152454,1.81244982984346,3.48219915384686
QR_motioncap_brushless_Light_bot_NoWind_test4,bot,4,5,14,-0.2,attitude_absolute,173,2563,2.6330679862434,1.8582684799766,2.16031688354604,2.04571957152454,1.81244982984346,3.48219915384686
QR_motioncap_brushless_Light_bot_NoWind_test4,bot,4,5,14,-0.2,attitude_run_centered,173,2563,2.77133955672776,1.85833693798693,2.31803217368886,2.04571957152454,1.81244982984346,3.48219915384686
QR_motioncap_brushless_Light_bot_NoWind_test4,bot,4,5,14,-0.15,original_static,173,2563,3.28385069355922,2.76185666575495,2.32407904591127,2.04494957065222,1.81162546854172,3.47909242325347
QR_motioncap_brushless_Light_bot_NoWind_test4,bot,4,5,14,-0.15,attitude_absolute,173,2563,2.62507141513699,1.84403732383535,2.0896083669716,2.04494957065222,1.81162546854172,3.47909242325347
QR_motioncap_brushless_Light_bot_NoWind_test4,bot,4,5,14,-0.15,attitude_run_centered,173,2563,2.76348001775286,1.84406184299941,2.25215957773205,2.04494957065222,1.81162546854172,3.47909242325347
QR_motioncap_brushless_Light_bot_NoWind_test4,bot,4,5,14,-0.1,original_static,173,2563,3.28385069355922,2.76185666575495,2.28983396275627,2.04315430078932,1.81009481251446,3.47553795194404
QR_motioncap_brushless_Light_bot_NoWind_test4,bot,4,5,14,-0.1,attitude_absolute,173,2563,2.62528605812272,1.84834115422096,2.05097177975387,2.04315430078932,1.81009481251446,3.47553795194404
QR_motioncap_brushless_Light_bot_NoWind_test4,bot,4,5,14,-0.1,attitude_run_centered,173,2563,2.76362086807314,1.84834850971405,2.21650296714099,2.04315430078932,1.81009481251446,3.47553795194404
QR_motioncap_brushless_Light_bot_NoWind_test4,bot,4,5,14,-0.05,original_static,173,2563,3.28385069355922,2.76185666575495,2.26777092587416,2.04262716890453,1.80897012525327,3.47182727916482
QR_motioncap_brushless_Light_bot_NoWind_test4,bot,4,5,14,-0.05,attitude_absolute,173,2563,2.64102264937938,1.87347259308496,2.04148248865619,2.04262716890453,1.80897012525327,3.47182727916482
QR_motioncap_brushless_Light_bot_NoWind_test4,bot,4,5,14,-0.05,attitude_run_centered,173,2563,2.77817288257246,1.87348808555199,2.20715784130929,2.04262716890453,1.80897012525327,3.47182727916482
QR_motioncap_brushless_Light_bot_NoWind_test4,bot,4,5,14,0,original_static,173,2563,3.28385069355922,2.76185666575495,2.26501952030232,2.04350587717542,1.80925540646422,3.46802847971839
QR_motioncap_brushless_Light_bot_NoWind_test4,bot,4,5,14,0,attitude_absolute,173,2563,2.65869753504879,1.90157913360628,2.05922207523794,2.04350587717542,1.80925540646422,3.46802847971839
QR_motioncap_brushless_Light_bot_NoWind_test4,bot,4,5,14,0,attitude_run_centered,173,2563,2.79456235755419,1.9015920935853,2.22307746751991,2.04350587717542,1.80925540646422,3.46802847971839
QR_motioncap_brushless_Light_bot_NoWind_test4,bot,4,5,14,0.05,original_static,173,2563,3.28385069355922,2.76185666575495,2.27912402650295,2.04450058872807,1.81009656526544,3.46445681865048
QR_motioncap_brushless_Light_bot_NoWind_test4,bot,4,5,14,0.05,attitude_absolute,173,2563,2.68470106597834,1.94491075176079,2.11005002791003,2.04450058872807,1.81009656526544,3.46445681865048
QR_motioncap_brushless_Light_bot_NoWind_test4,bot,4,5,14,0.05,attitude_run_centered,173,2563,2.81901929827082,1.94491669153237,2.26990055441678,2.04450058872807,1.81009656526544,3.46445681865048
QR_motioncap_brushless_Light_bot_NoWind_test4,bot,4,5,14,0.1,original_static,173,2563,3.28385069355922,2.76185666575495,2.30759492014568,2.0466713483523,1.81153974849927,3.46146499623578
QR_motioncap_brushless_Light_bot_NoWind_test4,bot,4,5,14,0.1,attitude_absolute,173,2563,2.73186803694435,2.0142704635882,2.19759618374641,2.0466713483523,1.81153974849927,3.46146499623578
QR_motioncap_brushless_Light_bot_NoWind_test4,bot,4,5,14,0.1,attitude_run_centered,173,2563,2.86345230495905,2.01426129418435,2.3506245695614,2.0466713483523,1.81153974849927,3.46146499623578
QR_motioncap_brushless_Light_bot_NoWind_test4,bot,4,5,14,0.15,original_static,173,2563,3.28385069355922,2.76185666575495,2.35035249773263,2.04900879823115,1.81322874591931,3.45899530954661
QR_motioncap_brushless_Light_bot_NoWind_test4,bot,4,5,14,0.15,attitude_absolute,173,2563,2.78165611311719,2.08349604037395,2.30203897068607,2.04900879823115,1.81322874591931,3.45899530954661
QR_motioncap_brushless_Light_bot_NoWind_test4,bot,4,5,14,0.15,attitude_run_centered,173,2563,2.91033142188228,2.0834553769684,2.44763749417866,2.04900879823115,1.81322874591931,3.45899530954661
QR_motioncap_brushless_Light_bot_NoWind_test4,bot,4,5,14,0.2,original_static,173,2563,3.28385069355922,2.76185666575495,2.40403884797714,2.05160971666301,1.81560747962944,3.45698078638246
QR_motioncap_brushless_Light_bot_NoWind_test4,bot,4,5,14,0.2,attitude_absolute,173,2563,2.8408105557992,2.16633407998213,2.42560646439098,2.05160971666301,1.81560747962944,3.45698078638246
QR_motioncap_brushless_Light_bot_NoWind_test4,bot,4,5,14,0.2,attitude_run_centered,173,2563,2.96656044252347,2.16627762672018,2.56357210878451,2.05160971666301,1.81560747962944,3.45698078638246
QR_motioncap_brushless_Light_bot_NoWind_test5,bot,5,1,10,-0.2,original_static,173,2571,3.33012225956681,3.009380754833,2.69617661392884,2.60415890114468,2.53784450216896,4.32753633994526
QR_motioncap_brushless_Light_bot_NoWind_test5,bot,5,1,10,-0.2,attitude_absolute,173,2571,3.16701753438841,2.84515723338907,2.38946962991824,2.60415890114468,2.53784450216896,4.32753633994526
QR_motioncap_brushless_Light_bot_NoWind_test5,bot,5,1,10,-0.2,attitude_run_centered,173,2571,3.16983921625203,2.84505326828498,2.38557205281898,2.60415890114468,2.53784450216896,4.32753633994526
QR_motioncap_brushless_Light_bot_NoWind_test5,bot,5,1,10,-0.15,original_static,173,2571,3.33012225956681,3.009380754833,2.63043219492081,2.60521166034853,2.53751484720693,4.31438641760096
QR_motioncap_brushless_Light_bot_NoWind_test5,bot,5,1,10,-0.15,attitude_absolute,173,2571,3.08170506352004,2.75339899275019,2.20240072221997,2.60521166034853,2.53751484720693,4.31438641760096
QR_motioncap_brushless_Light_bot_NoWind_test5,bot,5,1,10,-0.15,attitude_run_centered,173,2571,3.08467020756587,2.75328708207287,2.19827707237155,2.60521166034853,2.53751484720693,4.31438641760096
QR_motioncap_brushless_Light_bot_NoWind_test5,bot,5,1,10,-0.1,original_static,173,2571,3.33012225956681,3.009380754833,2.5958798417941,2.60818043737136,2.53920587360073,4.3047999720036
QR_motioncap_brushless_Light_bot_NoWind_test5,bot,5,1,10,-0.1,attitude_absolute,173,2571,3.03340062554318,2.7033431495236,2.1023008644397,2.60818043737136,2.53920587360073,4.3047999720036
QR_motioncap_brushless_Light_bot_NoWind_test5,bot,5,1,10,-0.1,attitude_run_centered,173,2571,3.03654461263535,2.70323087100695,2.09817050719642,2.60818043737136,2.53920587360073,4.3047999720036
QR_motioncap_brushless_Light_bot_NoWind_test5,bot,5,1,10,-0.05,original_static,173,2571,3.33012225956681,3.009380754833,2.59079039359404,2.60809960966604,2.53838710032526,4.29850585557757
QR_motioncap_brushless_Light_bot_NoWind_test5,bot,5,1,10,-0.05,attitude_absolute,173,2571,3.02204355446493,2.6881296173894,2.0824452053912,2.60809960966604,2.53838710032526,4.29850585557757
QR_motioncap_brushless_Light_bot_NoWind_test5,bot,5,1,10,-0.05,attitude_run_centered,173,2571,3.02543216829816,2.68802536022627,2.07870988074158,2.60809960966604,2.53838710032526,4.29850585557757
QR_motioncap_brushless_Light_bot_NoWind_test5,bot,5,1,10,0,original_static,173,2571,3.33012225956681,3.009380754833,2.60649833484447,2.61043663143467,2.53959630131694,4.29483802038766
QR_motioncap_brushless_Light_bot_NoWind_test5,bot,5,1,10,0,attitude_absolute,173,2571,3.03072570884069,2.70271916811535,2.13111657387462,2.61043663143467,2.53959630131694,4.29483802038766
QR_motioncap_brushless_Light_bot_NoWind_test5,bot,5,1,10,0,attitude_run_centered,173,2571,3.03424071349795,2.70263437535047,2.12773304340448,2.61043663143467,2.53959630131694,4.29483802038766
QR_motioncap_brushless_Light_bot_NoWind_test5,bot,5,1,10,0.05,original_static,173,2571,3.33012225956681,3.009380754833,2.64829203065906,2.61004874106881,2.53851557076878,4.29315360048749
QR_motioncap_brushless_Light_bot_NoWind_test5,bot,5,1,10,0.05,attitude_absolute,173,2571,3.07497185023417,2.75959186111781,2.25873075023952,2.61004874106881,2.53851557076878,4.29315360048749
QR_motioncap_brushless_Light_bot_NoWind_test5,bot,5,1,10,0.05,attitude_run_centered,173,2571,3.07861605759009,2.75953167630627,2.25592257552564,2.61004874106881,2.53851557076878,4.29315360048749
QR_motioncap_brushless_Light_bot_NoWind_test5,bot,5,1,10,0.1,original_static,173,2571,3.33012225956681,3.009380754833,2.71341169511904,2.60663501201848,2.53462814078497,4.29293003373721
QR_motioncap_brushless_Light_bot_NoWind_test5,bot,5,1,10,0.1,attitude_absolute,173,2571,3.16961641768995,2.86514492610442,2.46252479258479,2.60663501201848,2.53462814078497,4.29293003373721
QR_motioncap_brushless_Light_bot_NoWind_test5,bot,5,1,10,0.1,attitude_run_centered,173,2571,3.17335338525147,2.86509827529301,2.46037972868624,2.60663501201848,2.53462814078497,4.29293003373721
QR_motioncap_brushless_Light_bot_NoWind_test5,bot,5,1,10,0.15,original_static,173,2571,3.33012225956681,3.009380754833,2.79122752304847,2.60129346547328,2.52820490402435,4.29371739234759
QR_motioncap_brushless_Light_bot_NoWind_test5,bot,5,1,10,0.15,attitude_absolute,173,2571,3.28214309518118,2.99807753202607,2.6979287811043,2.60129346547328,2.52820490402435,4.29371739234759
QR_motioncap_brushless_Light_bot_NoWind_test5,bot,5,1,10,0.15,attitude_run_centered,173,2571,3.28576292610296,2.99804640538679,2.69609507598276,2.60129346547328,2.52820490402435,4.29371739234759
QR_motioncap_brushless_Light_bot_NoWind_test5,bot,5,1,10,0.2,original_static,173,2571,3.33012225956681,3.009380754833,2.87890804125617,2.59466995151708,2.52068029428308,4.29465820106504
QR_motioncap_brushless_Light_bot_NoWind_test5,bot,5,1,10,0.2,attitude_absolute,173,2571,3.43642549824221,3.16987270547744,2.97604815968559,2.59466995151708,2.52068029428308,4.29465820106504
QR_motioncap_brushless_Light_bot_NoWind_test5,bot,5,1,10,0.2,attitude_run_centered,173,2571,3.43997656883639,3.16986460493128,2.97463549992627,2.59466995151708,2.52068029428308,4.29465820106504
QR_motioncap_brushless_Light_bot_NoWind_test5,bot,5,2,11,-0.2,original_static,171,2507,3.89008073555917,3.42286572121886,3.18034764494192,3.15172991383026,2.98091723537553,4.78211056732432
QR_motioncap_brushless_Light_bot_NoWind_test5,bot,5,2,11,-0.2,attitude_absolute,171,2507,3.79968374637082,3.10433666068347,2.92250514308179,3.15172991383026,2.98091723537553,4.78211056732432
QR_motioncap_brushless_Light_bot_NoWind_test5,bot,5,2,11,-0.2,attitude_run_centered,171,2507,3.798294318983,3.10405442041752,2.91600429426816,3.15172991383026,2.98091723537553,4.78211056732432
QR_motioncap_brushless_Light_bot_NoWind_test5,bot,5,2,11,-0.15,original_static,171,2507,3.89008073555917,3.42286572121886,3.02672639980541,3.13739858239724,2.96732835542103,4.78769592094421
QR_motioncap_brushless_Light_bot_NoWind_test5,bot,5,2,11,-0.15,attitude_absolute,171,2507,3.79295443578976,3.09836334323818,2.74648176638928,3.13739858239724,2.96732835542103,4.78769592094421
QR_motioncap_brushless_Light_bot_NoWind_test5,bot,5,2,11,-0.15,attitude_run_centered,171,2507,3.79165358355643,3.09806061777609,2.73968839828503,3.13739858239724,2.96732835542103,4.78769592094421
QR_motioncap_brushless_Light_bot_NoWind_test5,bot,5,2,11,-0.1,original_static,171,2506,3.89008073555917,3.42286572121886,2.93917955033916,3.15280805688642,2.9846524195272,4.79451658167147
QR_motioncap_brushless_Light_bot_NoWind_test5,bot,5,2,11,-0.1,attitude_absolute,171,2506,3.79996594033892,3.10908976397235,2.6604574804614,3.15280805688642,2.9846524195272,4.79451658167147
QR_motioncap_brushless_Light_bot_NoWind_test5,bot,5,2,11,-0.1,attitude_run_centered,171,2506,3.79878188817474,3.10878494183572,2.65358204417451,3.15280805688642,2.9846524195272,4.79451658167147
QR_motioncap_brushless_Light_bot_NoWind_test5,bot,5,2,11,-0.05,original_static,171,2507,3.89008073555917,3.42286572121886,2.90579161511704,3.13801119460286,2.96842638258098,4.79989756462789
QR_motioncap_brushless_Light_bot_NoWind_test5,bot,5,2,11,-0.05,attitude_absolute,171,2507,3.80839678919088,3.12214425425583,2.63250606271248,3.13801119460286,2.96842638258098,4.79989756462789
QR_motioncap_brushless_Light_bot_NoWind_test5,bot,5,2,11,-0.05,attitude_run_centered,171,2507,3.80727600454286,3.12184397763978,2.62559233733047,3.13801119460286,2.96842638258098,4.79989756462789
QR_motioncap_brushless_Light_bot_NoWind_test5,bot,5,2,11,0,original_static,171,2507,3.89008073555917,3.42286572121886,2.86731125128254,3.12947002969997,2.96110061890248,4.8060685005249
QR_motioncap_brushless_Light_bot_NoWind_test5,bot,5,2,11,0,attitude_absolute,171,2507,3.82864843797804,3.1516411621922,2.62274987806054,3.12947002969997,2.96110061890248,4.8060685005249
QR_motioncap_brushless_Light_bot_NoWind_test5,bot,5,2,11,0,attitude_run_centered,171,2507,3.82761514680357,3.15136185042497,2.61599132600702,3.12947002969997,2.96110061890248,4.8060685005249
QR_motioncap_brushless_Light_bot_NoWind_test5,bot,5,2,11,0.05,original_static,171,2507,3.89008073555917,3.42286572121886,2.91179018722935,3.14784412711853,2.98159548090283,4.81135689079184
QR_motioncap_brushless_Light_bot_NoWind_test5,bot,5,2,11,0.05,attitude_absolute,171,2507,3.86542414913591,3.19595933599142,2.72354123095957,3.14784412711853,2.98159548090283,4.81135689079184
QR_motioncap_brushless_Light_bot_NoWind_test5,bot,5,2,11,0.05,attitude_run_centered,171,2507,3.86451822230895,3.19572044561203,2.7172112173768,3.14784412711853,2.98159548090283,4.81135689079184
QR_motioncap_brushless_Light_bot_NoWind_test5,bot,5,2,11,0.1,original_static,171,2507,3.89008073555917,3.42286572121886,2.9999242733593,3.13407568966202,2.96634976791534,4.81520176847911
QR_motioncap_brushless_Light_bot_NoWind_test5,bot,5,2,11,0.1,attitude_absolute,171,2507,3.9155807666201,3.25688791685733,2.88628484123005,3.13407568966202,2.96634976791534,4.81520176847911
QR_motioncap_brushless_Light_bot_NoWind_test5,bot,5,2,11,0.1,attitude_run_centered,171,2507,3.91473815348355,3.25669280425351,2.88035871530699,3.13407568966202,2.96634976791534,4.81520176847911
QR_motioncap_brushless_Light_bot_NoWind_test5,bot,5,2,11,0.15,original_static,171,2506,3.89008073555917,3.42286572121886,3.11097591539537,3.12608679180961,2.95765055560612,4.81841557379373
QR_motioncap_brushless_Light_bot_NoWind_test5,bot,5,2,11,0.15,attitude_absolute,171,2506,3.97641371286235,3.33478781312276,3.09142301103511,3.12608679180961,2.95765055560612,4.81841557379373
QR_motioncap_brushless_Light_bot_NoWind_test5,bot,5,2,11,0.15,attitude_run_centered,171,2506,3.97561485553036,3.33463915677066,3.08591116776161,3.12608679180961,2.95765055560612,4.81841557379373
QR_motioncap_brushless_Light_bot_NoWind_test5,bot,5,2,11,0.2,original_static,171,2507,3.89008073555917,3.42286572121886,3.24470142717587,3.11479004284045,2.94507738216698,4.81918528707792
QR_motioncap_brushless_Light_bot_NoWind_test5,bot,5,2,11,0.2,attitude_absolute,171,2507,4.05730800194612,3.43359119369202,3.33181223851249,3.11479004284045,2.94507738216698,4.81918528707792
QR_motioncap_brushless_Light_bot_NoWind_test5,bot,5,2,11,0.2,attitude_run_centered,171,2507,4.05654419222255,3.43349068277193,3.32667447857182,3.11479004284045,2.94507738216698,4.81918528707792
QR_motioncap_brushless_Light_bot_NoWind_test5,bot,5,3,12,-0.2,original_static,170,2487,4.05579170030546,2.43427619208974,3.66498308299239,2.02196443383255,1.77234902747782,2.90896077877145
QR_motioncap_brushless_Light_bot_NoWind_test5,bot,5,3,12,-0.2,attitude_absolute,170,2487,3.70266092878713,2.34333722780087,3.26590748886435,2.02196443383255,1.77234902747782,2.90896077877145
QR_motioncap_brushless_Light_bot_NoWind_test5,bot,5,3,12,-0.2,attitude_run_centered,170,2487,3.69464772224664,2.34314559465045,3.25136966047192,2.02196443383255,1.77234902747782,2.90896077877145
QR_motioncap_brushless_Light_bot_NoWind_test5,bot,5,3,12,-0.15,original_static,170,2487,4.05579170030546,2.43427619208974,3.61608828125282,2.01893649302229,1.76906384486279,2.90978451718969
QR_motioncap_brushless_Light_bot_NoWind_test5,bot,5,3,12,-0.15,attitude_absolute,170,2487,3.7127830471591,2.35609790055851,3.22091297775017,2.01893649302229,1.76906384486279,2.90978451718969
QR_motioncap_brushless_Light_bot_NoWind_test5,bot,5,3,12,-0.15,attitude_run_centered,170,2487,3.70478627733417,2.35588528123381,3.20615411784457,2.01893649302229,1.76906384486279,2.90978451718969
QR_motioncap_brushless_Light_bot_NoWind_test5,bot,5,3,12,-0.1,original_static,170,2487,4.05579170030546,2.43427619208974,3.5745316163155,2.02008244343045,1.76800761065628,2.91101708469273
QR_motioncap_brushless_Light_bot_NoWind_test5,bot,5,3,12,-0.1,attitude_absolute,170,2487,3.72660346127908,2.37322288062784,3.18797483739583,2.02008244343045,1.76800761065628,2.91101708469273
QR_motioncap_brushless_Light_bot_NoWind_test5,bot,5,3,12,-0.1,attitude_run_centered,170,2487,3.718613090221,2.37300020984057,3.17305894807586,2.02008244343045,1.76800761065628,2.91101708469273
QR_motioncap_brushless_Light_bot_NoWind_test5,bot,5,3,12,-0.05,original_static,170,2487,4.05579170030546,2.43427619208974,3.54478419905046,2.02063719498921,1.76927461901529,2.91276571704581
QR_motioncap_brushless_Light_bot_NoWind_test5,bot,5,3,12,-0.05,attitude_absolute,170,2487,3.74069914644296,2.38928211146832,3.16815784700376,2.02063719498921,1.76927461901529,2.91276571704581
QR_motioncap_brushless_Light_bot_NoWind_test5,bot,5,3,12,-0.05,attitude_run_centered,170,2487,3.73276971184865,2.38905801878032,3.15333906619191,2.02063719498921,1.76927461901529,2.91276571704581
QR_motioncap_brushless_Light_bot_NoWind_test5,bot,5,3,12,0,original_static,170,2488,4.05579170030546,2.43427619208974,3.53095661995597,2.02260738859984,1.77107372485107,2.91467617564733
QR_motioncap_brushless_Light_bot_NoWind_test5,bot,5,3,12,0,attitude_absolute,170,2488,3.7518196280817,2.3984818183759,3.16357686187214,2.02260738859984,1.77107372485107,2.91467617564733
QR_motioncap_brushless_Light_bot_NoWind_test5,bot,5,3,12,0,attitude_run_centered,170,2488,3.74394195784922,2.39825806317413,3.1487940537543,2.02260738859984,1.77107372485107,2.91467617564733
QR_motioncap_brushless_Light_bot_NoWind_test5,bot,5,3,12,0.05,original_static,170,2487,4.05579170030546,2.43427619208974,3.52407915340224,2.02287393544343,1.76845790457053,2.91739293505831
QR_motioncap_brushless_Light_bot_NoWind_test5,bot,5,3,12,0.05,attitude_absolute,170,2487,3.75900065167881,2.40786647601568,3.1641405002565,2.02287393544343,1.76845790457053,2.91739293505831
QR_motioncap_brushless_Light_bot_NoWind_test5,bot,5,3,12,0.05,attitude_run_centered,170,2487,3.75110358062867,2.40765039770519,3.14936037901764,2.02287393544343,1.76845790457053,2.91739293505831
QR_motioncap_brushless_Light_bot_NoWind_test5,bot,5,3,12,0.1,original_static,170,2487,4.05579170030546,2.43427619208974,3.52907771952465,2.02435606205426,1.77139673196321,2.91917825491348
QR_motioncap_brushless_Light_bot_NoWind_test5,bot,5,3,12,0.1,attitude_absolute,170,2487,3.77145901577929,2.42038766563905,3.18191669934951,2.02435606205426,1.77139673196321,2.91917825491348
QR_motioncap_brushless_Light_bot_NoWind_test5,bot,5,3,12,0.1,attitude_run_centered,170,2487,3.76362159767552,2.42019093690411,3.16743992568466,2.02435606205426,1.77139673196321,2.91917825491348
QR_motioncap_brushless_Light_bot_NoWind_test5,bot,5,3,12,0.15,original_static,170,2486,4.05579170030546,2.43427619208974,3.55081546577261,2.02706119878972,1.7748437572626,2.92072476753366
QR_motioncap_brushless_Light_bot_NoWind_test5,bot,5,3,12,0.15,attitude_absolute,170,2486,3.78175001652558,2.43252874528148,3.21972851643873,2.02706119878972,1.7748437572626,2.92072476753366
QR_motioncap_brushless_Light_bot_NoWind_test5,bot,5,3,12,0.15,attitude_run_centered,170,2486,3.7739242805924,2.43235011557157,3.20546539922811,2.02706119878972,1.7748437572626,2.92072476753366
QR_motioncap_brushless_Light_bot_NoWind_test5,bot,5,3,12,0.2,original_static,170,2487,4.05579170030546,2.43427619208974,3.57415930370733,2.03104354860517,1.77853327222526,2.92149709020131
QR_motioncap_brushless_Light_bot_NoWind_test5,bot,5,3,12,0.2,attitude_absolute,170,2487,3.79137661443697,2.4465131092641,3.25979722112371,2.03104354860517,1.77853327222526,2.92149709020131
QR_motioncap_brushless_Light_bot_NoWind_test5,bot,5,3,12,0.2,attitude_run_centered,170,2487,3.78352413279618,2.44635564365859,3.24574258296351,2.03104354860517,1.77853327222526,2.92149709020131
QR_motioncap_brushless_Light_bot_NoWind_test5,bot,5,4,13,-0.2,original_static,163,2402,4.17489643697895,3.09243766432946,3.98677606120106,3.19912407503556,3.04976917891581,4.11387739357601
QR_motioncap_brushless_Light_bot_NoWind_test5,bot,5,4,13,-0.2,attitude_absolute,163,2402,4.12995141327088,3.07341971159971,3.84051042557521,3.19912407503556,3.04976917891581,4.11387739357601
QR_motioncap_brushless_Light_bot_NoWind_test5,bot,5,4,13,-0.2,attitude_run_centered,163,2402,4.11393753915539,3.07308640822421,3.81698867880158,3.19912407503556,3.04976917891581,4.11387739357601
QR_motioncap_brushless_Light_bot_NoWind_test5,bot,5,4,13,-0.15,original_static,163,2401,4.17489643697895,3.09243766432946,3.88101911452509,3.18573137431984,3.03448287575483,4.1037755843352
QR_motioncap_brushless_Light_bot_NoWind_test5,bot,5,4,13,-0.15,attitude_absolute,163,2401,4.14558155827188,3.10056256699308,3.74990436748291,3.18573137431984,3.03448287575483,4.1037755843352
QR_motioncap_brushless_Light_bot_NoWind_test5,bot,5,4,13,-0.15,attitude_run_centered,163,2401,4.12973555149658,3.10021208509388,3.72583895965503,3.18573137431984,3.03448287575483,4.1037755843352
QR_motioncap_brushless_Light_bot_NoWind_test5,bot,5,4,13,-0.1,original_static,163,2402,4.17489643697895,3.09243766432946,3.79908921617671,3.18742113387853,3.03484404096129,4.09606208811035
QR_motioncap_brushless_Light_bot_NoWind_test5,bot,5,4,13,-0.1,attitude_absolute,163,2402,4.16767247893475,3.13656743194926,3.68596145692233,3.18742113387853,3.03484404096129,4.09606208811035
QR_motioncap_brushless_Light_bot_NoWind_test5,bot,5,4,13,-0.1,attitude_run_centered,163,2402,4.15197016485656,3.13620841717341,3.66153776031892,3.18742113387853,3.03484404096129,4.09606208811035
QR_motioncap_brushless_Light_bot_NoWind_test5,bot,5,4,13,-0.05,original_static,163,2401,4.17489643697895,3.09243766432946,3.75954553866768,3.18540756063021,3.03193298580133,4.08837349706912
QR_motioncap_brushless_Light_bot_NoWind_test5,bot,5,4,13,-0.05,attitude_absolute,163,2401,4.18840918165557,3.17072903842666,3.66867657811696,3.18540756063021,3.03193298580133,4.08837349706912
QR_motioncap_brushless_Light_bot_NoWind_test5,bot,5,4,13,-0.05,attitude_run_centered,163,2401,4.17277276619865,3.17038283423655,3.64406749285602,3.18540756063021,3.03193298580133,4.08837349706912
QR_motioncap_brushless_Light_bot_NoWind_test5,bot,5,4,13,0,original_static,163,2401,4.17489643697895,3.09243766432946,3.74715741707839,3.17945550707418,3.02389598032813,4.08031414944753
QR_motioncap_brushless_Light_bot_NoWind_test5,bot,5,4,13,0,attitude_absolute,163,2401,4.20743433954213,3.20077405119193,3.68319865432008,3.17945550707418,3.02389598032813,4.08031414944753
QR_motioncap_brushless_Light_bot_NoWind_test5,bot,5,4,13,0,attitude_run_centered,163,2401,4.1919978323107,3.20043874682017,3.65879799816501,3.17945550707418,3.02389598032813,4.08031414944753
QR_motioncap_brushless_Light_bot_NoWind_test5,bot,5,4,13,0.05,original_static,163,2402,4.17489643697895,3.09243766432946,3.7656530487538,3.17964826653396,3.02205889137045,4.07257597822128
QR_motioncap_brushless_Light_bot_NoWind_test5,bot,5,4,13,0.05,attitude_absolute,163,2402,4.22824957751512,3.23474996013199,3.72709504735013,3.17964826653396,3.02205889137045,4.07257597822128
QR_motioncap_brushless_Light_bot_NoWind_test5,bot,5,4,13,0.05,attitude_run_centered,163,2402,4.21292491122257,3.23444085941631,3.70305411195159,3.17964826653396,3.02205889137045,4.07257597822128
QR_motioncap_brushless_Light_bot_NoWind_test5,bot,5,4,13,0.1,original_static,163,2400,4.17489643697895,3.09243766432946,3.82779061574911,3.18449475309669,3.02605402509368,4.06654040310989
QR_motioncap_brushless_Light_bot_NoWind_test5,bot,5,4,13,0.1,attitude_absolute,163,2400,4.25027317528571,3.27052781829446,3.81623058354652,3.18449475309669,3.02605402509368,4.06654040310989
QR_motioncap_brushless_Light_bot_NoWind_test5,bot,5,4,13,0.1,attitude_run_centered,163,2400,4.23507861506008,3.27026874942504,3.79281833861241,3.18449475309669,3.02605402509368,4.06654040310989
QR_motioncap_brushless_Light_bot_NoWind_test5,bot,5,4,13,0.15,original_static,163,2401,4.17489643697895,3.09243766432946,3.91405663952016,3.18032328227119,3.02000053514056,4.06301057388442
QR_motioncap_brushless_Light_bot_NoWind_test5,bot,5,4,13,0.15,attitude_absolute,163,2401,4.27241294627885,3.30170588953589,3.93033067693112,3.18032328227119,3.02000053514056,4.06301057388442
QR_motioncap_brushless_Light_bot_NoWind_test5,bot,5,4,13,0.15,attitude_run_centered,163,2401,4.2574265543393,3.30148850446971,3.90774565667563,3.18032328227119,3.02000053514056,4.06301057388442
QR_motioncap_brushless_Light_bot_NoWind_test5,bot,5,4,13,0.2,original_static,163,2402,4.17489643697895,3.09243766432946,4.02474060390856,3.18866882621607,3.02698071001632,4.05986747423981
QR_motioncap_brushless_Light_bot_NoWind_test5,bot,5,4,13,0.2,attitude_absolute,163,2402,4.30032634732281,3.34576187291518,4.06531310981215,3.18866882621607,3.02698071001632,4.05986747423981
QR_motioncap_brushless_Light_bot_NoWind_test5,bot,5,4,13,0.2,attitude_run_centered,163,2402,4.28549457940908,3.3455935004646,4.0436434231832,3.18866882621607,3.02698071001632,4.05986747423981
QR_motioncap_brushless_Light_bot_NoWind_test5,bot,5,5,14,-0.2,original_static,177,2592,3.51940325241028,2.63683815714543,3.05803927948634,1.99478261530851,1.76952767018416,3.79514586230834
QR_motioncap_brushless_Light_bot_NoWind_test5,bot,5,5,14,-0.2,attitude_absolute,177,2592,3.2839464978123,1.84111226725819,3.01678914643109,1.99478261530851,1.76952767018416,3.79514586230834
QR_motioncap_brushless_Light_bot_NoWind_test5,bot,5,5,14,-0.2,attitude_run_centered,177,2592,3.2679036660847,1.84124680305539,2.99321016175722,1.99478261530851,1.76952767018416,3.79514586230834
QR_motioncap_brushless_Light_bot_NoWind_test5,bot,5,5,14,-0.15,original_static,177,2592,3.51940325241028,2.63683815714543,3.00387064673313,1.99422785802521,1.76914827253224,3.80125612622699
QR_motioncap_brushless_Light_bot_NoWind_test5,bot,5,5,14,-0.15,attitude_absolute,177,2592,3.3003017619105,1.8479172115778,2.97536659369829,1.99422785802521,1.76914827253224,3.80125612622699
QR_motioncap_brushless_Light_bot_NoWind_test5,bot,5,5,14,-0.15,attitude_run_centered,177,2592,3.28421815785781,1.84803545486069,2.9513254751154,1.99422785802521,1.76914827253224,3.80125612622699
QR_motioncap_brushless_Light_bot_NoWind_test5,bot,5,5,14,-0.1,original_static,177,2592,3.51940325241028,2.63683815714543,2.9584391237594,1.9959649202335,1.77147855652714,3.80679973047746
QR_motioncap_brushless_Light_bot_NoWind_test5,bot,5,5,14,-0.1,attitude_absolute,177,2592,3.32406711629684,1.8721115796879,2.95484857777177,1.9959649202335,1.77147855652714,3.80679973047746
QR_motioncap_brushless_Light_bot_NoWind_test5,bot,5,5,14,-0.1,attitude_run_centered,177,2592,3.30795672208045,1.87220728574744,2.93048782302041,1.9959649202335,1.77147855652714,3.80679973047746
QR_motioncap_brushless_Light_bot_NoWind_test5,bot,5,5,14,-0.05,original_static,177,2593,3.51940325241028,2.63683815714543,2.92205696626458,1.99758368042616,1.77336727344521,3.81052524826761
QR_motioncap_brushless_Light_bot_NoWind_test5,bot,5,5,14,-0.05,attitude_absolute,177,2593,3.35881440881982,1.91184171359792,2.95753383226527,1.99758368042616,1.77336727344521,3.81052524826761
QR_motioncap_brushless_Light_bot_NoWind_test5,bot,5,5,14,-0.05,attitude_run_centered,177,2593,3.34275249695189,1.91191272980579,2.93306548659619,1.99758368042616,1.77336727344521,3.81052524826761
QR_motioncap_brushless_Light_bot_NoWind_test5,bot,5,5,14,0,original_static,177,2594,3.51940325241028,2.63683815714543,2.89694694143069,1.99768124826281,1.77360782767152,3.8131122744933
QR_motioncap_brushless_Light_bot_NoWind_test5,bot,5,5,14,0,attitude_absolute,177,2594,3.39790671132813,1.96538887494938,2.97843957450044,1.99768124826281,1.77360782767152,3.8131122744933
QR_motioncap_brushless_Light_bot_NoWind_test5,bot,5,5,14,0,attitude_run_centered,177,2594,3.38192146508047,1.96544906094792,2.95403830367878,1.99768124826281,1.77360782767152,3.8131122744933
QR_motioncap_brushless_Light_bot_NoWind_test5,bot,5,5,14,0.05,original_static,177,2593,3.51940325241028,2.63683815714543,2.88608328254081,1.99730451164729,1.7736226319988,3.81496441662008
QR_motioncap_brushless_Light_bot_NoWind_test5,bot,5,5,14,0.05,attitude_absolute,177,2593,3.44395051604805,2.02979030983676,3.02466752555691,1.99730451164729,1.7736226319988,3.81496441662008
QR_motioncap_brushless_Light_bot_NoWind_test5,bot,5,5,14,0.05,attitude_run_centered,177,2593,3.4280395432224,2.02984019729851,3.00048762555841,1.99730451164729,1.7736226319988,3.81496441662008
QR_motioncap_brushless_Light_bot_NoWind_test5,bot,5,5,14,0.1,original_static,177,2593,3.51940325241028,2.63683815714543,2.88673429397239,1.99971910827946,1.77642168593008,3.81727976859456
QR_motioncap_brushless_Light_bot_NoWind_test5,bot,5,5,14,0.1,attitude_absolute,177,2593,3.49887034642044,2.10875291410593,3.08814337459355,1.99971910827946,1.77642168593008,3.81727976859456
QR_motioncap_brushless_Light_bot_NoWind_test5,bot,5,5,14,0.1,attitude_run_centered,177,2593,3.48314398471524,2.10877880230872,3.0644150618296,1.99971910827946,1.77642168593008,3.81727976859456
QR_motioncap_brushless_Light_bot_NoWind_test5,bot,5,5,14,0.15,original_static,177,2592,3.51940325241028,2.63683815714543,2.90006049609999,1.99937649440973,1.77599904114604,3.82107661523251
QR_motioncap_brushless_Light_bot_NoWind_test5,bot,5,5,14,0.15,attitude_absolute,177,2592,3.55641595767447,2.19414836662705,3.16534685712121,1.99937649440973,1.77599904114604,3.82107661523251
QR_motioncap_brushless_Light_bot_NoWind_test5,bot,5,5,14,0.15,attitude_run_centered,177,2592,3.54084432519991,2.19416151515898,3.14210670225773,1.99937649440973,1.77599904114604,3.82107661523251
QR_motioncap_brushless_Light_bot_NoWind_test5,bot,5,5,14,0.2,original_static,177,2593,3.51940325241028,2.63683815714543,2.92536510989103,2.00194225294271,1.77906225825384,3.8235680802065
QR_motioncap_brushless_Light_bot_NoWind_test5,bot,5,5,14,0.2,attitude_absolute,177,2593,3.61838436946582,2.28320089419411,3.25963334046007,2.00194225294271,1.77906225825384,3.8235680802065
QR_motioncap_brushless_Light_bot_NoWind_test5,bot,5,5,14,0.2,attitude_run_centered,177,2593,3.60297778656994,2.28320729107868,3.23696551549804,2.00194225294271,1.77906225825384,3.8235680802065
QR_motioncap_brushless_Light_mid_NoWind_test1,mid,1,1,6,-0.2,original_static,183,2683,4.6601655872947,4.24554077854939,3.71542617885297,3.0377894404641,2.84516515543706,4.74062063633923
QR_motioncap_brushless_Light_mid_NoWind_test1,mid,1,1,6,-0.2,attitude_absolute,183,2683,3.96327754896143,3.46596949344097,3.23739655199177,3.0377894404641,2.84516515543706,4.74062063633923
QR_motioncap_brushless_Light_mid_NoWind_test1,mid,1,1,6,-0.2,attitude_run_centered,183,2683,3.92961094415108,3.46588201311904,3.23828596572898,3.0377894404641,2.84516515543706,4.74062063633923
QR_motioncap_brushless_Light_mid_NoWind_test1,mid,1,1,6,-0.15,original_static,183,2682,4.6601655872947,4.24554077854939,3.66899619067463,3.02727252873361,2.8382374365027,4.74138536848147
QR_motioncap_brushless_Light_mid_NoWind_test1,mid,1,1,6,-0.15,attitude_absolute,183,2682,3.94844996109586,3.44568150773597,3.16938970364158,3.02727252873361,2.8382374365027,4.74138536848147
QR_motioncap_brushless_Light_mid_NoWind_test1,mid,1,1,6,-0.15,attitude_run_centered,183,2682,3.91526767783946,3.44567775433245,3.1711299250055,3.02727252873361,2.8382374365027,4.74138536848147
QR_motioncap_brushless_Light_mid_NoWind_test1,mid,1,1,6,-0.1,original_static,183,2683,4.6601655872947,4.24554077854939,3.63444758381039,3.01694816280165,2.83085556847559,4.74052240279372
QR_motioncap_brushless_Light_mid_NoWind_test1,mid,1,1,6,-0.1,attitude_absolute,183,2683,3.93579785165672,3.44024424476858,3.13351066793117,3.01694816280165,2.83085556847559,4.74052240279372
QR_motioncap_brushless_Light_mid_NoWind_test1,mid,1,1,6,-0.1,attitude_run_centered,183,2683,3.90322411489481,3.44031027056847,3.13622292806506,3.01694816280165,2.83085556847559,4.74052240279372
QR_motioncap_brushless_Light_mid_NoWind_test1,mid,1,1,6,-0.05,original_static,183,2683,4.6601655872947,4.24554077854939,3.61782225074767,3.00789391789921,2.82505567521749,4.74032325316754
QR_motioncap_brushless_Light_mid_NoWind_test1,mid,1,1,6,-0.05,attitude_absolute,183,2683,3.9555413877232,3.46166346052604,3.14321479822086,3.00789391789921,2.82505567521749,4.74032325316754
QR_motioncap_brushless_Light_mid_NoWind_test1,mid,1,1,6,-0.05,attitude_run_centered,183,2683,3.9235089913621,3.46182339493118,3.14645569999506,3.00789391789921,2.82505567521749,4.74032325316754
QR_motioncap_brushless_Light_mid_NoWind_test1,mid,1,1,6,0,original_static,183,2683,4.6601655872947,4.24554077854939,3.61861977677034,2.99906490677711,2.819294124036,4.74003248780206
QR_motioncap_brushless_Light_mid_NoWind_test1,mid,1,1,6,0,attitude_absolute,183,2683,3.98860502402588,3.49512279826018,3.18891920385243,2.99906490677711,2.819294124036,4.74003248780206
QR_motioncap_brushless_Light_mid_NoWind_test1,mid,1,1,6,0,attitude_run_centered,183,2683,3.95698566738072,3.49526881255037,3.19241023811098,2.99906490677711,2.819294124036,4.74003248780206
QR_motioncap_brushless_Light_mid_NoWind_test1,mid,1,1,6,0.05,original_static,183,2683,4.6601655872947,4.24554077854939,3.6352347887979,2.99278062745232,2.8163610987425,4.73965416755134
QR_motioncap_brushless_Light_mid_NoWind_test1,mid,1,1,6,0.05,attitude_absolute,183,2683,4.02301384500676,3.54009717372314,3.2588079254126,2.99278062745232,2.8163610987425,4.73965416755134
QR_motioncap_brushless_Light_mid_NoWind_test1,mid,1,1,6,0.05,attitude_run_centered,183,2683,3.99196580731828,3.54023281708315,3.26259342904951,2.99278062745232,2.8163610987425,4.73965416755134
QR_motioncap_brushless_Light_mid_NoWind_test1,mid,1,1,6,0.1,original_static,183,2682,4.6601655872947,4.24554077854939,3.66949122313483,2.9864701450015,2.81329368974854,4.74016778268834
QR_motioncap_brushless_Light_mid_NoWind_test1,mid,1,1,6,0.1,attitude_absolute,183,2682,4.08918152222161,3.61254733715951,3.37513253227258,2.9864701450015,2.81329368974854,4.74016778268834
QR_motioncap_brushless_Light_mid_NoWind_test1,mid,1,1,6,0.1,attitude_run_centered,183,2682,4.05878579925251,3.61270348648437,3.37903419758584,2.9864701450015,2.81329368974854,4.74016778268834
QR_motioncap_brushless_Light_mid_NoWind_test1,mid,1,1,6,0.15,original_static,183,2683,4.6601655872947,4.24554077854939,3.71569831271715,2.9827840030309,2.81331748570214,4.7395283454413
QR_motioncap_brushless_Light_mid_NoWind_test1,mid,1,1,6,0.15,attitude_absolute,183,2683,4.16563263641493,3.69791961913566,3.52494874912641,2.9827840030309,2.81331748570214,4.7395283454413
QR_motioncap_brushless_Light_mid_NoWind_test1,mid,1,1,6,0.15,attitude_run_centered,183,2683,4.13598798001932,3.69806699321525,3.52895857679489,2.9827840030309,2.81331748570214,4.7395283454413
QR_motioncap_brushless_Light_mid_NoWind_test1,mid,1,1,6,0.2,original_static,183,2683,4.6601655872947,4.24554077854939,3.76867983828219,2.9776150622306,2.81173160210647,4.74000075654566
QR_motioncap_brushless_Light_mid_NoWind_test1,mid,1,1,6,0.2,attitude_absolute,183,2683,4.24444756271026,3.79550366106793,3.68564909629941,2.9776150622306,2.81173160210647,4.74000075654566
QR_motioncap_brushless_Light_mid_NoWind_test1,mid,1,1,6,0.2,attitude_run_centered,183,2683,4.21551413397773,3.7956643627719,3.68953876239098,2.9776150622306,2.81173160210647,4.74000075654566
QR_motioncap_brushless_Light_mid_NoWind_test1,mid,1,2,7,-0.2,original_static,156,2547,3.56052250556976,2.98871076331925,3.474071171483,1.8709422652791,1.83522112664101,3.36009224587832
QR_motioncap_brushless_Light_mid_NoWind_test1,mid,1,2,7,-0.2,attitude_absolute,156,2547,3.23193174944002,2.54438378122281,3.25931179984902,1.8709422652791,1.83522112664101,3.36009224587832
QR_motioncap_brushless_Light_mid_NoWind_test1,mid,1,2,7,-0.2,attitude_run_centered,156,2547,3.19239304759666,2.54463154216282,3.23654273761375,1.8709422652791,1.83522112664101,3.36009224587832
QR_motioncap_brushless_Light_mid_NoWind_test1,mid,1,2,7,-0.15,original_static,156,2547,3.56052250556976,2.98871076331925,3.45077923431183,1.86708944538124,1.83111129909943,3.3571324595948
QR_motioncap_brushless_Light_mid_NoWind_test1,mid,1,2,7,-0.15,attitude_absolute,156,2547,3.21920793955905,2.53203775764661,3.22752394633404,1.86708944538124,1.83111129909943,3.3571324595948
QR_motioncap_brushless_Light_mid_NoWind_test1,mid,1,2,7,-0.15,attitude_run_centered,156,2547,3.1806665866824,2.53229213086736,3.20629446133631,1.86708944538124,1.83111129909943,3.3571324595948
QR_motioncap_brushless_Light_mid_NoWind_test1,mid,1,2,7,-0.1,original_static,156,2547,3.56052250556976,2.98871076331925,3.43065518909635,1.86404168539047,1.82763217551216,3.35347540688177
QR_motioncap_brushless_Light_mid_NoWind_test1,mid,1,2,7,-0.1,attitude_absolute,156,2547,3.21324705779561,2.52740293285062,3.20120082915569,1.86404168539047,1.82763217551216,3.35347540688177
QR_motioncap_brushless_Light_mid_NoWind_test1,mid,1,2,7,-0.1,attitude_run_centered,156,2547,3.17558217802461,2.5276666987855,3.1813529444599,1.86404168539047,1.82763217551216,3.35347540688177
QR_motioncap_brushless_Light_mid_NoWind_test1,mid,1,2,7,-0.05,original_static,156,2547,3.56052250556976,2.98871076331925,3.41878259809677,1.86154077629761,1.82476715894014,3.34895141359058
QR_motioncap_brushless_Light_mid_NoWind_test1,mid,1,2,7,-0.05,attitude_absolute,156,2547,3.21059564808563,2.52555985910999,3.19147579735001,1.86154077629761,1.82476715894014,3.34895141359058
QR_motioncap_brushless_Light_mid_NoWind_test1,mid,1,2,7,-0.05,attitude_run_centered,156,2547,3.17377084142089,2.52580909575702,3.17307661697579,1.86154077629761,1.82476715894014,3.34895141359058
QR_motioncap_brushless_Light_mid_NoWind_test1,mid,1,2,7,0,original_static,156,2547,3.56052250556976,2.98871076331925,3.41402312782009,1.85891262428245,1.82164235455151,3.34345314186203
QR_motioncap_brushless_Light_mid_NoWind_test1,mid,1,2,7,0,attitude_absolute,156,2547,3.21840957714821,2.53733018145799,3.19386277461339,1.85891262428245,1.82164235455151,3.34345314186203
QR_motioncap_brushless_Light_mid_NoWind_test1,mid,1,2,7,0,attitude_run_centered,156,2547,3.18255214484745,2.53753411298581,3.17698402027707,1.85891262428245,1.82164235455151,3.34345314186203
QR_motioncap_brushless_Light_mid_NoWind_test1,mid,1,2,7,0.05,original_static,156,2547,3.56052250556976,2.98871076331925,3.41524316346886,1.8588953521574,1.82144680990755,3.33678616553136
QR_motioncap_brushless_Light_mid_NoWind_test1,mid,1,2,7,0.05,attitude_absolute,156,2547,3.23177938080521,2.55469650883935,3.20535779263618,1.8588953521574,1.82144680990755,3.33678616553136
QR_motioncap_brushless_Light_mid_NoWind_test1,mid,1,2,7,0.05,attitude_run_centered,156,2547,3.19678053619274,2.55487962195251,3.18985243767571,1.8588953521574,1.82144680990755,3.33678616553136
QR_motioncap_brushless_Light_mid_NoWind_test1,mid,1,2,7,0.1,original_static,156,2547,3.56052250556976,2.98871076331925,3.42478777334846,1.85567646530158,1.81828474717669,3.32865679629915
QR_motioncap_brushless_Light_mid_NoWind_test1,mid,1,2,7,0.1,attitude_absolute,156,2547,3.25153496093775,2.57844063164954,3.23295473072286,1.85567646530158,1.81828474717669,3.32865679629915
QR_motioncap_brushless_Light_mid_NoWind_test1,mid,1,2,7,0.1,attitude_run_centered,156,2547,3.2169515430406,2.57860427171542,3.21812058368739,1.85567646530158,1.81828474717669,3.32865679629915
QR_motioncap_brushless_Light_mid_NoWind_test1,mid,1,2,7,0.15,original_static,156,2547,3.56052250556976,2.98871076331925,3.44066913392025,1.85563703763496,1.81831429357128,3.31895389673102
QR_motioncap_brushless_Light_mid_NoWind_test1,mid,1,2,7,0.15,attitude_absolute,156,2547,3.2756834124215,2.61002506727556,3.26748545898716,1.85563703763496,1.81831429357128,3.31895389673102
QR_motioncap_brushless_Light_mid_NoWind_test1,mid,1,2,7,0.15,attitude_run_centered,156,2547,3.24203923301558,2.61018319060656,3.25396868968697,1.85563703763496,1.81831429357128,3.31895389673102
QR_motioncap_brushless_Light_mid_NoWind_test1,mid,1,2,7,0.2,original_static,156,2547,3.56052250556976,2.98871076331925,3.46049482222655,1.85277450133079,1.81555585555419,3.30755140911261
QR_motioncap_brushless_Light_mid_NoWind_test1,mid,1,2,7,0.2,attitude_absolute,156,2547,3.30598773589328,2.64795868177866,3.31104248200029,1.85277450133079,1.81555585555419,3.30755140911261
QR_motioncap_brushless_Light_mid_NoWind_test1,mid,1,2,7,0.2,attitude_run_centered,156,2547,3.27301788959359,2.64813568127624,3.29846707058774,1.85277450133079,1.81555585555419,3.30755140911261
QR_motioncap_brushless_Light_mid_NoWind_test1,mid,1,3,8,-0.2,original_static,175,2621,4.41546610141815,4.34889959962887,3.81250132954411,3.22122183307901,3.16764701482794,7.20885497147477
QR_motioncap_brushless_Light_mid_NoWind_test1,mid,1,3,8,-0.2,attitude_absolute,175,2621,4.00471932084416,3.87914718776621,2.69139305429384,3.22122183307901,3.16764701482794,7.20885497147477
QR_motioncap_brushless_Light_mid_NoWind_test1,mid,1,3,8,-0.2,attitude_run_centered,175,2621,3.97078811536171,3.87953708122343,2.63873683242586,3.22122183307901,3.16764701482794,7.20885497147477
QR_motioncap_brushless_Light_mid_NoWind_test1,mid,1,3,8,-0.15,original_static,175,2620,4.41546610141815,4.34889959962887,3.83770675822731,3.22316609167239,3.17061100880785,7.2108420512537
QR_motioncap_brushless_Light_mid_NoWind_test1,mid,1,3,8,-0.15,attitude_absolute,175,2620,3.87783627018105,3.74874319069256,2.54316644134829,3.22316609167239,3.17061100880785,7.2108420512537
QR_motioncap_brushless_Light_mid_NoWind_test1,mid,1,3,8,-0.15,attitude_run_centered,175,2620,3.84295965689,3.74908601386733,2.48863437725172,3.22316609167239,3.17061100880785,7.2108420512537
QR_motioncap_brushless_Light_mid_NoWind_test1,mid,1,3,8,-0.1,original_static,175,2621,4.41546610141815,4.34889959962887,3.88570963110475,3.22560851315826,3.17410568444757,7.21245724013108
QR_motioncap_brushless_Light_mid_NoWind_test1,mid,1,3,8,-0.1,attitude_absolute,175,2621,3.77364288850768,3.64248612979032,2.46315153046895,3.22560851315826,3.17410568444757,7.21245724013108
QR_motioncap_brushless_Light_mid_NoWind_test1,mid,1,3,8,-0.1,attitude_run_centered,175,2621,3.73803065594258,3.64281348433654,2.40816727803015,3.22560851315826,3.17410568444757,7.21245724013108
QR_motioncap_brushless_Light_mid_NoWind_test1,mid,1,3,8,-0.05,original_static,175,2621,4.41546610141815,4.34889959962887,3.95394697526512,3.22973959241428,3.17878492821971,7.21571430704908
QR_motioncap_brushless_Light_mid_NoWind_test1,mid,1,3,8,-0.05,attitude_absolute,175,2621,3.69374035300311,3.55869805711144,2.45265606047587,3.22973959241428,3.17878492821971,7.21571430704908
QR_motioncap_brushless_Light_mid_NoWind_test1,mid,1,3,8,-0.05,attitude_run_centered,175,2621,3.6572106702634,3.55903617470841,2.39781017856724,3.22973959241428,3.17878492821971,7.21571430704908
QR_motioncap_brushless_Light_mid_NoWind_test1,mid,1,3,8,0,original_static,175,2621,4.41546610141815,4.34889959962887,4.04165104179062,3.23541623373796,3.18481600262344,7.21923234231924
QR_motioncap_brushless_Light_mid_NoWind_test1,mid,1,3,8,0,attitude_absolute,175,2621,3.63733014024243,3.50027984666165,2.52169641434867,3.23541623373796,3.18481600262344,7.21923234231924
QR_motioncap_brushless_Light_mid_NoWind_test1,mid,1,3,8,0,attitude_run_centered,175,2621,3.5999909890744,3.50050047936524,2.46874541710396,3.23541623373796,3.18481600262344,7.21923234231924
QR_motioncap_brushless_Light_mid_NoWind_test1,mid,1,3,8,0.05,original_static,175,2621,4.41546610141815,4.34889959962887,4.1452722736903,3.2389034753757,3.18912585129653,7.22223121103913
QR_motioncap_brushless_Light_mid_NoWind_test1,mid,1,3,8,0.05,attitude_absolute,175,2621,3.61045197063225,3.47263586675155,2.64585455988393,3.2389034753757,3.18912585129653,7.22223121103913
QR_motioncap_brushless_Light_mid_NoWind_test1,mid,1,3,8,0.05,attitude_run_centered,175,2621,3.57246061085057,3.47285134800327,2.59530056105458,3.2389034753757,3.18912585129653,7.22223121103913
QR_motioncap_brushless_Light_mid_NoWind_test1,mid,1,3,8,0.1,original_static,175,2620,4.41546610141815,4.34889959962887,4.25976067090995,3.24192764921823,3.19280818179275,7.22475719052182
QR_motioncap_brushless_Light_mid_NoWind_test1,mid,1,3,8,0.1,attitude_absolute,175,2620,3.60956235759861,3.47320438843912,2.83253984031935,3.24192764921823,3.19280818179275,7.22475719052182
QR_motioncap_brushless_Light_mid_NoWind_test1,mid,1,3,8,0.1,attitude_run_centered,175,2620,3.57142684217392,3.4735087463535,2.78550654504056,3.24192764921823,3.19280818179275,7.22475719052182
QR_motioncap_brushless_Light_mid_NoWind_test1,mid,1,3,8,0.15,original_static,175,2621,4.41546610141815,4.34889959962887,4.38234605604942,3.24569780805605,3.19702387451775,7.22495463067864
QR_motioncap_brushless_Light_mid_NoWind_test1,mid,1,3,8,0.15,attitude_absolute,175,2621,3.6555754331514,3.51930720764219,3.06684224556959,3.24569780805605,3.19702387451775,7.22495463067864
QR_motioncap_brushless_Light_mid_NoWind_test1,mid,1,3,8,0.15,attitude_run_centered,175,2621,3.61679879717199,3.51960987437536,3.02217326445575,3.24569780805605,3.19702387451775,7.22495463067864
QR_motioncap_brushless_Light_mid_NoWind_test1,mid,1,3,8,0.2,original_static,175,2621,4.41546610141815,4.34889959962887,4.50831279803435,3.24410946277971,3.19655844441055,7.22523015460311
QR_motioncap_brushless_Light_mid_NoWind_test1,mid,1,3,8,0.2,attitude_absolute,175,2621,3.72175866444855,3.58703309101699,3.32568347927777,3.24410946277971,3.19655844441055,7.22523015460311
QR_motioncap_brushless_Light_mid_NoWind_test1,mid,1,3,8,0.2,attitude_run_centered,175,2621,3.68310039286892,3.58741695944995,3.28381943896268,3.24410946277971,3.19655844441055,7.22523015460311
QR_motioncap_brushless_Light_mid_NoWind_test2,mid,2,1,6,-0.2,original_static,179,2672,4.96003080798722,4.77468111669733,4.44632612461217,3.06497671931374,3.02924471094928,6.89881504777696
QR_motioncap_brushless_Light_mid_NoWind_test2,mid,2,1,6,-0.2,attitude_absolute,179,2672,4.00923933486732,3.74972662185232,3.21087826935095,3.06497671931374,3.02924471094928,6.89881504777696
QR_motioncap_brushless_Light_mid_NoWind_test2,mid,2,1,6,-0.2,attitude_run_centered,179,2672,4.01850358141386,3.74969927039436,3.21860833012212,3.06497671931374,3.02924471094928,6.89881504777696
QR_motioncap_brushless_Light_mid_NoWind_test2,mid,2,1,6,-0.15,original_static,179,2672,4.96003080798722,4.77468111669733,4.43159194326471,3.06393691391936,3.02790029939834,6.90578141463164
QR_motioncap_brushless_Light_mid_NoWind_test2,mid,2,1,6,-0.15,attitude_absolute,179,2672,3.95328652649584,3.6932964438418,3.14704042453315,3.06393691391936,3.02790029939834,6.90578141463164
QR_motioncap_brushless_Light_mid_NoWind_test2,mid,2,1,6,-0.15,attitude_run_centered,179,2672,3.96170017328312,3.69325442614776,3.15272747938136,3.06393691391936,3.02790029939834,6.90578141463164
QR_motioncap_brushless_Light_mid_NoWind_test2,mid,2,1,6,-0.1,original_static,179,2672,4.96003080798722,4.77468111669733,4.42874692165509,3.06028563636748,3.02387450399699,6.91298171937298
QR_motioncap_brushless_Light_mid_NoWind_test2,mid,2,1,6,-0.1,attitude_absolute,179,2672,3.92070141634906,3.66009073717411,3.13135777004001,3.06028563636748,3.02387450399699,6.91298171937298
QR_motioncap_brushless_Light_mid_NoWind_test2,mid,2,1,6,-0.1,attitude_run_centered,179,2672,3.92801061367903,3.66008006997811,3.1344679461313,3.06028563636748,3.02387450399699,6.91298171937298
QR_motioncap_brushless_Light_mid_NoWind_test2,mid,2,1,6,-0.05,original_static,179,2672,4.96003080798722,4.77468111669733,4.43693690828645,3.05260510858176,3.01552084538884,6.91766405682444
QR_motioncap_brushless_Light_mid_NoWind_test2,mid,2,1,6,-0.05,attitude_absolute,179,2672,3.91390517134974,3.65795657527115,3.13714007861974,3.05260510858176,3.01552084538884,6.91766405682444
QR_motioncap_brushless_Light_mid_NoWind_test2,mid,2,1,6,-0.05,attitude_run_centered,179,2672,3.92010771326235,3.6579403793561,3.13780902484321,3.05260510858176,3.01552084538884,6.91766405682444
QR_motioncap_brushless_Light_mid_NoWind_test2,mid,2,1,6,0,original_static,179,2672,4.96003080798722,4.77468111669733,4.45657141333475,3.04091717617016,3.00293429186712,6.92131464340836
QR_motioncap_brushless_Light_mid_NoWind_test2,mid,2,1,6,0,attitude_absolute,179,2672,3.92069626689565,3.67016393101751,3.18741059153431,3.04091717617016,3.00293429186712,6.92131464340836
QR_motioncap_brushless_Light_mid_NoWind_test2,mid,2,1,6,0,attitude_run_centered,179,2672,3.92585106044979,3.67014343048421,3.18585981099625,3.04091717617016,3.00293429186712,6.92131464340836
QR_motioncap_brushless_Light_mid_NoWind_test2,mid,2,1,6,0.05,original_static,179,2672,4.96003080798722,4.77468111669733,4.48399044690127,3.02914057037047,2.99008325808984,6.92639986568197
QR_motioncap_brushless_Light_mid_NoWind_test2,mid,2,1,6,0.05,attitude_absolute,179,2672,3.95581575817783,3.71024796732225,3.27417977529581,3.02914057037047,2.99008325808984,6.92639986568197
QR_motioncap_brushless_Light_mid_NoWind_test2,mid,2,1,6,0.05,attitude_run_centered,179,2672,3.95967964911189,3.71026407234543,3.27015560817815,3.02914057037047,2.99008325808984,6.92639986568197
QR_motioncap_brushless_Light_mid_NoWind_test2,mid,2,1,6,0.1,original_static,179,2671,4.96003080798722,4.77468111669733,4.52290541756075,3.01622609824774,2.97623611829347,6.93341563441004
QR_motioncap_brushless_Light_mid_NoWind_test2,mid,2,1,6,0.1,attitude_absolute,179,2671,4.02008982838028,3.78159712331643,3.39767136544888,3.01622609824774,2.97623611829347,6.93341563441004
QR_motioncap_brushless_Light_mid_NoWind_test2,mid,2,1,6,0.1,attitude_run_centered,179,2671,4.02294792624456,3.78163027369443,3.39185943031463,3.01622609824774,2.97623611829347,6.93341563441004
QR_motioncap_brushless_Light_mid_NoWind_test2,mid,2,1,6,0.15,original_static,179,2671,4.96003080798722,4.77468111669733,4.5669814667061,3.00391688558946,2.96336816262667,6.93967204545527
QR_motioncap_brushless_Light_mid_NoWind_test2,mid,2,1,6,0.15,attitude_absolute,179,2671,4.09738749817919,3.8657607829748,3.55129633294394,3.00391688558946,2.96336816262667,6.93967204545527
QR_motioncap_brushless_Light_mid_NoWind_test2,mid,2,1,6,0.15,attitude_run_centered,179,2671,4.0992880855763,3.86582236579176,3.54401049982478,3.00391688558946,2.96336816262667,6.93967204545527
QR_motioncap_brushless_Light_mid_NoWind_test2,mid,2,1,6,0.2,original_static,179,2671,4.96003080798722,4.77468111669733,4.62102657191653,2.99367395902539,2.95249551026564,6.9475020226586
QR_motioncap_brushless_Light_mid_NoWind_test2,mid,2,1,6,0.2,attitude_absolute,179,2671,4.21978997497319,3.99414731767697,3.75180599006858,2.99367395902539,2.95249551026564,6.9475020226586
QR_motioncap_brushless_Light_mid_NoWind_test2,mid,2,1,6,0.2,attitude_run_centered,179,2671,4.22073567529752,3.99425531758307,3.74327576194309,2.99367395902539,2.95249551026564,6.9475020226586
QR_motioncap_brushless_Light_mid_NoWind_test2,mid,2,2,7,-0.2,original_static,161,2622,3.69176333393116,3.24442937930386,3.30971493173137,2.0595057277521,1.96606684511939,3.88962695213635
QR_motioncap_brushless_Light_mid_NoWind_test2,mid,2,2,7,-0.2,attitude_absolute,161,2622,3.02569833307373,2.46757355322339,2.94492193084021,2.0595057277521,1.96606684511939,3.88962695213635
QR_motioncap_brushless_Light_mid_NoWind_test2,mid,2,2,7,-0.2,attitude_run_centered,161,2622,3.01272839827984,2.46716649332286,2.91707399228579,2.0595057277521,1.96606684511939,3.88962695213635
QR_motioncap_brushless_Light_mid_NoWind_test2,mid,2,2,7,-0.15,original_static,161,2622,3.69176333393116,3.24442937930386,3.29542958407775,2.04925596009604,1.95662584145514,3.88750615965039
QR_motioncap_brushless_Light_mid_NoWind_test2,mid,2,2,7,-0.15,attitude_absolute,161,2622,3.01008840878649,2.4496751226851,2.90793088256725,2.04925596009604,1.95662584145514,3.88750615965039
QR_motioncap_brushless_Light_mid_NoWind_test2,mid,2,2,7,-0.15,attitude_run_centered,161,2622,2.9972695974554,2.44927709612679,2.88000809383146,2.04925596009604,1.95662584145514,3.88750615965039
QR_motioncap_brushless_Light_mid_NoWind_test2,mid,2,2,7,-0.1,original_static,161,2622,3.69176333393116,3.24442937930386,3.2860115099542,2.039041121902,1.94754210028788,3.88473415785502
QR_motioncap_brushless_Light_mid_NoWind_test2,mid,2,2,7,-0.1,attitude_absolute,161,2622,3.00291722351419,2.4418040626586,2.88727566612292,2.039041121902,1.94754210028788,3.88473415785502
QR_motioncap_brushless_Light_mid_NoWind_test2,mid,2,2,7,-0.1,attitude_run_centered,161,2622,2.99013809991508,2.44141407059614,2.85923770162039,2.039041121902,1.94754210028788,3.88473415785502
QR_motioncap_brushless_Light_mid_NoWind_test2,mid,2,2,7,-0.05,original_static,161,2622,3.69176333393116,3.24442937930386,3.28534285908526,2.02994326741148,1.93950141864048,3.88139033401158
QR_motioncap_brushless_Light_mid_NoWind_test2,mid,2,2,7,-0.05,attitude_absolute,161,2622,3.00518926235844,2.44394508771899,2.88384837146865,2.02994326741148,1.93950141864048,3.88139033401158
QR_motioncap_brushless_Light_mid_NoWind_test2,mid,2,2,7,-0.05,attitude_run_centered,161,2622,2.99247260236704,2.44357539829218,2.85567736326014,2.02994326741148,1.93950141864048,3.88139033401158
QR_motioncap_brushless_Light_mid_NoWind_test2,mid,2,2,7,0,original_static,161,2622,3.69176333393116,3.24442937930386,3.28773467042836,2.01950346407639,1.9307122528953,3.8774659635319
QR_motioncap_brushless_Light_mid_NoWind_test2,mid,2,2,7,0,attitude_absolute,161,2622,3.01619580385,2.45795940473609,2.89345252493205,2.01950346407639,1.9307122528953,3.8774659635319
QR_motioncap_brushless_Light_mid_NoWind_test2,mid,2,2,7,0,attitude_run_centered,161,2622,3.00360600733863,2.45761691289504,2.86541029528294,2.01950346407639,1.9307122528953,3.8774659635319
QR_motioncap_brushless_Light_mid_NoWind_test2,mid,2,2,7,0.05,original_static,161,2622,3.69176333393116,3.24442937930386,3.29855176487628,2.01138722571055,1.92436864424825,3.87299041305001
QR_motioncap_brushless_Light_mid_NoWind_test2,mid,2,2,7,0.05,attitude_absolute,161,2622,3.03769567819838,2.48521162987747,2.92212730331403,2.01138722571055,1.92436864424825,3.87299041305001
QR_motioncap_brushless_Light_mid_NoWind_test2,mid,2,2,7,0.05,attitude_run_centered,161,2622,3.02527719483598,2.48490175880071,2.89433561726392,2.01138722571055,1.92436864424825,3.87299041305001
QR_motioncap_brushless_Light_mid_NoWind_test2,mid,2,2,7,0.1,original_static,161,2622,3.69176333393116,3.24442937930386,3.31694618874943,2.00358189341979,1.91763566921628,3.86826908949348
QR_motioncap_brushless_Light_mid_NoWind_test2,mid,2,2,7,0.1,attitude_absolute,161,2622,3.07192964267084,2.52602767589589,2.96944070811083,2.00358189341979,1.91763566921628,3.86826908949348
QR_motioncap_brushless_Light_mid_NoWind_test2,mid,2,2,7,0.1,attitude_run_centered,161,2622,3.05959353446487,2.52573671581273,2.94175626053851,2.00358189341979,1.91763566921628,3.86826908949348
QR_motioncap_brushless_Light_mid_NoWind_test2,mid,2,2,7,0.15,original_static,161,2623,3.69176333393116,3.24442937930386,3.33759353760727,1.99776654526644,1.91347451712382,3.86257235080883
QR_motioncap_brushless_Light_mid_NoWind_test2,mid,2,2,7,0.15,attitude_absolute,161,2623,3.11709333450451,2.58083110575098,3.03173215764571,1.99776654526644,1.91347451712382,3.86257235080883
QR_motioncap_brushless_Light_mid_NoWind_test2,mid,2,2,7,0.15,attitude_run_centered,161,2623,3.10504862581663,2.58054655134272,3.00459735113224,1.99776654526644,1.91347451712382,3.86257235080883
QR_motioncap_brushless_Light_mid_NoWind_test2,mid,2,2,7,0.2,original_static,161,2622,3.69176333393116,3.24442937930386,3.36353329738771,1.99031628225949,1.9073014175502,3.8560312681791
QR_motioncap_brushless_Light_mid_NoWind_test2,mid,2,2,7,0.2,attitude_absolute,161,2622,3.17976541388634,2.65380006761659,3.11726675143852,1.99031628225949,1.9073014175502,3.8560312681791
QR_motioncap_brushless_Light_mid_NoWind_test2,mid,2,2,7,0.2,attitude_run_centered,161,2622,3.16771260452797,2.653527803336,3.09043115677207,1.99031628225949,1.9073014175502,3.8560312681791
QR_motioncap_brushless_Light_mid_NoWind_test2,mid,2,3,8,-0.2,original_static,172,2611,4.07567534131615,4.02937311965901,3.59041465526415,3.20927906658969,3.17360562197009,6.23445286527688
QR_motioncap_brushless_Light_mid_NoWind_test2,mid,2,3,8,-0.2,attitude_absolute,172,2611,3.67800025622435,3.55606162640256,2.40204333542215,3.20927906658969,3.17360562197009,6.23445286527688
QR_motioncap_brushless_Light_mid_NoWind_test2,mid,2,3,8,-0.2,attitude_run_centered,172,2611,3.66347355235255,3.55709748706543,2.3657758732234,3.20927906658969,3.17360562197009,6.23445286527688
QR_motioncap_brushless_Light_mid_NoWind_test2,mid,2,3,8,-0.15,original_static,172,2610,4.07567534131615,4.02937311965901,3.5540577247796,3.19340491383829,3.15853360912186,6.24496128379955
QR_motioncap_brushless_Light_mid_NoWind_test2,mid,2,3,8,-0.15,attitude_absolute,172,2610,3.62912159638252,3.5040651676,2.25772350742361,3.19340491383829,3.15853360912186,6.24496128379955
QR_motioncap_brushless_Light_mid_NoWind_test2,mid,2,3,8,-0.15,attitude_run_centered,172,2610,3.61396834523368,3.50511236948634,2.21802985267993,3.19340491383829,3.15853360912186,6.24496128379955
QR_motioncap_brushless_Light_mid_NoWind_test2,mid,2,3,8,-0.1,original_static,172,2611,4.07567534131615,4.02937311965901,3.54059574543393,3.1840916374599,3.15008429790678,6.2609662064821
QR_motioncap_brushless_Light_mid_NoWind_test2,mid,2,3,8,-0.1,attitude_absolute,172,2611,3.60255173649389,3.47739105567645,2.17503361340025,3.1840916374599,3.15008429790678,6.2609662064821
QR_motioncap_brushless_Light_mid_NoWind_test2,mid,2,3,8,-0.1,attitude_run_centered,172,2611,3.58752482010749,3.47844681090393,2.13366438514051,3.1840916374599,3.15008429790678,6.2609662064821
QR_motioncap_brushless_Light_mid_NoWind_test2,mid,2,3,8,-0.05,original_static,172,2611,4.07567534131615,4.02937311965901,3.5392717314055,3.17939528539141,3.14596176834621,6.27573269146463
QR_motioncap_brushless_Light_mid_NoWind_test2,mid,2,3,8,-0.05,attitude_absolute,172,2611,3.59864880241495,3.47466426411154,2.14842349310275,3.17939528539141,3.14596176834621,6.27573269146463
QR_motioncap_brushless_Light_mid_NoWind_test2,mid,2,3,8,-0.05,attitude_run_centered,172,2611,3.58346850308455,3.47568914936055,2.10590807974196,3.17939528539141,3.14596176834621,6.27573269146463
QR_motioncap_brushless_Light_mid_NoWind_test2,mid,2,3,8,0,original_static,172,2611,4.07567534131615,4.02937311965901,3.55826768840174,3.17305250860466,3.14086398829626,6.29137989693043
QR_motioncap_brushless_Light_mid_NoWind_test2,mid,2,3,8,0,attitude_absolute,172,2611,3.61816815207231,3.49588123424751,2.1910103014576,3.17305250860466,3.14086398829626,6.29137989693043
QR_motioncap_brushless_Light_mid_NoWind_test2,mid,2,3,8,0,attitude_run_centered,172,2611,3.60271916651789,3.49684652105628,2.14839695763053,3.17305250860466,3.14086398829626,6.29137989693043
QR_motioncap_brushless_Light_mid_NoWind_test2,mid,2,3,8,0.05,original_static,172,2611,4.07567534131615,4.02937311965901,3.59939646543727,3.17573158939061,3.14469972478332,6.30767560417647
QR_motioncap_brushless_Light_mid_NoWind_test2,mid,2,3,8,0.05,attitude_absolute,172,2611,3.66246849317051,3.54361713076348,2.30336498542777,3.17573158939061,3.14469972478332,6.30767560417647
QR_motioncap_brushless_Light_mid_NoWind_test2,mid,2,3,8,0.05,attitude_run_centered,172,2611,3.64750261080125,3.54451032910147,2.26289705180699,3.17573158939061,3.14469972478332,6.30767560417647
QR_motioncap_brushless_Light_mid_NoWind_test2,mid,2,3,8,0.1,original_static,172,2611,4.07567534131615,4.02937311965901,3.65807513828144,3.18222985164949,3.15212883188504,6.32459683653004
QR_motioncap_brushless_Light_mid_NoWind_test2,mid,2,3,8,0.1,attitude_absolute,172,2611,3.72601845651457,3.61251385257872,2.46271514739555,3.18222985164949,3.15212883188504,6.32459683653004
QR_motioncap_brushless_Light_mid_NoWind_test2,mid,2,3,8,0.1,attitude_run_centered,172,2611,3.71151910340516,3.61329355498262,2.42492743765912,3.18222985164949,3.15212883188504,6.32459683653004
QR_motioncap_brushless_Light_mid_NoWind_test2,mid,2,3,8,0.15,original_static,172,2610,4.07567534131615,4.02937311965901,3.73080701427128,3.18507113132484,3.15642662857326,6.33953341664625
QR_motioncap_brushless_Light_mid_NoWind_test2,mid,2,3,8,0.15,attitude_absolute,172,2610,3.81276280160488,3.7023070191698,2.66979332294316,3.18507113132484,3.15642662857326,6.33953341664625
QR_motioncap_brushless_Light_mid_NoWind_test2,mid,2,3,8,0.15,attitude_run_centered,172,2610,3.7985159107355,3.70297691019553,2.63467801237734,3.18507113132484,3.15642662857326,6.33953341664625
QR_motioncap_brushless_Light_mid_NoWind_test2,mid,2,3,8,0.2,original_static,172,2611,4.07567534131615,4.02937311965901,3.81946164548054,3.19360097751795,3.16624778734303,6.35940362970309
QR_motioncap_brushless_Light_mid_NoWind_test2,mid,2,3,8,0.2,attitude_absolute,172,2611,3.92030813221886,3.81738357806319,2.91074714921628,3.19360097751795,3.16624778734303,6.35940362970309
QR_motioncap_brushless_Light_mid_NoWind_test2,mid,2,3,8,0.2,attitude_run_centered,172,2611,3.90696299333875,3.81791990123579,2.87908726037214,3.19360097751795,3.16624778734303,6.35940362970309
QR_motioncap_brushless_Light_mid_NoWind_test3,mid,3,1,6,-0.2,original_static,176,2642,4.46025968181688,4.22232834392154,4.13353467661789,2.77552685286014,2.74487542757685,6.3198183824291
QR_motioncap_brushless_Light_mid_NoWind_test3,mid,3,1,6,-0.2,attitude_absolute,176,2642,3.78665431206775,3.50823768018491,3.33523699871872,2.77552685286014,2.74487542757685,6.3198183824291
QR_motioncap_brushless_Light_mid_NoWind_test3,mid,3,1,6,-0.2,attitude_run_centered,176,2642,3.79273818167319,3.50783761362081,3.33528788758045,2.77552685286014,2.74487542757685,6.3198183824291
QR_motioncap_brushless_Light_mid_NoWind_test3,mid,3,1,6,-0.15,original_static,176,2642,4.46025968181688,4.22232834392154,4.09300218953383,2.77040243665053,2.74012702060004,6.31870490938929
QR_motioncap_brushless_Light_mid_NoWind_test3,mid,3,1,6,-0.15,attitude_absolute,176,2642,3.74093349061521,3.45741501032011,3.22525022015837,2.77040243665053,2.74012702060004,6.31870490938929
QR_motioncap_brushless_Light_mid_NoWind_test3,mid,3,1,6,-0.15,attitude_run_centered,176,2642,3.74624868012009,3.45696087384185,3.22444642322817,2.77040243665053,2.74012702060004,6.31870490938929
QR_motioncap_brushless_Light_mid_NoWind_test3,mid,3,1,6,-0.1,original_static,176,2641,4.46025968181688,4.22232834392154,4.0603968778859,2.75938216519544,2.72944960722142,6.31947820699388
QR_motioncap_brushless_Light_mid_NoWind_test3,mid,3,1,6,-0.1,attitude_absolute,176,2641,3.6999922108368,3.4181463357813,3.1335813803726,2.75938216519544,2.72944960722142,6.31947820699388
QR_motioncap_brushless_Light_mid_NoWind_test3,mid,3,1,6,-0.1,attitude_run_centered,176,2641,3.70512340217428,3.41766631170942,3.13267235966309,2.75938216519544,2.72944960722142,6.31947820699388
QR_motioncap_brushless_Light_mid_NoWind_test3,mid,3,1,6,-0.05,original_static,176,2641,4.46025968181688,4.22232834392154,4.04376760993224,2.74886124997455,2.71924510268427,6.32011403323278
QR_motioncap_brushless_Light_mid_NoWind_test3,mid,3,1,6,-0.05,attitude_absolute,176,2641,3.68778372818169,3.40568245853409,3.088615159611,2.74886124997455,2.71924510268427,6.32011403323278
QR_motioncap_brushless_Light_mid_NoWind_test3,mid,3,1,6,-0.05,attitude_run_centered,176,2641,3.69233006768343,3.40512217045052,3.08698111838054,2.74886124997455,2.71924510268427,6.32011403323278
QR_motioncap_brushless_Light_mid_NoWind_test3,mid,3,1,6,0,original_static,176,2643,4.46025968181688,4.22232834392154,4.04198964718168,2.74317842862322,2.71395126066476,6.31902666431833
QR_motioncap_brushless_Light_mid_NoWind_test3,mid,3,1,6,0,attitude_absolute,176,2643,3.68823873361228,3.40572260147569,3.07966864867713,2.74317842862322,2.71395126066476,6.31902666431833
QR_motioncap_brushless_Light_mid_NoWind_test3,mid,3,1,6,0,attitude_run_centered,176,2643,3.69235457639371,3.40515835016506,3.07766653680366,2.74317842862322,2.71395126066476,6.31902666431833
QR_motioncap_brushless_Light_mid_NoWind_test3,mid,3,1,6,0.05,original_static,176,2641,4.46025968181688,4.22232834392154,4.0537225514969,2.73527221357707,2.70650536581487,6.32257275651166
QR_motioncap_brushless_Light_mid_NoWind_test3,mid,3,1,6,0.05,attitude_absolute,176,2641,3.70370103713649,3.42658352124755,3.11673822731729,2.73527221357707,2.70650536581487,6.32257275651166
QR_motioncap_brushless_Light_mid_NoWind_test3,mid,3,1,6,0.05,attitude_run_centered,176,2641,3.70819877811992,3.42606317120997,3.11513371133781,2.73527221357707,2.70650536581487,6.32257275651166
QR_motioncap_brushless_Light_mid_NoWind_test3,mid,3,1,6,0.1,original_static,176,2641,4.46025968181688,4.22232834392154,4.08564569975976,2.73296280605802,2.70472251019698,6.32447830564353
QR_motioncap_brushless_Light_mid_NoWind_test3,mid,3,1,6,0.1,attitude_absolute,176,2641,3.74681767245261,3.47234421807878,3.20382721433906,2.73296280605802,2.70472251019698,6.32447830564353
QR_motioncap_brushless_Light_mid_NoWind_test3,mid,3,1,6,0.1,attitude_run_centered,176,2641,3.75156088787518,3.47183552332218,3.20273701053833,2.73296280605802,2.70472251019698,6.32447830564353
QR_motioncap_brushless_Light_mid_NoWind_test3,mid,3,1,6,0.15,original_static,176,2641,4.46025968181688,4.22232834392154,4.12440396757308,2.73409593757255,2.70678606696705,6.32655715733065
QR_motioncap_brushless_Light_mid_NoWind_test3,mid,3,1,6,0.15,attitude_absolute,176,2641,3.80188363536694,3.5306540735392,3.33010934007641,2.73409593757255,2.70678606696705,6.32655715733065
QR_motioncap_brushless_Light_mid_NoWind_test3,mid,3,1,6,0.15,attitude_run_centered,176,2641,3.80697354976703,3.53020338561177,3.32930561584017,2.73409593757255,2.70678606696705,6.32655715733065
QR_motioncap_brushless_Light_mid_NoWind_test3,mid,3,1,6,0.2,original_static,176,2641,4.46025968181688,4.22232834392154,4.18197897749318,2.73849345211389,2.71188905729768,6.3290451165613
QR_motioncap_brushless_Light_mid_NoWind_test3,mid,3,1,6,0.2,attitude_absolute,176,2641,3.87396585823956,3.61337465271215,3.49241736798038,2.73849345211389,2.71188905729768,6.3290451165613
QR_motioncap_brushless_Light_mid_NoWind_test3,mid,3,1,6,0.2,attitude_run_centered,176,2641,3.87984547927432,3.61303281992258,3.49272876938946,2.73849345211389,2.71188905729768,6.3290451165613
QR_motioncap_brushless_Light_mid_NoWind_test3,mid,3,2,7,-0.2,original_static,164,2563,4.0403809950379,3.2885295738792,4.05826923940108,1.95712515102298,1.88436502454121,3.27912915493922
QR_motioncap_brushless_Light_mid_NoWind_test3,mid,3,2,7,-0.2,attitude_absolute,164,2563,3.7415643805432,3.00630985463681,3.82829751064597,1.95712515102298,1.88436502454121,3.27912915493922
QR_motioncap_brushless_Light_mid_NoWind_test3,mid,3,2,7,-0.2,attitude_run_centered,164,2563,3.75250146674952,3.00633817339349,3.81788870675735,1.95712515102298,1.88436502454121,3.27912915493922
QR_motioncap_brushless_Light_mid_NoWind_test3,mid,3,2,7,-0.15,original_static,164,2562,4.0403809950379,3.2885295738792,4.03453782502268,1.9475509393523,1.87848301196397,3.27918700528227
QR_motioncap_brushless_Light_mid_NoWind_test3,mid,3,2,7,-0.15,attitude_absolute,164,2562,3.73973406317378,3.00413178132996,3.80129249026904,1.9475509393523,1.87848301196397,3.27918700528227
QR_motioncap_brushless_Light_mid_NoWind_test3,mid,3,2,7,-0.15,attitude_run_centered,164,2562,3.75075252804467,3.00415448414947,3.79143528277025,1.9475509393523,1.87848301196397,3.27918700528227
QR_motioncap_brushless_Light_mid_NoWind_test3,mid,3,2,7,-0.1,original_static,164,2562,4.0403809950379,3.2885295738792,4.01066541826639,1.93752446535389,1.87207241989336,3.27758335545068
QR_motioncap_brushless_Light_mid_NoWind_test3,mid,3,2,7,-0.1,attitude_absolute,164,2562,3.74638746717397,3.01209031951239,3.77930826317511,1.93752446535389,1.87207241989336,3.27758335545068
QR_motioncap_brushless_Light_mid_NoWind_test3,mid,3,2,7,-0.1,attitude_run_centered,164,2562,3.75760441692894,3.01212460008001,3.77018441563389,1.93752446535389,1.87207241989336,3.27758335545068
QR_motioncap_brushless_Light_mid_NoWind_test3,mid,3,2,7,-0.05,original_static,164,2563,4.0403809950379,3.2885295738792,3.98855006629773,1.92914247354233,1.86656844767648,3.27513054520302
QR_motioncap_brushless_Light_mid_NoWind_test3,mid,3,2,7,-0.05,attitude_absolute,164,2563,3.75670380397129,3.0260142874614,3.7589120514649,1.92914247354233,1.86656844767648,3.27513054520302
QR_motioncap_brushless_Light_mid_NoWind_test3,mid,3,2,7,-0.05,attitude_run_centered,164,2563,3.76810856708526,3.02605555620115,3.75040908333826,1.92914247354233,1.86656844767648,3.27513054520302
QR_motioncap_brushless_Light_mid_NoWind_test3,mid,3,2,7,0,original_static,164,2564,4.0403809950379,3.2885295738792,3.96894855146837,1.92186032309725,1.86169852411174,3.27185427978836
QR_motioncap_brushless_Light_mid_NoWind_test3,mid,3,2,7,0,attitude_absolute,164,2564,3.77247648357756,3.04531142244109,3.74706400859289,1.92186032309725,1.86169852411174,3.27185427978836
QR_motioncap_brushless_Light_mid_NoWind_test3,mid,3,2,7,0,attitude_run_centered,164,2564,3.7844813942442,3.04535638320059,3.73954455848443,1.92186032309725,1.86169852411174,3.27185427978836
QR_motioncap_brushless_Light_mid_NoWind_test3,mid,3,2,7,0.05,original_static,164,2563,4.0403809950379,3.2885295738792,3.95145865100267,1.9154258212045,1.85735116724969,3.26639827289528
QR_motioncap_brushless_Light_mid_NoWind_test3,mid,3,2,7,0.05,attitude_absolute,164,2563,3.79209996597253,3.06927903748317,3.73991670484819,1.9154258212045,1.85735116724969,3.26639827289528
QR_motioncap_brushless_Light_mid_NoWind_test3,mid,3,2,7,0.05,attitude_run_centered,164,2563,3.80471222993486,3.06932452525495,3.73334828081796,1.9154258212045,1.85735116724969,3.26639827289528
QR_motioncap_brushless_Light_mid_NoWind_test3,mid,3,2,7,0.1,original_static,164,2562,4.0403809950379,3.2885295738792,3.94060411769559,1.91019877020326,1.85348922194375,3.25977588944205
QR_motioncap_brushless_Light_mid_NoWind_test3,mid,3,2,7,0.1,attitude_absolute,164,2562,3.81633783992688,3.09874670115722,3.7441411551164,1.91019877020326,1.85348922194375,3.25977588944205
QR_motioncap_brushless_Light_mid_NoWind_test3,mid,3,2,7,0.1,attitude_run_centered,164,2562,3.82965021716581,3.09878756208495,3.73850717905878,1.91019877020326,1.85348922194375,3.25977588944205
QR_motioncap_brushless_Light_mid_NoWind_test3,mid,3,2,7,0.15,original_static,164,2562,4.0403809950379,3.2885295738792,3.93318068724885,1.90432629294439,1.84850481457826,3.24842461403237
QR_motioncap_brushless_Light_mid_NoWind_test3,mid,3,2,7,0.15,attitude_absolute,164,2562,3.84357457542646,3.13047432602983,3.75795590686748,1.90432629294439,1.84850481457826,3.24842461403237
QR_motioncap_brushless_Light_mid_NoWind_test3,mid,3,2,7,0.15,attitude_run_centered,164,2562,3.85785421093346,3.13050954970771,3.75348006263375,1.90432629294439,1.84850481457826,3.24842461403237
QR_motioncap_brushless_Light_mid_NoWind_test3,mid,3,2,7,0.2,original_static,164,2563,4.0403809950379,3.2885295738792,3.93311760250416,1.89919721448585,1.84396065595661,3.23893082807808
QR_motioncap_brushless_Light_mid_NoWind_test3,mid,3,2,7,0.2,attitude_absolute,164,2563,3.87118383664338,3.16330302966212,3.77971663451951,1.89919721448585,1.84396065595661,3.23893082807808
QR_motioncap_brushless_Light_mid_NoWind_test3,mid,3,2,7,0.2,attitude_run_centered,164,2563,3.88629829785817,3.16333923495761,3.77612952750108,1.89919721448585,1.84396065595661,3.23893082807808
QR_motioncap_brushless_Light_mid_NoWind_test3,mid,3,3,8,-0.2,original_static,177,2622,3.97044575675974,3.92477237451988,3.6357999970264,2.27146356988117,2.21328118582947,6.71964334242078
QR_motioncap_brushless_Light_mid_NoWind_test3,mid,3,3,8,-0.2,attitude_absolute,177,2622,3.10493182019094,2.96318514787287,2.10553216332937,2.27146356988117,2.21328118582947,6.71964334242078
QR_motioncap_brushless_Light_mid_NoWind_test3,mid,3,3,8,-0.2,attitude_run_centered,177,2622,3.05609044485154,2.96356712996527,2.03347985780585,2.27146356988117,2.21328118582947,6.71964334242078
QR_motioncap_brushless_Light_mid_NoWind_test3,mid,3,3,8,-0.15,original_static,177,2622,3.97044575675974,3.92477237451988,3.62011384358576,2.28779258076057,2.23255195289269,6.71746221332394
QR_motioncap_brushless_Light_mid_NoWind_test3,mid,3,3,8,-0.15,attitude_absolute,177,2622,3.07964707993051,2.93440954447453,2.03723375197049,2.28779258076057,2.23255195289269,6.71746221332394
QR_motioncap_brushless_Light_mid_NoWind_test3,mid,3,3,8,-0.15,attitude_run_centered,177,2622,3.03033485157935,2.93480930629356,1.96227551160499,2.28779258076057,2.23255195289269,6.71746221332394
QR_motioncap_brushless_Light_mid_NoWind_test3,mid,3,3,8,-0.1,original_static,177,2622,3.97044575675974,3.92477237451988,3.616786444899,2.30408707384632,2.25135178741667,6.71397444718181
QR_motioncap_brushless_Light_mid_NoWind_test3,mid,3,3,8,-0.1,attitude_absolute,177,2622,3.06540346483528,2.91881345780305,2.00475134621063,2.30408707384632,2.25135178741667,6.71397444718181
QR_motioncap_brushless_Light_mid_NoWind_test3,mid,3,3,8,-0.1,attitude_run_centered,177,2622,3.01639013519805,2.9192980057154,1.92870777343866,2.30408707384632,2.25135178741667,6.71397444718181
QR_motioncap_brushless_Light_mid_NoWind_test3,mid,3,3,8,-0.05,original_static,177,2622,3.97044575675974,3.92477237451988,3.62267851477829,2.32075895050254,2.27056990922243,6.70947410203441
QR_motioncap_brushless_Light_mid_NoWind_test3,mid,3,3,8,-0.05,attitude_absolute,177,2622,3.07056197352913,2.9229321287607,2.01123513553823,2.32075895050254,2.27056990922243,6.70947410203441
QR_motioncap_brushless_Light_mid_NoWind_test3,mid,3,3,8,-0.05,attitude_run_centered,177,2622,3.02204188079044,2.92350826006947,1.93528899927745,2.32075895050254,2.27056990922243,6.70947410203441
QR_motioncap_brushless_Light_mid_NoWind_test3,mid,3,3,8,0,original_static,177,2623,3.97044575675974,3.92477237451988,3.63990613523585,2.33320688555704,2.28491961844586,6.70403708117703
QR_motioncap_brushless_Light_mid_NoWind_test3,mid,3,3,8,0,attitude_absolute,177,2623,3.09138098112606,2.94265860305614,2.06308679980876,2.33320688555704,2.28491961844586,6.70403708117703
QR_motioncap_brushless_Light_mid_NoWind_test3,mid,3,3,8,0,attitude_run_centered,177,2623,3.04300799143741,2.94327809187648,1.98852379166582,2.33320688555704,2.28491961844586,6.70403708117703
QR_motioncap_brushless_Light_mid_NoWind_test3,mid,3,3,8,0.05,original_static,177,2622,3.97044575675974,3.92477237451988,3.67289564174733,2.3429461819949,2.29613157919917,6.69766429032184
QR_motioncap_brushless_Light_mid_NoWind_test3,mid,3,3,8,0.05,attitude_absolute,177,2622,3.11492432411017,2.96915141176595,2.14072842312391,2.3429461819949,2.29613157919917,6.69766429032184
QR_motioncap_brushless_Light_mid_NoWind_test3,mid,3,3,8,0.05,attitude_run_centered,177,2622,3.06747222266834,2.96979973207756,2.06896687663663,2.3429461819949,2.29613157919917,6.69766429032184
QR_motioncap_brushless_Light_mid_NoWind_test3,mid,3,3,8,0.1,original_static,177,2623,3.97044575675974,3.92477237451988,3.71464314856517,2.34905914105292,2.30393857281928,6.68914653835434
QR_motioncap_brushless_Light_mid_NoWind_test3,mid,3,3,8,0.1,attitude_absolute,177,2623,3.16006676597461,3.0197173194866,2.25930873030189,2.34905914105292,2.30393857281928,6.68914653835434
QR_motioncap_brushless_Light_mid_NoWind_test3,mid,3,3,8,0.1,attitude_run_centered,177,2623,3.11404646920315,3.02031325569351,2.19149350698959,2.34905914105292,2.30393857281928,6.68914653835434
QR_motioncap_brushless_Light_mid_NoWind_test3,mid,3,3,8,0.15,original_static,177,2622,3.97044575675974,3.92477237451988,3.76502484789124,2.35186340062413,2.30817927683596,6.68247191839262
QR_motioncap_brushless_Light_mid_NoWind_test3,mid,3,3,8,0.15,attitude_absolute,177,2622,3.22028057930058,3.08618138533942,2.40679316635132,2.35186340062413,2.30817927683596,6.68247191839262
QR_motioncap_brushless_Light_mid_NoWind_test3,mid,3,3,8,0.15,attitude_run_centered,177,2622,3.17559559191951,3.08666844668645,2.34322944421679,2.35186340062413,2.30817927683596,6.68247191839262
QR_motioncap_brushless_Light_mid_NoWind_test3,mid,3,3,8,0.2,original_static,177,2622,3.97044575675974,3.92477237451988,3.82696443409696,2.35291230334372,2.31041111532456,6.67409701539383
QR_motioncap_brushless_Light_mid_NoWind_test3,mid,3,3,8,0.2,attitude_absolute,177,2622,3.29095897938702,3.16474054079423,2.58409094524484,2.35291230334372,2.31041111532456,6.67409701539383
QR_motioncap_brushless_Light_mid_NoWind_test3,mid,3,3,8,0.2,attitude_run_centered,177,2622,3.24838930063994,3.16514702342336,2.525492108779,2.35291230334372,2.31041111532456,6.67409701539383
QR_motioncap_brushless_Light_mid_NoWind_test4,mid,4,1,6,-0.2,original_static,162,2663,4.73224141517713,4.31599685192364,4.06847571119851,2.76781768144532,2.73223501689322,5.27936739870784
QR_motioncap_brushless_Light_mid_NoWind_test4,mid,4,1,6,-0.2,attitude_absolute,162,2663,3.85544380557021,3.31838111473236,3.5757976928974,2.76781768144532,2.73223501689322,5.27936739870784
QR_motioncap_brushless_Light_mid_NoWind_test4,mid,4,1,6,-0.2,attitude_run_centered,162,2663,3.85362242702834,3.31766715209746,3.56053602843903,2.76781768144532,2.73223501689322,5.27936739870784
QR_motioncap_brushless_Light_mid_NoWind_test4,mid,4,1,6,-0.15,original_static,162,2663,4.73224141517713,4.31599685192364,4.0407643736767,2.75525456384168,2.71889113743007,5.28007130794712
QR_motioncap_brushless_Light_mid_NoWind_test4,mid,4,1,6,-0.15,attitude_absolute,162,2663,3.79284964674868,3.25024687617802,3.48319914523147,2.75525456384168,2.71889113743007,5.28007130794712
QR_motioncap_brushless_Light_mid_NoWind_test4,mid,4,1,6,-0.15,attitude_run_centered,162,2663,3.79119463214694,3.24942175373115,3.46639190882866,2.75525456384168,2.71889113743007,5.28007130794712
QR_motioncap_brushless_Light_mid_NoWind_test4,mid,4,1,6,-0.1,original_static,162,2662,4.73224141517713,4.31599685192364,4.02304133089146,2.73980143902774,2.70228754340975,5.28109356693905
QR_motioncap_brushless_Light_mid_NoWind_test4,mid,4,1,6,-0.1,attitude_absolute,162,2662,3.74633551736345,3.19596652671706,3.42007798041636,2.73980143902774,2.70228754340975,5.28109356693905
QR_motioncap_brushless_Light_mid_NoWind_test4,mid,4,1,6,-0.1,attitude_run_centered,162,2662,3.74512159179775,3.19501092722897,3.40219337753375,2.73980143902774,2.70228754340975,5.28109356693905
QR_motioncap_brushless_Light_mid_NoWind_test4,mid,4,1,6,-0.05,original_static,162,2662,4.73224141517713,4.31599685192364,4.02063707597477,2.72271721068827,2.68373038347503,5.28108578878341
QR_motioncap_brushless_Light_mid_NoWind_test4,mid,4,1,6,-0.05,attitude_absolute,162,2662,3.71824145771963,3.16741729361178,3.38608806568716,2.72271721068827,2.68373038347503,5.28108578878341
QR_motioncap_brushless_Light_mid_NoWind_test4,mid,4,1,6,-0.05,attitude_run_centered,162,2662,3.71717960014209,3.16640311054989,3.36685679258295,2.72271721068827,2.68373038347503,5.28108578878341
QR_motioncap_brushless_Light_mid_NoWind_test4,mid,4,1,6,0,original_static,162,2662,4.73224141517713,4.31599685192364,4.03064278106058,2.70393618435319,2.66334613819488,5.28085309125078
QR_motioncap_brushless_Light_mid_NoWind_test4,mid,4,1,6,0,attitude_absolute,162,2662,3.70412146336011,3.15899917258117,3.37521507686287,2.70393618435319,2.66334613819488,5.28085309125078
QR_motioncap_brushless_Light_mid_NoWind_test4,mid,4,1,6,0,attitude_run_centered,162,2662,3.70360125299189,3.15789776932009,3.35518462160904,2.70393618435319,2.66334613819488,5.28085309125078
QR_motioncap_brushless_Light_mid_NoWind_test4,mid,4,1,6,0.05,original_static,162,2663,4.73224141517713,4.31599685192364,4.05810258054809,2.68491148451839,2.64282519256312,5.27985820187807
QR_motioncap_brushless_Light_mid_NoWind_test4,mid,4,1,6,0.05,attitude_absolute,162,2663,3.7062131327807,3.16975296901617,3.40356379089611,2.68491148451839,2.64282519256312,5.27985820187807
QR_motioncap_brushless_Light_mid_NoWind_test4,mid,4,1,6,0.05,attitude_run_centered,162,2663,3.70667619827441,3.16860472494822,3.38355220197791,2.68491148451839,2.64282519256312,5.27985820187807
QR_motioncap_brushless_Light_mid_NoWind_test4,mid,4,1,6,0.1,original_static,162,2662,4.73224141517713,4.31599685192364,4.10062235824415,2.66546062577845,2.6220894111959,5.2795101220724
QR_motioncap_brushless_Light_mid_NoWind_test4,mid,4,1,6,0.1,attitude_absolute,162,2662,3.73188636328608,3.21143935791169,3.47069209184837,2.66546062577845,2.6220894111959,5.2795101220724
QR_motioncap_brushless_Light_mid_NoWind_test4,mid,4,1,6,0.1,attitude_run_centered,162,2662,3.73252064449924,3.21027207775921,3.45013895828589,2.66546062577845,2.6220894111959,5.2795101220724
QR_motioncap_brushless_Light_mid_NoWind_test4,mid,4,1,6,0.15,original_static,162,2663,4.73224141517713,4.31599685192364,4.15664168321594,2.6466231413996,2.60183196617491,5.27764081683246
QR_motioncap_brushless_Light_mid_NoWind_test4,mid,4,1,6,0.15,attitude_absolute,162,2663,3.77954608396208,3.2709789556498,3.56995444102707,2.6466231413996,2.60183196617491,5.27764081683246
QR_motioncap_brushless_Light_mid_NoWind_test4,mid,4,1,6,0.15,attitude_run_centered,162,2663,3.78088128797525,3.26983140264794,3.5496147629849,2.6466231413996,2.60183196617491,5.27764081683246
QR_motioncap_brushless_Light_mid_NoWind_test4,mid,4,1,6,0.2,original_static,162,2662,4.73224141517713,4.31599685192364,4.22890587553366,2.63095947415381,2.5851337749266,5.27590751825177
QR_motioncap_brushless_Light_mid_NoWind_test4,mid,4,1,6,0.2,attitude_absolute,162,2662,3.85559198736089,3.35167219049017,3.71698935635644,2.63095947415381,2.5851337749266,5.27590751825177
QR_motioncap_brushless_Light_mid_NoWind_test4,mid,4,1,6,0.2,attitude_run_centered,162,2662,3.85786552540473,3.35058971303003,3.69759172596529,2.63095947415381,2.5851337749266,5.27590751825177
QR_motioncap_brushless_Light_mid_NoWind_test4,mid,4,2,7,-0.2,original_static,111,2451,3.80387785742438,3.310087984171,3.16362814078304,2.02628338713351,2.02173763614392,3.12055148085894
QR_motioncap_brushless_Light_mid_NoWind_test4,mid,4,2,7,-0.2,attitude_absolute,111,2451,3.17947961431511,2.61233089552627,2.94748682567529,2.02628338713351,2.02173763614392,3.12055148085894
QR_motioncap_brushless_Light_mid_NoWind_test4,mid,4,2,7,-0.2,attitude_run_centered,111,2451,3.21156906198837,2.61255308704369,2.97498627065058,2.02628338713351,2.02173763614392,3.12055148085894
QR_motioncap_brushless_Light_mid_NoWind_test4,mid,4,2,7,-0.15,original_static,111,2451,3.80387785742438,3.310087984171,3.14148339479312,2.01951871601287,2.01600209924507,3.12094674761916
QR_motioncap_brushless_Light_mid_NoWind_test4,mid,4,2,7,-0.15,attitude_absolute,111,2451,3.18131773373377,2.6105313606306,2.92337998304565,2.01951871601287,2.01600209924507,3.12094674761916
QR_motioncap_brushless_Light_mid_NoWind_test4,mid,4,2,7,-0.15,attitude_run_centered,111,2451,3.21358923196231,2.61074771816398,2.95155433856557,2.01951871601287,2.01600209924507,3.12094674761916
QR_motioncap_brushless_Light_mid_NoWind_test4,mid,4,2,7,-0.1,original_static,111,2452,3.80387785742438,3.310087984171,3.12767972798129,2.00963510742865,2.00676342642845,3.12105277087816
QR_motioncap_brushless_Light_mid_NoWind_test4,mid,4,2,7,-0.1,attitude_absolute,111,2452,3.18699490645841,2.6127281644517,2.91197876719211,2.00963510742865,2.00676342642845,3.12105277087816
QR_motioncap_brushless_Light_mid_NoWind_test4,mid,4,2,7,-0.1,attitude_run_centered,111,2452,3.21889856377473,2.61297705700473,2.93996931328274,2.00963510742865,2.00676342642845,3.12105277087816
QR_motioncap_brushless_Light_mid_NoWind_test4,mid,4,2,7,-0.05,original_static,111,2451,3.80387785742438,3.310087984171,3.11801137766046,1.9981983476306,1.99585800590945,3.1220401085525
QR_motioncap_brushless_Light_mid_NoWind_test4,mid,4,2,7,-0.05,attitude_absolute,111,2451,3.18932437804582,2.61475219239557,2.90505622875452,1.9981983476306,1.99585800590945,3.1220401085525
QR_motioncap_brushless_Light_mid_NoWind_test4,mid,4,2,7,-0.05,attitude_run_centered,111,2451,3.22096375136624,2.6150150510886,2.93277261522122,1.9981983476306,1.99585800590945,3.1220401085525
QR_motioncap_brushless_Light_mid_NoWind_test4,mid,4,2,7,0,original_static,111,2451,3.80387785742438,3.310087984171,3.11935160231773,1.9836273321687,1.98135190874338,3.12249286084182
QR_motioncap_brushless_Light_mid_NoWind_test4,mid,4,2,7,0,attitude_absolute,111,2451,3.20185423641102,2.62506793589613,2.91999175949536,1.9836273321687,1.98135190874338,3.12249286084182
QR_motioncap_brushless_Light_mid_NoWind_test4,mid,4,2,7,0,attitude_run_centered,111,2451,3.23269309915456,2.62535664122222,2.94665564784329,1.9836273321687,1.98135190874338,3.12249286084182
QR_motioncap_brushless_Light_mid_NoWind_test4,mid,4,2,7,0.05,original_static,111,2451,3.80387785742438,3.310087984171,3.12955261694473,1.96821290189941,1.96578184268696,3.12286763694781
QR_motioncap_brushless_Light_mid_NoWind_test4,mid,4,2,7,0.05,attitude_absolute,111,2451,3.21595503426383,2.63854100595352,2.94560039358883,1.96821290189941,1.96578184268696,3.12286763694781
QR_motioncap_brushless_Light_mid_NoWind_test4,mid,4,2,7,0.05,attitude_run_centered,111,2451,3.24611881246651,2.63887361106177,2.97119426372009,1.96821290189941,1.96578184268696,3.12286763694781
QR_motioncap_brushless_Light_mid_NoWind_test4,mid,4,2,7,0.1,original_static,111,2452,3.80387785742438,3.310087984171,3.14998711614288,1.95271095434639,1.94976400108448,3.12287809156314
QR_motioncap_brushless_Light_mid_NoWind_test4,mid,4,2,7,0.1,attitude_absolute,111,2452,3.22896561936804,2.65369151799184,2.98298494478847,1.95271095434639,1.94976400108448,3.12287809156314
QR_motioncap_brushless_Light_mid_NoWind_test4,mid,4,2,7,0.1,attitude_run_centered,111,2452,3.25844932597786,2.65404325421833,3.00745923257885,1.95271095434639,1.94976400108448,3.12287809156314
QR_motioncap_brushless_Light_mid_NoWind_test4,mid,4,2,7,0.15,original_static,111,2451,3.80387785742438,3.310087984171,3.18014155062021,1.93779148362207,1.93397350462943,3.12287012478606
QR_motioncap_brushless_Light_mid_NoWind_test4,mid,4,2,7,0.15,attitude_absolute,111,2451,3.25238354979159,2.68082256344697,3.03828612159117,1.93779148362207,1.93397350462943,3.12287012478606
QR_motioncap_brushless_Light_mid_NoWind_test4,mid,4,2,7,0.15,attitude_run_centered,111,2451,3.28044410107001,2.68122156976643,3.06073291449017,1.93779148362207,1.93397350462943,3.12287012478606
QR_motioncap_brushless_Light_mid_NoWind_test4,mid,4,2,7,0.2,original_static,111,2451,3.80387785742438,3.310087984171,3.2186815788277,1.92294184356002,1.91793282995391,3.12207894321115
QR_motioncap_brushless_Light_mid_NoWind_test4,mid,4,2,7,0.2,attitude_absolute,111,2451,3.27426296448905,2.70731993582755,3.10371361214891,1.92294184356002,1.91793282995391,3.12207894321115
QR_motioncap_brushless_Light_mid_NoWind_test4,mid,4,2,7,0.2,attitude_run_centered,111,2451,3.30112440687376,2.70776331375877,3.1244450077959,1.92294184356002,1.91793282995391,3.12207894321115
QR_motioncap_brushless_Light_mid_NoWind_test4,mid,4,3,8,-0.2,original_static,170,2542,4.2604073334086,4.01657206183127,3.39581453611495,2.97404594704521,2.94274163312934,5.36459338242367
QR_motioncap_brushless_Light_mid_NoWind_test4,mid,4,3,8,-0.2,attitude_absolute,170,2542,3.41790281265469,3.24955213338947,2.52843002119343,2.97404594704521,2.94274163312934,5.36459338242367
QR_motioncap_brushless_Light_mid_NoWind_test4,mid,4,3,8,-0.2,attitude_run_centered,170,2542,3.5016330714965,3.24936926599592,2.62369427776436,2.97404594704521,2.94274163312934,5.36459338242367
QR_motioncap_brushless_Light_mid_NoWind_test4,mid,4,3,8,-0.15,original_static,170,2541,4.2604073334086,4.01657206183127,3.28181579869703,2.96479762725967,2.93392811943361,5.36538668571689
QR_motioncap_brushless_Light_mid_NoWind_test4,mid,4,3,8,-0.15,attitude_absolute,170,2541,3.4003988886334,3.2299141648904,2.40350922807078,2.96479762725967,2.93392811943361,5.36538668571689
QR_motioncap_brushless_Light_mid_NoWind_test4,mid,4,3,8,-0.15,attitude_run_centered,170,2541,3.485407024709,3.22953794201262,2.5036546169261,2.96479762725967,2.93392811943361,5.36538668571689
QR_motioncap_brushless_Light_mid_NoWind_test4,mid,4,3,8,-0.1,original_static,170,2542,4.2604073334086,4.01657206183127,3.2026603720966,2.96239749248162,2.93226239951631,5.36643545548326
QR_motioncap_brushless_Light_mid_NoWind_test4,mid,4,3,8,-0.1,attitude_absolute,170,2542,3.41394561312737,3.24000848795722,2.3520417799347,2.96239749248162,2.93226239951631,5.36643545548326
QR_motioncap_brushless_Light_mid_NoWind_test4,mid,4,3,8,-0.1,attitude_run_centered,170,2542,3.49952588117599,3.23947090625864,2.4542896217533,2.96239749248162,2.93226239951631,5.36643545548326
QR_motioncap_brushless_Light_mid_NoWind_test4,mid,4,3,8,-0.05,original_static,170,2542,4.2604073334086,4.01657206183127,3.1470476467238,2.96033089857695,2.93098765326847,5.36849655871464
QR_motioncap_brushless_Light_mid_NoWind_test4,mid,4,3,8,-0.05,attitude_absolute,170,2542,3.44686673678204,3.27107001030679,2.34899580225352,2.96033089857695,2.93098765326847,5.36849655871464
QR_motioncap_brushless_Light_mid_NoWind_test4,mid,4,3,8,-0.05,attitude_run_centered,170,2542,3.53307240103368,3.27039233874875,2.45338628805956,2.96033089857695,2.93098765326847,5.36849655871464
QR_motioncap_brushless_Light_mid_NoWind_test4,mid,4,3,8,0,original_static,170,2542,4.2604073334086,4.01657206183127,3.13952805123343,2.96289196863121,2.93436113334525,5.37028850271304
QR_motioncap_brushless_Light_mid_NoWind_test4,mid,4,3,8,0,attitude_absolute,170,2542,3.49276417493264,3.31710545066519,2.41776615356698,2.96289196863121,2.93436113334525,5.37028850271304
QR_motioncap_brushless_Light_mid_NoWind_test4,mid,4,3,8,0,attitude_run_centered,170,2542,3.57862551208529,3.31631276198838,2.52070265357571,2.96289196863121,2.93436113334525,5.37028850271304
QR_motioncap_brushless_Light_mid_NoWind_test4,mid,4,3,8,0.05,original_static,170,2542,4.2604073334086,4.01657206183127,3.17803487664594,2.97402521445784,2.94694053668172,5.37161231047733
QR_motioncap_brushless_Light_mid_NoWind_test4,mid,4,3,8,0.05,attitude_absolute,170,2542,3.56055872639862,3.38584405671871,2.55924039551236,2.97402521445784,2.94694053668172,5.37161231047733
QR_motioncap_brushless_Light_mid_NoWind_test4,mid,4,3,8,0.05,attitude_run_centered,170,2542,3.64536983817242,3.38502328123529,2.65781109019912,2.97402521445784,2.94694053668172,5.37161231047733
QR_motioncap_brushless_Light_mid_NoWind_test4,mid,4,3,8,0.1,original_static,170,2542,4.2604073334086,4.01657206183127,3.23105102183402,2.97811270513228,2.95220139344543,5.37261016550086
QR_motioncap_brushless_Light_mid_NoWind_test4,mid,4,3,8,0.1,attitude_absolute,170,2542,3.65154469702797,3.48086292309052,2.74348852948313,2.97811270513228,2.95220139344543,5.37261016550086
QR_motioncap_brushless_Light_mid_NoWind_test4,mid,4,3,8,0.1,attitude_run_centered,170,2542,3.73508628098828,3.48004723506595,2.8380487243119,2.97811270513228,2.95220139344543,5.37261016550086
QR_motioncap_brushless_Light_mid_NoWind_test4,mid,4,3,8,0.15,original_static,170,2542,4.2604073334086,4.01657206183127,3.31537167425051,2.98051577265818,2.95535209525308,5.37338537070916
QR_motioncap_brushless_Light_mid_NoWind_test4,mid,4,3,8,0.15,attitude_absolute,170,2542,3.75059875377169,3.58377443366909,2.95811749668608,2.98051577265818,2.95535209525308,5.37338537070916
QR_motioncap_brushless_Light_mid_NoWind_test4,mid,4,3,8,0.15,attitude_run_centered,170,2542,3.83219567519891,3.58299614204625,3.04706229626796,2.98051577265818,2.95535209525308,5.37338537070916
QR_motioncap_brushless_Light_mid_NoWind_test4,mid,4,3,8,0.2,original_static,170,2542,4.2604073334086,4.01657206183127,3.42464046128605,2.98801806872107,2.9642152459998,5.37375198341798
QR_motioncap_brushless_Light_mid_NoWind_test4,mid,4,3,8,0.2,attitude_absolute,170,2542,3.86683099410906,3.70157038090512,3.20189102328051,2.98801806872107,2.9642152459998,5.37375198341798
QR_motioncap_brushless_Light_mid_NoWind_test4,mid,4,3,8,0.2,attitude_run_centered,170,2542,3.94678360106652,3.70090749562669,3.28598795807463,2.98801806872107,2.9642152459998,5.37375198341798
QR_motioncap_brushless_Light_mid_NoWind_test5,mid,5,1,6,-0.2,original_static,196,3034,4.44346151436459,4.04028719253291,3.52287020615151,4.21546387334971,4.14113823205611,4.10888665537147
QR_motioncap_brushless_Light_mid_NoWind_test5,mid,5,1,6,-0.2,attitude_absolute,196,3034,4.34993542470492,3.89737707399291,3.07889529290242,4.21546387334971,4.14113823205611,4.10888665537147
QR_motioncap_brushless_Light_mid_NoWind_test5,mid,5,1,6,-0.2,attitude_run_centered,196,3034,4.32624619283427,3.89747525680875,3.05647391478824,4.21546387334971,4.14113823205611,4.10888665537147
QR_motioncap_brushless_Light_mid_NoWind_test5,mid,5,1,6,-0.15,original_static,196,3034,4.44346151436459,4.04028719253291,3.41825436669616,4.10146326171985,4.02476304974058,4.10428420109037
QR_motioncap_brushless_Light_mid_NoWind_test5,mid,5,1,6,-0.15,attitude_absolute,196,3034,4.34705547809246,3.88875128804529,2.99257674810142,4.10146326171985,4.02476304974058,4.10428420109037
QR_motioncap_brushless_Light_mid_NoWind_test5,mid,5,1,6,-0.15,attitude_run_centered,196,3034,4.3235351010547,3.88883585019311,2.97155955726609,4.10146326171985,4.02476304974058,4.10428420109037
QR_motioncap_brushless_Light_mid_NoWind_test5,mid,5,1,6,-0.1,original_static,196,3035,4.44346151436459,4.04028719253291,3.32907853350785,3.98693478082291,3.90806199595251,4.09973047074761
QR_motioncap_brushless_Light_mid_NoWind_test5,mid,5,1,6,-0.1,attitude_absolute,196,3035,4.33543074736018,3.87869397709462,2.92330301687285,3.98693478082291,3.90806199595251,4.09973047074761
QR_motioncap_brushless_Light_mid_NoWind_test5,mid,5,1,6,-0.1,attitude_run_centered,196,3035,4.31208421481191,3.87871621651687,2.90414762788351,3.98693478082291,3.90806199595251,4.09973047074761
QR_motioncap_brushless_Light_mid_NoWind_test5,mid,5,1,6,-0.05,original_static,196,3035,4.44346151436459,4.04028719253291,3.25824024453428,3.87379355530421,3.79252434774584,4.09630162400129
QR_motioncap_brushless_Light_mid_NoWind_test5,mid,5,1,6,-0.05,attitude_absolute,196,3035,4.33508324664006,3.8775910026031,2.88676614310788,3.87379355530421,3.79252434774584,4.09630162400129
QR_motioncap_brushless_Light_mid_NoWind_test5,mid,5,1,6,-0.05,attitude_run_centered,196,3035,4.31167945662605,3.87756712908948,2.86944786648299,3.87379355530421,3.79252434774584,4.09630162400129
QR_motioncap_brushless_Light_mid_NoWind_test5,mid,5,1,6,0,original_static,196,3035,4.44346151436459,4.04028719253291,3.21348412270934,3.77324628609067,3.68957611586961,4.09325037124626
QR_motioncap_brushless_Light_mid_NoWind_test5,mid,5,1,6,0,attitude_absolute,196,3035,4.33724272543757,3.88102910534089,2.87898423522373,3.77324628609067,3.68957611586961,4.09325037124626
QR_motioncap_brushless_Light_mid_NoWind_test5,mid,5,1,6,0,attitude_run_centered,196,3035,4.3138559035787,3.88095898490745,2.86340636472404,3.77324628609067,3.68957611586961,4.09325037124626
QR_motioncap_brushless_Light_mid_NoWind_test5,mid,5,1,6,0.05,original_static,196,3034,4.44346151436459,4.04028719253291,3.19078232853067,3.67514719474411,3.58943220432141,4.09062457482625
QR_motioncap_brushless_Light_mid_NoWind_test5,mid,5,1,6,0.05,attitude_absolute,196,3034,4.33467934904884,3.88864802960458,2.89375158156787,3.67514719474411,3.58943220432141,4.09062457482625
QR_motioncap_brushless_Light_mid_NoWind_test5,mid,5,1,6,0.05,attitude_run_centered,196,3034,4.31189385046229,3.88848759699963,2.88100895884711,3.67514719474411,3.58943220432141,4.09062457482625
QR_motioncap_brushless_Light_mid_NoWind_test5,mid,5,1,6,0.1,original_static,196,3034,4.44346151436459,4.04028719253291,3.19388559705478,3.58256630489045,3.49472383707958,4.0876416688374
QR_motioncap_brushless_Light_mid_NoWind_test5,mid,5,1,6,0.1,attitude_absolute,196,3034,4.34972215008209,3.9096870768684,2.95567374357332,3.58256630489045,3.49472383707958,4.0876416688374
QR_motioncap_brushless_Light_mid_NoWind_test5,mid,5,1,6,0.1,attitude_run_centered,196,3034,4.32738639797025,3.90942922667735,2.94595570178424,3.58256630489045,3.49472383707958,4.0876416688374
QR_motioncap_brushless_Light_mid_NoWind_test5,mid,5,1,6,0.15,original_static,196,3035,4.44346151436459,4.04028719253291,3.2196439555005,3.50203436239144,3.41163818117137,4.08434672291016
QR_motioncap_brushless_Light_mid_NoWind_test5,mid,5,1,6,0.15,attitude_absolute,196,3035,4.37375276161649,3.94118314301708,3.05315097548885,3.50203436239144,3.41163818117137,4.08434672291016
QR_motioncap_brushless_Light_mid_NoWind_test5,mid,5,1,6,0.15,attitude_run_centered,196,3035,4.35181756815463,3.94083166190269,3.04606003979168,3.50203436239144,3.41163818117137,4.08434672291016
QR_motioncap_brushless_Light_mid_NoWind_test5,mid,5,1,6,0.2,original_static,196,3035,4.44346151436459,4.04028719253291,3.2698245377374,3.42520440769035,3.33347821492121,4.08253710452444
QR_motioncap_brushless_Light_mid_NoWind_test5,mid,5,1,6,0.2,attitude_absolute,196,3035,4.39605827976293,3.97317438981497,3.17142809903793,3.42520440769035,3.33347821492121,4.08253710452444
QR_motioncap_brushless_Light_mid_NoWind_test5,mid,5,1,6,0.2,attitude_run_centered,196,3035,4.37466638971665,3.97279425699333,3.16722044111191,3.42520440769035,3.33347821492121,4.08253710452444
QR_motioncap_brushless_Light_mid_NoWind_test5,mid,5,2,7,-0.2,original_static,118,2569,4.78966072441987,4.24064663666209,4.21087133364002,2.1191768213642,2.09973831556096,6.10726157309297
QR_motioncap_brushless_Light_mid_NoWind_test5,mid,5,2,7,-0.2,attitude_absolute,118,2569,3.24445412869466,2.53595661368169,3.34157480279202,2.1191768213642,2.09973831556096,6.10726157309297
QR_motioncap_brushless_Light_mid_NoWind_test5,mid,5,2,7,-0.2,attitude_run_centered,118,2569,3.24059400248913,2.53645426211677,3.32737820267197,2.1191768213642,2.09973831556096,6.10726157309297
QR_motioncap_brushless_Light_mid_NoWind_test5,mid,5,2,7,-0.15,original_static,118,2567,4.78966072441987,4.24064663666209,4.20308356166307,2.12764840101041,2.10964173284907,6.10709262900448
QR_motioncap_brushless_Light_mid_NoWind_test5,mid,5,2,7,-0.15,attitude_absolute,118,2567,3.23730106808232,2.52655102758959,3.32276772541537,2.12764840101041,2.10964173284907,6.10709262900448
QR_motioncap_brushless_Light_mid_NoWind_test5,mid,5,2,7,-0.15,attitude_run_centered,118,2567,3.23596738132892,2.52713321148015,3.31253595424832,2.12764840101041,2.10964173284907,6.10709262900448
QR_motioncap_brushless_Light_mid_NoWind_test5,mid,5,2,7,-0.1,original_static,118,2568,4.78966072441987,4.24064663666209,4.20136709757507,2.13433305339144,2.11733908396655,6.10293097549098
QR_motioncap_brushless_Light_mid_NoWind_test5,mid,5,2,7,-0.1,attitude_absolute,118,2568,3.23415619479913,2.52284839777357,3.31416081307475,2.13433305339144,2.11733908396655,6.10293097549098
QR_motioncap_brushless_Light_mid_NoWind_test5,mid,5,2,7,-0.1,attitude_run_centered,118,2568,3.23612410568285,2.52346816253811,3.30862892896129,2.13433305339144,2.11733908396655,6.10293097549098
QR_motioncap_brushless_Light_mid_NoWind_test5,mid,5,2,7,-0.05,original_static,118,2568,4.78966072441987,4.24064663666209,4.20751746622249,2.13851222200273,2.12215326927244,6.10035951201521
QR_motioncap_brushless_Light_mid_NoWind_test5,mid,5,2,7,-0.05,attitude_absolute,118,2568,3.23515224436716,2.52690074145863,3.31220219498868,2.13851222200273,2.12215326927244,6.10035951201521
QR_motioncap_brushless_Light_mid_NoWind_test5,mid,5,2,7,-0.05,attitude_run_centered,118,2568,3.24067496208725,2.52758653937875,3.31162927362652,2.13851222200273,2.12215326927244,6.10035951201521
QR_motioncap_brushless_Light_mid_NoWind_test5,mid,5,2,7,0,original_static,118,2569,4.78966072441987,4.24064663666209,4.2190502006576,2.13845863484197,2.12226232459362,6.09704096081493
QR_motioncap_brushless_Light_mid_NoWind_test5,mid,5,2,7,0,attitude_absolute,118,2569,3.24116140156605,2.53503127744923,3.31735361476911,2.13845863484197,2.12226232459362,6.09704096081493
QR_motioncap_brushless_Light_mid_NoWind_test5,mid,5,2,7,0,attitude_run_centered,118,2569,3.24962094676638,2.53571710442567,3.32119921066465,2.13845863484197,2.12226232459362,6.09704096081493
QR_motioncap_brushless_Light_mid_NoWind_test5,mid,5,2,7,0.05,original_static,118,2568,4.78966072441987,4.24064663666209,4.23661911021839,2.1363557217338,2.11975547780542,6.09476278801081
QR_motioncap_brushless_Light_mid_NoWind_test5,mid,5,2,7,0.05,attitude_absolute,118,2568,3.25376468904804,2.55258818412305,3.33048579608542,2.1363557217338,2.11975547780542,6.09476278801081
QR_motioncap_brushless_Light_mid_NoWind_test5,mid,5,2,7,0.05,attitude_run_centered,118,2568,3.26647359881107,2.55319928763393,3.33994763187322,2.1363557217338,2.11975547780542,6.09476278801081
QR_motioncap_brushless_Light_mid_NoWind_test5,mid,5,2,7,0.1,original_static,118,2568,4.78966072441987,4.24064663666209,4.25717296826582,2.13020805119768,2.11277249564503,6.09240639098563
QR_motioncap_brushless_Light_mid_NoWind_test5,mid,5,2,7,0.1,attitude_absolute,118,2568,3.27682671825467,2.58219842464057,3.34927769433476,2.13020805119768,2.11277249564503,6.09240639098563
QR_motioncap_brushless_Light_mid_NoWind_test5,mid,5,2,7,0.1,attitude_run_centered,118,2568,3.29357309939051,2.58273201621462,3.36415013293635,2.13020805119768,2.11277249564503,6.09240639098563
QR_motioncap_brushless_Light_mid_NoWind_test5,mid,5,2,7,0.15,original_static,118,2567,4.78966072441987,4.24064663666209,4.2809759582689,2.11802806850193,2.09925860029698,6.08949170670214
QR_motioncap_brushless_Light_mid_NoWind_test5,mid,5,2,7,0.15,attitude_absolute,118,2567,3.30639424180409,2.61777222132472,3.37611693761715,2.11802806850193,2.09925860029698,6.08949170670214
QR_motioncap_brushless_Light_mid_NoWind_test5,mid,5,2,7,0.15,attitude_run_centered,118,2567,3.3265981913101,2.6182096961845,3.39583335673036,2.11802806850193,2.09925860029698,6.08949170670214
QR_motioncap_brushless_Light_mid_NoWind_test5,mid,5,2,7,0.2,original_static,118,2568,4.78966072441987,4.24064663666209,4.30784444682597,2.10392198945602,2.08317260336212,6.08614820242366
QR_motioncap_brushless_Light_mid_NoWind_test5,mid,5,2,7,0.2,attitude_absolute,118,2568,3.34747610556045,2.66706813126986,3.41699974020685,2.10392198945602,2.08317260336212,6.08614820242366
QR_motioncap_brushless_Light_mid_NoWind_test5,mid,5,2,7,0.2,attitude_run_centered,118,2568,3.37244479622153,2.66740251915943,3.44279417914887,2.10392198945602,2.08317260336212,6.08614820242366
QR_motioncap_brushless_Light_mid_NoWind_test5,mid,5,3,8,-0.2,original_static,171,2628,4.72903296354191,4.62857402283923,3.61813658578946,3.12855912339933,3.09955251535764,6.77596434586422
QR_motioncap_brushless_Light_mid_NoWind_test5,mid,5,3,8,-0.2,attitude_absolute,171,2628,3.58741845309138,3.4705970797297,2.53670150049515,3.12855912339933,3.09955251535764,6.77596434586422
QR_motioncap_brushless_Light_mid_NoWind_test5,mid,5,3,8,-0.2,attitude_run_centered,171,2628,3.5535493767353,3.47136430987804,2.51226446540037,3.12855912339933,3.09955251535764,6.77596434586422
QR_motioncap_brushless_Light_mid_NoWind_test5,mid,5,3,8,-0.15,original_static,171,2627,4.72903296354191,4.62857402283923,3.59439119105763,3.13547024316411,3.10817944144021,6.72622066061529
QR_motioncap_brushless_Light_mid_NoWind_test5,mid,5,3,8,-0.15,attitude_absolute,171,2627,3.50571092512168,3.38080124853468,2.42772634195599,3.13547024316411,3.10817944144021,6.72622066061529
QR_motioncap_brushless_Light_mid_NoWind_test5,mid,5,3,8,-0.15,attitude_run_centered,171,2627,3.46746548704914,3.38158646188278,2.39930935422509,3.13547024316411,3.10817944144021,6.72622066061529
QR_motioncap_brushless_Light_mid_NoWind_test5,mid,5,3,8,-0.1,original_static,171,2627,4.72903296354191,4.62857402283923,3.59853812512355,3.15286175492717,3.12705899262562,6.68863301621399
QR_motioncap_brushless_Light_mid_NoWind_test5,mid,5,3,8,-0.1,attitude_absolute,171,2627,3.43169906981978,3.29948396250543,2.36566302086467,3.15286175492717,3.12705899262562,6.68863301621399
QR_motioncap_brushless_Light_mid_NoWind_test5,mid,5,3,8,-0.1,attitude_run_centered,171,2627,3.38920004936493,3.30019329066348,2.33288464826586,3.15286175492717,3.12705899262562,6.68863301621399
QR_motioncap_brushless_Light_mid_NoWind_test5,mid,5,3,8,-0.05,original_static,171,2627,4.72903296354191,4.62857402283923,3.62482141070112,3.1717488700851,3.14771376880347,6.65587029273412
QR_motioncap_brushless_Light_mid_NoWind_test5,mid,5,3,8,-0.05,attitude_absolute,171,2627,3.36718193330576,3.22907908136907,2.35588912347619,3.1717488700851,3.14771376880347,6.65587029273412
QR_motioncap_brushless_Light_mid_NoWind_test5,mid,5,3,8,-0.05,attitude_run_centered,171,2627,3.32062504198641,3.22963316888104,2.32032373230741,3.1717488700851,3.14771376880347,6.65587029273412
QR_motioncap_brushless_Light_mid_NoWind_test5,mid,5,3,8,0,original_static,171,2628,4.72903296354191,4.62857402283923,3.67100098794558,3.18735595714553,3.16466134318996,6.63343704800881
QR_motioncap_brushless_Light_mid_NoWind_test5,mid,5,3,8,0,attitude_absolute,171,2628,3.32730292348167,3.18253711631288,2.39449229816414,3.18735595714553,3.16466134318996,6.63343704800881
QR_motioncap_brushless_Light_mid_NoWind_test5,mid,5,3,8,0,attitude_run_centered,171,2628,3.27745115723865,3.18289453108877,2.35776752679777,3.18735595714553,3.16466134318996,6.63343704800881
QR_motioncap_brushless_Light_mid_NoWind_test5,mid,5,3,8,0.05,original_static,171,2628,4.72903296354191,4.62857402283923,3.74008157268859,3.20810775833351,3.18684611586468,6.6093321061825
QR_motioncap_brushless_Light_mid_NoWind_test5,mid,5,3,8,0.05,attitude_absolute,171,2628,3.30674994056136,3.15566959354991,2.48448115485889,3.20810775833351,3.18684611586468,6.6093321061825
QR_motioncap_brushless_Light_mid_NoWind_test5,mid,5,3,8,0.05,attitude_run_centered,171,2628,3.2538984330899,3.15584824280824,2.44670746204966,3.20810775833351,3.18684611586468,6.6093321061825
QR_motioncap_brushless_Light_mid_NoWind_test5,mid,5,3,8,0.1,original_static,171,2628,4.72903296354191,4.62857402283923,3.81945672904512,3.22514949694186,3.20540179631383,6.58893795331629
QR_motioncap_brushless_Light_mid_NoWind_test5,mid,5,3,8,0.1,attitude_absolute,171,2628,3.31094269315432,3.15585908666992,2.62360662717675,3.22514949694186,3.20540179631383,6.58893795331629
QR_motioncap_brushless_Light_mid_NoWind_test5,mid,5,3,8,0.1,attitude_run_centered,171,2628,3.25615201410473,3.1558875012376,2.58655613172009,3.22514949694186,3.20540179631383,6.58893795331629
QR_motioncap_brushless_Light_mid_NoWind_test5,mid,5,3,8,0.15,original_static,171,2627,4.72903296354191,4.62857402283923,3.90970387504108,3.23662451397103,3.2176562080645,6.56871236680003
QR_motioncap_brushless_Light_mid_NoWind_test5,mid,5,3,8,0.15,attitude_absolute,171,2627,3.35638370215325,3.19630738954603,2.81445020693928,3.23662451397103,3.2176562080645,6.56871236680003
QR_motioncap_brushless_Light_mid_NoWind_test5,mid,5,3,8,0.15,attitude_run_centered,171,2627,3.30032795504113,3.19621182788718,2.77943109483572,3.23662451397103,3.2176562080645,6.56871236680003
QR_motioncap_brushless_Light_mid_NoWind_test5,mid,5,3,8,0.2,original_static,171,2627,4.72903296354191,4.62857402283923,4.01567385050046,3.25229441306742,3.23440741705065,6.5544947431949
QR_motioncap_brushless_Light_mid_NoWind_test5,mid,5,3,8,0.2,attitude_absolute,171,2627,3.43396546634316,3.27100732804988,3.04348275767705,3.25229441306742,3.23440741705065,6.5544947431949
QR_motioncap_brushless_Light_mid_NoWind_test5,mid,5,3,8,0.2,attitude_run_centered,171,2627,3.37764806806048,3.27088212610144,3.00980704784578,3.25229441306742,3.23440741705065,6.5544947431949
QR_motioncap_brushless_Light_top_NoWind_test1,top,1,1,1,-0.2,original_static,180,2601,5.86579467204378,4.21767344101023,4.85036722875222,2.3766132184435,2.18295523835086,5.87569135109555
QR_motioncap_brushless_Light_top_NoWind_test1,top,1,1,1,-0.2,attitude_absolute,180,2601,4.71605161875873,2.11166495144732,3.9411241565446,2.3766132184435,2.18295523835086,5.87569135109555
QR_motioncap_brushless_Light_top_NoWind_test1,top,1,1,1,-0.2,attitude_run_centered,180,2601,5.20014619528478,2.1130293839745,4.45060351233472,2.3766132184435,2.18295523835086,5.87569135109555
QR_motioncap_brushless_Light_top_NoWind_test1,top,1,1,1,-0.15,original_static,180,2601,5.86579467204378,4.21767344101023,4.83610393653784,2.36397358236739,2.17269400726187,5.87575070209189
QR_motioncap_brushless_Light_top_NoWind_test1,top,1,1,1,-0.15,attitude_absolute,180,2601,4.69174534387377,2.05456600283757,3.89025623151206,2.36397358236739,2.17269400726187,5.87575070209189
QR_motioncap_brushless_Light_top_NoWind_test1,top,1,1,1,-0.15,attitude_run_centered,180,2601,5.17798135052502,2.05594086527647,4.40528748217273,2.36397358236739,2.17269400726187,5.87575070209189
QR_motioncap_brushless_Light_top_NoWind_test1,top,1,1,1,-0.1,original_static,180,2603,5.86579467204378,4.21767344101023,4.82750614619927,2.35130591592406,2.16286711925199,5.87366412480885
QR_motioncap_brushless_Light_top_NoWind_test1,top,1,1,1,-0.1,attitude_absolute,180,2603,4.68015427550452,2.03399523435697,3.86070284951736,2.35130591592406,2.16286711925199,5.87366412480885
QR_motioncap_brushless_Light_top_NoWind_test1,top,1,1,1,-0.1,attitude_run_centered,180,2603,5.16702980142899,2.03534179316176,4.37866599096324,2.35130591592406,2.16286711925199,5.87366412480885
QR_motioncap_brushless_Light_top_NoWind_test1,top,1,1,1,-0.05,original_static,180,2602,5.86579467204378,4.21767344101023,4.8232743892631,2.33896547577392,2.1526278608833,5.87504001041773
QR_motioncap_brushless_Light_top_NoWind_test1,top,1,1,1,-0.05,attitude_absolute,180,2602,4.68725183982959,2.05419821719607,3.85892138959269,2.33896547577392,2.1526278608833,5.87504001041773
QR_motioncap_brushless_Light_top_NoWind_test1,top,1,1,1,-0.05,attitude_run_centered,180,2602,5.17318319806655,2.05555396444515,4.37650639220882,2.33896547577392,2.1526278608833,5.87504001041773
QR_motioncap_brushless_Light_top_NoWind_test1,top,1,1,1,0,original_static,180,2603,5.86579467204378,4.21767344101023,4.82357946347588,2.32653768648539,2.1424901023912,5.87431755940561
QR_motioncap_brushless_Light_top_NoWind_test1,top,1,1,1,0,attitude_absolute,180,2603,4.71297352293036,2.11572115953261,3.8861017272805,2.32653768648539,2.1424901023912,5.87431755940561
QR_motioncap_brushless_Light_top_NoWind_test1,top,1,1,1,0,attitude_run_centered,180,2603,5.19639381422642,2.11706744849641,4.40021135445956,2.32653768648539,2.1424901023912,5.87431755940561
QR_motioncap_brushless_Light_top_NoWind_test1,top,1,1,1,0.05,original_static,180,2601,5.86579467204378,4.21767344101023,4.82708835392686,2.31397495891933,2.13216530179386,5.87702193374361
QR_motioncap_brushless_Light_top_NoWind_test1,top,1,1,1,0.05,attitude_absolute,180,2601,4.75617607063659,2.22594038400293,3.94075507694651,2.31397495891933,2.13216530179386,5.87702193374361
QR_motioncap_brushless_Light_top_NoWind_test1,top,1,1,1,0.05,attitude_run_centered,180,2601,5.23497485799918,2.22725104096726,4.44751654306418,2.31397495891933,2.13216530179386,5.87702193374361
QR_motioncap_brushless_Light_top_NoWind_test1,top,1,1,1,0.1,original_static,180,2602,5.86579467204378,4.21767344101023,4.83511234548026,2.30236153985432,2.12261016926045,5.87658068694993
QR_motioncap_brushless_Light_top_NoWind_test1,top,1,1,1,0.1,attitude_absolute,180,2602,4.81510217686815,2.3630989508724,4.01976966037129,2.30236153985432,2.12261016926045,5.87658068694993
QR_motioncap_brushless_Light_top_NoWind_test1,top,1,1,1,0.1,attitude_run_centered,180,2602,5.28804438203034,2.36440099694595,4.51683910872,2.30236153985432,2.12261016926045,5.87658068694993
QR_motioncap_brushless_Light_top_NoWind_test1,top,1,1,1,0.15,original_static,180,2603,5.86579467204378,4.21767344101023,4.84447588013858,2.29189600911744,2.11394524707963,5.87645778344305
QR_motioncap_brushless_Light_top_NoWind_test1,top,1,1,1,0.15,attitude_absolute,180,2603,4.88506554613609,2.51570078229899,4.11108708810052,2.29189600911744,2.11394524707963,5.87645778344305
QR_motioncap_brushless_Light_top_NoWind_test1,top,1,1,1,0.15,attitude_run_centered,180,2603,5.35131458023937,2.51700655098527,4.5972472249562,2.29189600911744,2.11394524707963,5.87645778344305
QR_motioncap_brushless_Light_top_NoWind_test1,top,1,1,1,0.2,original_static,180,2602,5.86579467204378,4.21767344101023,4.85559923178201,2.28137630531326,2.1053873788877,5.87861905746204
QR_motioncap_brushless_Light_top_NoWind_test1,top,1,1,1,0.2,attitude_absolute,180,2602,4.98009662901703,2.71328541822722,4.239671635342,2.28137630531326,2.1053873788877,5.87861905746204
QR_motioncap_brushless_Light_top_NoWind_test1,top,1,1,1,0.2,attitude_run_centered,180,2602,5.43773225678382,2.71454104527495,4.7117945054905,2.28137630531326,2.1053873788877,5.87861905746204
QR_motioncap_brushless_Light_top_NoWind_test1,top,1,2,2,-0.2,original_static,173,2550,6.09087245447404,4.79081325139237,5.08099117475178,2.67613603456503,2.63561288373323,6.76462667553928
QR_motioncap_brushless_Light_top_NoWind_test1,top,1,2,2,-0.2,attitude_absolute,173,2550,5.53906096479365,3.21532016510839,4.84589017539366,2.67613603456503,2.63561288373323,6.76462667553928
QR_motioncap_brushless_Light_top_NoWind_test1,top,1,2,2,-0.2,attitude_run_centered,173,2550,6.05270076375928,3.21432247593847,5.37911422464113,2.67613603456503,2.63561288373323,6.76462667553928
QR_motioncap_brushless_Light_top_NoWind_test1,top,1,2,2,-0.15,original_static,173,2549,6.09087245447404,4.79081325139237,5.02940493462351,2.67659853572348,2.63721402433587,6.76233065321963
QR_motioncap_brushless_Light_top_NoWind_test1,top,1,2,2,-0.15,attitude_absolute,173,2549,5.49198264423621,3.11142807860784,4.74718833809762,2.67659853572348,2.63721402433587,6.76233065321963
QR_motioncap_brushless_Light_top_NoWind_test1,top,1,2,2,-0.15,attitude_run_centered,173,2549,6.01106739108756,3.11029205049949,5.29282828404294,2.67659853572348,2.63721402433587,6.76233065321963
QR_motioncap_brushless_Light_top_NoWind_test1,top,1,2,2,-0.1,original_static,173,2550,6.09087245447404,4.79081325139237,4.99593159285496,2.67511921067897,2.63632950244145,6.76292099963761
QR_motioncap_brushless_Light_top_NoWind_test1,top,1,2,2,-0.1,attitude_absolute,173,2550,5.47293152787356,3.05694730559111,4.6989433402997,2.67511921067897,2.63632950244145,6.76292099963761
QR_motioncap_brushless_Light_top_NoWind_test1,top,1,2,2,-0.1,attitude_run_centered,173,2550,5.99498840062856,3.05565803673148,5.25182873624218,2.67511921067897,2.63632950244145,6.76292099963761
QR_motioncap_brushless_Light_top_NoWind_test1,top,1,2,2,-0.05,original_static,173,2550,6.09087245447404,4.79081325139237,4.98191331591512,2.67160125763228,2.63358986508372,6.76450620012583
QR_motioncap_brushless_Light_top_NoWind_test1,top,1,2,2,-0.05,attitude_absolute,173,2550,5.48339847984075,3.05763672726294,4.70645803366455,2.67160125763228,2.63358986508372,6.76450620012583
QR_motioncap_brushless_Light_top_NoWind_test1,top,1,2,2,-0.05,attitude_run_centered,173,2550,6.00577134091282,3.05623650828686,5.2608302110238,2.67160125763228,2.63358986508372,6.76450620012583
QR_motioncap_brushless_Light_top_NoWind_test1,top,1,2,2,0,original_static,173,2550,6.09087245447404,4.79081325139237,4.98799288330824,2.67028132035066,2.63236397845847,6.76789791830605
QR_motioncap_brushless_Light_top_NoWind_test1,top,1,2,2,0,attitude_absolute,173,2550,5.52271424008047,3.11209720887016,4.76464639608206,2.67028132035066,2.63236397845847,6.76789791830605
QR_motioncap_brushless_Light_top_NoWind_test1,top,1,2,2,0,attitude_run_centered,173,2550,6.0429047395112,3.11080654892954,5.3147346072962,2.67028132035066,2.63236397845847,6.76789791830605
QR_motioncap_brushless_Light_top_NoWind_test1,top,1,2,2,0.05,original_static,173,2550,6.09087245447404,4.79081325139237,5.0158228590299,2.67061448128955,2.63255899726535,6.77274495240613
QR_motioncap_brushless_Light_top_NoWind_test1,top,1,2,2,0.05,attitude_absolute,173,2550,5.5893107552994,3.21821254288518,4.87616316497221,2.67061448128955,2.63255899726535,6.77274495240613
QR_motioncap_brushless_Light_top_NoWind_test1,top,1,2,2,0.05,attitude_run_centered,173,2550,6.10479814217217,3.21698828431181,5.41637014318754,2.67061448128955,2.63255899726535,6.77274495240613
QR_motioncap_brushless_Light_top_NoWind_test1,top,1,2,2,0.1,original_static,173,2549,6.09087245447404,4.79081325139237,5.06430748998825,2.66730717521728,2.62881504438533,6.7782808440369
QR_motioncap_brushless_Light_top_NoWind_test1,top,1,2,2,0.1,attitude_absolute,173,2549,5.68843461873147,3.37739717008725,5.04082079918565,2.66730717521728,2.62881504438533,6.7782808440369
QR_motioncap_brushless_Light_top_NoWind_test1,top,1,2,2,0.1,attitude_run_centered,173,2549,6.19675406795044,3.37626866986831,5.56649348576533,2.66730717521728,2.62881504438533,6.7782808440369
QR_motioncap_brushless_Light_top_NoWind_test1,top,1,2,2,0.15,original_static,173,2551,6.09087245447404,4.79081325139237,5.12811782433954,2.66785083611291,2.62873493010808,6.78423610097204
QR_motioncap_brushless_Light_top_NoWind_test1,top,1,2,2,0.15,attitude_absolute,173,2551,5.80313308245624,3.56061550032107,5.23625691398265,2.66785083611291,2.62873493010808,6.78423610097204
QR_motioncap_brushless_Light_top_NoWind_test1,top,1,2,2,0.15,attitude_run_centered,173,2551,6.30307635012776,3.55971089660645,5.7451399282349,2.66785083611291,2.62873493010808,6.78423610097204
QR_motioncap_brushless_Light_top_NoWind_test1,top,1,2,2,0.2,original_static,173,2550,6.09087245447404,4.79081325139237,5.20702278646469,2.66716732838966,2.62707805959881,6.79160502184565
QR_motioncap_brushless_Light_top_NoWind_test1,top,1,2,2,0.2,attitude_absolute,173,2550,5.93813319329085,3.77321520712448,5.46402213642826,2.66716732838966,2.62707805959881,6.79160502184565
QR_motioncap_brushless_Light_top_NoWind_test1,top,1,2,2,0.2,attitude_run_centered,173,2550,6.42823614162599,3.77245453827811,5.95416738464799,2.66716732838966,2.62707805959881,6.79160502184565
QR_motioncap_brushless_Light_top_NoWind_test1,top,1,3,3,-0.2,original_static,168,2491,7.33321652680683,5.32970230265306,6.57226082895569,3.72443324161797,3.10737762358234,8.36457480318091
QR_motioncap_brushless_Light_top_NoWind_test1,top,1,3,3,-0.2,attitude_absolute,168,2491,5.44757398588273,3.36928726297685,4.64699518525258,3.72443324161797,3.10737762358234,8.36457480318091
QR_motioncap_brushless_Light_top_NoWind_test1,top,1,3,3,-0.2,attitude_run_centered,168,2491,5.92400525709416,3.36914257173749,5.18695330265527,3.72443324161797,3.10737762358234,8.36457480318091
QR_motioncap_brushless_Light_top_NoWind_test1,top,1,3,3,-0.15,original_static,168,2490,7.33321652680683,5.32970230265306,6.56875072518717,3.71917623281573,3.10050152478263,8.37810002745176
QR_motioncap_brushless_Light_top_NoWind_test1,top,1,3,3,-0.15,attitude_absolute,168,2490,5.41802659972293,3.30741297552743,4.58243976890312,3.71917623281573,3.10050152478263,8.37810002745176
QR_motioncap_brushless_Light_top_NoWind_test1,top,1,3,3,-0.15,attitude_run_centered,168,2490,5.89798374904142,3.30725788257337,5.12928929682075,3.71917623281573,3.10050152478263,8.37810002745176
QR_motioncap_brushless_Light_top_NoWind_test1,top,1,3,3,-0.1,original_static,168,2491,7.33321652680683,5.32970230265306,6.57253573881126,3.71739715361928,3.09737381190897,8.39409870680054
QR_motioncap_brushless_Light_top_NoWind_test1,top,1,3,3,-0.1,attitude_absolute,168,2491,5.39318568120082,3.25760897596364,4.54017763235146,3.71739715361928,3.09737381190897,8.39409870680054
QR_motioncap_brushless_Light_top_NoWind_test1,top,1,3,3,-0.1,attitude_run_centered,168,2491,5.87602431248367,3.25752358081557,5.09111510304163,3.71739715361928,3.09737381190897,8.39409870680054
QR_motioncap_brushless_Light_top_NoWind_test1,top,1,3,3,-0.05,original_static,168,2491,7.33321652680683,5.32970230265306,6.58377556811349,3.71240884956099,3.09082275370799,8.40872881454494
QR_motioncap_brushless_Light_top_NoWind_test1,top,1,3,3,-0.05,attitude_absolute,168,2491,5.38349668981918,3.23128311850419,4.52371076597252,3.71240884956099,3.09082275370799,8.40872881454494
QR_motioncap_brushless_Light_top_NoWind_test1,top,1,3,3,-0.05,attitude_run_centered,168,2491,5.86786154121607,3.23135498311997,5.07581794557024,3.71240884956099,3.09082275370799,8.40872881454494
QR_motioncap_brushless_Light_top_NoWind_test1,top,1,3,3,0,original_static,168,2491,7.33321652680683,5.32970230265306,6.60304761576461,3.71146273664805,3.08886346467623,8.42353273182859
QR_motioncap_brushless_Light_top_NoWind_test1,top,1,3,3,0,attitude_absolute,168,2491,5.39028188858574,3.23484873352008,4.53239600986038,3.71146273664805,3.08886346467623,8.42353273182859
QR_motioncap_brushless_Light_top_NoWind_test1,top,1,3,3,0,attitude_run_centered,168,2491,5.87472542255182,3.23513462572581,5.0831019266394,3.71146273664805,3.08886346467623,8.42353273182859
QR_motioncap_brushless_Light_top_NoWind_test1,top,1,3,3,0.05,original_static,168,2491,7.33321652680683,5.32970230265306,6.62824536655404,3.7103619066195,3.08640489679204,8.43848543491672
QR_motioncap_brushless_Light_top_NoWind_test1,top,1,3,3,0.05,attitude_absolute,168,2491,5.40224454596682,3.25290689088224,4.56585963766121,3.7103619066195,3.08640489679204,8.43848543491672
QR_motioncap_brushless_Light_top_NoWind_test1,top,1,3,3,0.05,attitude_run_centered,168,2491,5.8860489468053,3.25347100128971,5.11200432988053,3.7103619066195,3.08640489679204,8.43848543491672
QR_motioncap_brushless_Light_top_NoWind_test1,top,1,3,3,0.1,original_static,168,2491,7.33321652680683,5.32970230265306,6.66271403457957,3.71129407467178,3.08727441857465,8.45353820712254
QR_motioncap_brushless_Light_top_NoWind_test1,top,1,3,3,0.1,attitude_absolute,168,2491,5.43313293221646,3.29679327755379,4.62805596626016,3.71129407467178,3.08727441857465,8.45353820712254
QR_motioncap_brushless_Light_top_NoWind_test1,top,1,3,3,0.1,attitude_run_centered,168,2491,5.9148546527233,3.29758348657086,5.1670236120543,3.71129407467178,3.08727441857465,8.45353820712254
QR_motioncap_brushless_Light_top_NoWind_test1,top,1,3,3,0.15,original_static,168,2491,7.33321652680683,5.32970230265306,6.70192998223023,3.71171653745111,3.08730387762268,8.46880333718738
QR_motioncap_brushless_Light_top_NoWind_test1,top,1,3,3,0.15,attitude_absolute,168,2491,5.47865076880971,3.36706144200188,4.71181194749325,3.71171653745111,3.08730387762268,8.46880333718738
QR_motioncap_brushless_Light_top_NoWind_test1,top,1,3,3,0.15,attitude_run_centered,168,2491,5.95703312302316,3.36804991389142,5.2415288091172,3.71171653745111,3.08730387762268,8.46880333718738
QR_motioncap_brushless_Light_top_NoWind_test1,top,1,3,3,0.2,original_static,168,2491,7.33321652680683,5.32970230265306,6.74771346486221,3.71758897925505,3.09412986077753,8.4841922393209
QR_motioncap_brushless_Light_top_NoWind_test1,top,1,3,3,0.2,attitude_absolute,168,2491,5.5334555210518,3.45983669806414,4.82025711228091,3.71758897925505,3.09412986077753,8.4841922393209
QR_motioncap_brushless_Light_top_NoWind_test1,top,1,3,3,0.2,attitude_run_centered,168,2491,6.00734925417485,3.46087606046093,5.33811214682783,3.71758897925505,3.09412986077753,8.4841922393209
QR_motioncap_brushless_Light_top_NoWind_test1,top,1,4,4,-0.2,original_static,154,2489,7.79264243180205,6.21661494248887,6.97538121619339,3.46587294782655,3.4481484211845,10.8258482539117
QR_motioncap_brushless_Light_top_NoWind_test1,top,1,4,4,-0.2,attitude_absolute,154,2489,6.17701588243372,3.90403096447673,5.55790968944971,3.46587294782655,3.4481484211845,10.8258482539117
QR_motioncap_brushless_Light_top_NoWind_test1,top,1,4,4,-0.2,attitude_run_centered,154,2489,6.66278828435286,3.90378372109416,6.06149540897023,3.46587294782655,3.4481484211845,10.8258482539117
QR_motioncap_brushless_Light_top_NoWind_test1,top,1,4,4,-0.15,original_static,154,2488,7.79264243180205,6.21661494248887,6.91102372769679,3.47706769599482,3.46080808200617,10.8392209657412
QR_motioncap_brushless_Light_top_NoWind_test1,top,1,4,4,-0.15,attitude_absolute,154,2488,6.12995858848768,3.85587474810065,5.45359887931278,3.47706769599482,3.46080808200617,10.8392209657412
QR_motioncap_brushless_Light_top_NoWind_test1,top,1,4,4,-0.15,attitude_run_centered,154,2488,6.61713949610734,3.85535465209823,5.96520463529417,3.47706769599482,3.46080808200617,10.8392209657412
QR_motioncap_brushless_Light_top_NoWind_test1,top,1,4,4,-0.1,original_static,154,2488,7.79264243180205,6.21661494248887,6.86545830835338,3.50094945503648,3.48592667576768,10.8554440574871
QR_motioncap_brushless_Light_top_NoWind_test1,top,1,4,4,-0.1,attitude_absolute,154,2488,6.12499187682705,3.86669410704958,5.41720682470528,3.50094945503648,3.48592667576768,10.8554440574871
QR_motioncap_brushless_Light_top_NoWind_test1,top,1,4,4,-0.1,attitude_run_centered,154,2488,6.61115277754424,3.86628925980825,5.93158035219974,3.50094945503648,3.48592667576768,10.8554440574871
QR_motioncap_brushless_Light_top_NoWind_test1,top,1,4,4,-0.05,original_static,154,2489,7.79264243180205,6.21661494248887,6.84026542034166,3.51659270073858,3.50274263512611,10.8652287675855
QR_motioncap_brushless_Light_top_NoWind_test1,top,1,4,4,-0.05,attitude_absolute,154,2489,6.16431314586325,3.93024815077059,5.45079857943327,3.51659270073858,3.50274263512611,10.8652287675855
QR_motioncap_brushless_Light_top_NoWind_test1,top,1,4,4,-0.05,attitude_run_centered,154,2489,6.6472938212914,3.92985866578139,5.96294197875045,3.51659270073858,3.50274263512611,10.8652287675855
QR_motioncap_brushless_Light_top_NoWind_test1,top,1,4,4,0,original_static,154,2489,7.79264243180205,6.21661494248887,6.83572474994088,3.53182501410405,3.51935807464785,10.8748063459313
QR_motioncap_brushless_Light_top_NoWind_test1,top,1,4,4,0,attitude_absolute,154,2489,6.24265925055359,4.05099791780463,5.54985265704017,3.53182501410405,3.51935807464785,10.8748063459313
QR_motioncap_brushless_Light_top_NoWind_test1,top,1,4,4,0,attitude_run_centered,154,2489,6.71987246154315,4.05072622752494,6.05455566557993,3.53182501410405,3.51935807464785,10.8748063459313
QR_motioncap_brushless_Light_top_NoWind_test1,top,1,4,4,0.05,original_static,154,2490,7.79264243180205,6.21661494248887,6.8477356474573,3.55095219013259,3.53952159640478,10.8806448751918
QR_motioncap_brushless_Light_top_NoWind_test1,top,1,4,4,0.05,attitude_absolute,154,2490,6.36486705426327,4.22533322631929,5.71833636796248,3.55095219013259,3.53952159640478,10.8806448751918
QR_motioncap_brushless_Light_top_NoWind_test1,top,1,4,4,0.05,attitude_run_centered,154,2490,6.83420074698474,4.22535015556506,6.21060893935013,3.55095219013259,3.53952159640478,10.8806448751918
QR_motioncap_brushless_Light_top_NoWind_test1,top,1,4,4,0.1,original_static,154,2488,7.79264243180205,6.21661494248887,6.88186629033667,3.56687999728345,3.55665535378273,10.8899069646374
QR_motioncap_brushless_Light_top_NoWind_test1,top,1,4,4,0.1,attitude_absolute,154,2488,6.52712762760965,4.44133967150435,5.95336942774814,3.56687999728345,3.55665535378273,10.8899069646374
QR_motioncap_brushless_Light_top_NoWind_test1,top,1,4,4,0.1,attitude_run_centered,154,2488,6.98713014643863,4.44143554427999,6.42972044861193,3.56687999728345,3.55665535378273,10.8899069646374
QR_motioncap_brushless_Light_top_NoWind_test1,top,1,4,4,0.15,original_static,154,2487,7.79264243180205,6.21661494248887,6.93203690555467,3.58407930742738,3.57564643717967,10.8974934541355
QR_motioncap_brushless_Light_top_NoWind_test1,top,1,4,4,0.15,attitude_absolute,154,2487,6.71385518082859,4.69273062337958,6.22745005378355,3.58407930742738,3.57564643717967,10.8974934541355
QR_motioncap_brushless_Light_top_NoWind_test1,top,1,4,4,0.15,attitude_run_centered,154,2487,7.16300010027084,4.69304086987515,6.68607055255846,3.58407930742738,3.57564643717967,10.8974934541355
QR_motioncap_brushless_Light_top_NoWind_test1,top,1,4,4,0.2,original_static,154,2489,7.79264243180205,6.21661494248887,7.00090949961578,3.61178053868941,3.60530885309483,10.8985310369158
QR_motioncap_brushless_Light_top_NoWind_test1,top,1,4,4,0.2,attitude_absolute,154,2489,6.94258273178161,4.98409358955494,6.56184537225675,3.61178053868941,3.60530885309483,10.8985310369158
QR_motioncap_brushless_Light_top_NoWind_test1,top,1,4,4,0.2,attitude_run_centered,154,2489,7.37991983797804,4.98467276255318,7.0011900592729,3.61178053868941,3.60530885309483,10.8985310369158
QR_motioncap_brushless_Light_top_NoWind_test1,top,1,5,5,-0.2,original_static,164,2476,4.99143903484209,2.74724362793452,4.61679699357898,1.46398453466677,1.42701518302952,4.29083391375281
QR_motioncap_brushless_Light_top_NoWind_test1,top,1,5,5,-0.2,attitude_absolute,164,2476,4.82977349833697,1.76811374152978,4.42915942313852,1.46398453466677,1.42701518302952,4.29083391375281
QR_motioncap_brushless_Light_top_NoWind_test1,top,1,5,5,-0.2,attitude_run_centered,164,2476,5.41323479655707,1.76771281179724,5.02685327092572,1.46398453466677,1.42701518302952,4.29083391375281
QR_motioncap_brushless_Light_top_NoWind_test1,top,1,5,5,-0.15,original_static,164,2474,4.99143903484209,2.74724362793452,4.60853777830132,1.46662154949807,1.42907119502549,4.27638190841102
QR_motioncap_brushless_Light_top_NoWind_test1,top,1,5,5,-0.15,attitude_absolute,164,2474,4.7975719465868,1.70490235873625,4.38219753371699,1.46662154949807,1.42907119502549,4.27638190841102
QR_motioncap_brushless_Light_top_NoWind_test1,top,1,5,5,-0.15,attitude_run_centered,164,2474,5.38320644256245,1.70435405251991,4.98314287065351,1.46662154949807,1.42907119502549,4.27638190841102
QR_motioncap_brushless_Light_top_NoWind_test1,top,1,5,5,-0.1,original_static,164,2476,4.99143903484209,2.74724362793452,4.60473641886961,1.46620033518451,1.42849286945838,4.26834723574813
QR_motioncap_brushless_Light_top_NoWind_test1,top,1,5,5,-0.1,attitude_absolute,164,2476,4.77670259295609,1.66707262202523,4.35342415000096,1.46620033518451,1.42849286945838,4.26834723574813
QR_motioncap_brushless_Light_top_NoWind_test1,top,1,5,5,-0.1,attitude_run_centered,164,2476,5.36359242228622,1.66647082083197,4.9559608151811,1.46620033518451,1.42849286945838,4.26834723574813
QR_motioncap_brushless_Light_top_NoWind_test1,top,1,5,5,-0.05,original_static,164,2475,4.99143903484209,2.74724362793452,4.60744574493154,1.46874510260119,1.4310368235966,4.26268926073997
QR_motioncap_brushless_Light_top_NoWind_test1,top,1,5,5,-0.05,attitude_absolute,164,2475,4.76574905201866,1.64917673739785,4.34142631738607,1.46874510260119,1.4310368235966,4.26268926073997
QR_motioncap_brushless_Light_top_NoWind_test1,top,1,5,5,-0.05,attitude_run_centered,164,2475,5.35321507000633,1.64858809506584,4.94410133550384,1.46874510260119,1.4310368235966,4.26268926073997
QR_motioncap_brushless_Light_top_NoWind_test1,top,1,5,5,0,original_static,164,2476,4.99143903484209,2.74724362793452,4.61332332393355,1.47054777086849,1.43224192326303,4.25983397133024
QR_motioncap_brushless_Light_top_NoWind_test1,top,1,5,5,0,attitude_absolute,164,2476,4.76279874854601,1.6542091348091,4.34429853291407,1.47054777086849,1.43224192326303,4.25983397133024
QR_motioncap_brushless_Light_top_NoWind_test1,top,1,5,5,0,attitude_run_centered,164,2476,5.34996628685094,1.65357443757174,4.94515473892453,1.47054777086849,1.43224192326303,4.25983397133024
QR_motioncap_brushless_Light_top_NoWind_test1,top,1,5,5,0.05,original_static,164,2476,4.99143903484209,2.74724362793452,4.623215757011,1.47016117261077,1.43143590162948,4.25862235843836
QR_motioncap_brushless_Light_top_NoWind_test1,top,1,5,5,0.05,attitude_absolute,164,2476,4.76585073260637,1.68081282500152,4.35868600430292,1.47016117261077,1.43143590162948,4.25862235843836
QR_motioncap_brushless_Light_top_NoWind_test1,top,1,5,5,0.05,attitude_run_centered,164,2476,5.35192350704268,1.6802868370576,4.95620972244927,1.47016117261077,1.43143590162948,4.25862235843836
QR_motioncap_brushless_Light_top_NoWind_test1,top,1,5,5,0.1,original_static,164,2475,4.99143903484209,2.74724362793452,4.63868862269344,1.4725077348366,1.43339985410016,4.25906934226008
QR_motioncap_brushless_Light_top_NoWind_test1,top,1,5,5,0.1,attitude_absolute,164,2475,4.78044863167329,1.72507614290909,4.39125295744254,1.4725077348366,1.43339985410016,4.25906934226008
QR_motioncap_brushless_Light_top_NoWind_test1,top,1,5,5,0.1,attitude_run_centered,164,2475,5.36484655668742,1.72468086262647,4.98416795836136,1.4725077348366,1.43339985410016,4.25906934226008
QR_motioncap_brushless_Light_top_NoWind_test1,top,1,5,5,0.15,original_static,164,2476,4.99143903484209,2.74724362793452,4.6566440399122,1.47457355888462,1.43475460772643,4.25868697129836
QR_motioncap_brushless_Light_top_NoWind_test1,top,1,5,5,0.15,attitude_absolute,164,2476,4.79708542455622,1.78237512745787,4.43147536920035,1.47457355888462,1.43475460772643,4.25868697129836
QR_motioncap_brushless_Light_top_NoWind_test1,top,1,5,5,0.15,attitude_run_centered,164,2476,5.37917042216194,1.78201673627928,5.01847022708645,1.47457355888462,1.43475460772643,4.25868697129836
QR_motioncap_brushless_Light_top_NoWind_test1,top,1,5,5,0.2,original_static,164,2476,4.99143903484209,2.74724362793452,4.67857120243871,1.47677742204156,1.43677460705177,4.25923891725807
QR_motioncap_brushless_Light_top_NoWind_test1,top,1,5,5,0.2,attitude_absolute,164,2476,4.82030743815773,1.85340777534516,4.48085723864099,1.47677742204156,1.43677460705177,4.25923891725807
QR_motioncap_brushless_Light_top_NoWind_test1,top,1,5,5,0.2,attitude_run_centered,164,2476,5.39952540931327,1.85317404727672,5.06123502639004,1.47677742204156,1.43677460705177,4.25923891725807
QR_motioncap_brushless_Light_top_NoWind_test2,top,2,1,1,-0.2,original_static,179,2608,4.92690988907335,4.03431600988163,4.15099085828445,2.26759559975479,2.11946053861464,5.63574244309107
QR_motioncap_brushless_Light_top_NoWind_test2,top,2,1,1,-0.2,attitude_absolute,179,2608,3.82732217956641,1.972448705018,3.37653977471803,2.26759559975479,2.11946053861464,5.63574244309107
QR_motioncap_brushless_Light_top_NoWind_test2,top,2,1,1,-0.2,attitude_run_centered,179,2608,3.93743038560962,1.9727203515998,3.5059969487779,2.26759559975479,2.11946053861464,5.63574244309107
QR_motioncap_brushless_Light_top_NoWind_test2,top,2,1,1,-0.15,original_static,179,2608,4.92690988907335,4.03431600988163,4.11582027518856,2.22801069423114,2.07968751806198,5.64513791411519
QR_motioncap_brushless_Light_top_NoWind_test2,top,2,1,1,-0.15,attitude_absolute,179,2608,3.8209013589932,1.9653011562122,3.33034730931236,2.22801069423114,2.07968751806198,5.64513791411519
QR_motioncap_brushless_Light_top_NoWind_test2,top,2,1,1,-0.15,attitude_run_centered,179,2608,3.93088102697533,1.96563027710611,3.46013573735746,2.22801069423114,2.07968751806198,5.64513791411519
QR_motioncap_brushless_Light_top_NoWind_test2,top,2,1,1,-0.1,original_static,179,2609,4.92690988907335,4.03431600988163,4.08860630015702,2.19432639997171,2.0461047710548,5.65444450161095
QR_motioncap_brushless_Light_top_NoWind_test2,top,2,1,1,-0.1,attitude_absolute,179,2609,3.82028655054942,1.9739437126733,3.30009890028299,2.19432639997171,2.0461047710548,5.65444450161095
QR_motioncap_brushless_Light_top_NoWind_test2,top,2,1,1,-0.1,attitude_run_centered,179,2609,3.92993784458164,1.97428610519154,3.42967545561834,2.19432639997171,2.0461047710548,5.65444450161095
QR_motioncap_brushless_Light_top_NoWind_test2,top,2,1,1,-0.05,original_static,179,2609,4.92690988907335,4.03431600988163,4.06858501185844,2.16770024649733,2.01981332772631,5.66203902279045
QR_motioncap_brushless_Light_top_NoWind_test2,top,2,1,1,-0.05,attitude_absolute,179,2609,3.82558853532088,1.99727945135395,3.28681057359655,2.16770024649733,2.01981332772631,5.66203902279045
QR_motioncap_brushless_Light_top_NoWind_test2,top,2,1,1,-0.05,attitude_run_centered,179,2609,3.93472703244981,1.99764762987677,3.41567148717345,2.16770024649733,2.01981332772631,5.66203902279045
QR_motioncap_brushless_Light_top_NoWind_test2,top,2,1,1,0,original_static,179,2610,4.92690988907335,4.03431600988163,4.05568907517203,2.14448752555128,1.9973623103441,5.6676955975319
QR_motioncap_brushless_Light_top_NoWind_test2,top,2,1,1,0,attitude_absolute,179,2610,3.84009338793006,2.03017723558805,3.28823954094371,2.14448752555128,1.9973623103441,5.6676955975319
QR_motioncap_brushless_Light_top_NoWind_test2,top,2,1,1,0,attitude_run_centered,179,2610,3.94846117392364,2.030552335818,3.41593515952069,2.14448752555128,1.9973623103441,5.6676955975319
QR_motioncap_brushless_Light_top_NoWind_test2,top,2,1,1,0.05,original_static,179,2608,4.92690988907335,4.03431600988163,4.05014844919092,2.1260935279973,1.9800192343627,5.67386768203982
QR_motioncap_brushless_Light_top_NoWind_test2,top,2,1,1,0.05,attitude_absolute,179,2608,3.86093926542521,2.08072607727126,3.30763989787179,2.1260935279973,1.9800192343627,5.67386768203982
QR_motioncap_brushless_Light_top_NoWind_test2,top,2,1,1,0.05,attitude_run_centered,179,2608,3.96836441798464,2.0810645297177,3.43368449383986,2.1260935279973,1.9800192343627,5.67386768203982
QR_motioncap_brushless_Light_top_NoWind_test2,top,2,1,1,0.1,original_static,179,2608,4.92690988907335,4.03431600988163,4.04980207767228,2.11100896892413,1.96622829814798,5.67856447241352
QR_motioncap_brushless_Light_top_NoWind_test2,top,2,1,1,0.1,attitude_absolute,179,2608,3.89157144463618,2.14562465063203,3.34314683341992,2.11100896892413,1.96622829814798,5.67856447241352
QR_motioncap_brushless_Light_top_NoWind_test2,top,2,1,1,0.1,attitude_run_centered,179,2608,3.99780617562465,2.14595083921641,3.46705710890207,2.11100896892413,1.96622829814798,5.67856447241352
QR_motioncap_brushless_Light_top_NoWind_test2,top,2,1,1,0.15,original_static,179,2610,4.92690988907335,4.03431600988163,4.05511095852108,2.09824979530528,1.9550580037008,5.68141175296889
QR_motioncap_brushless_Light_top_NoWind_test2,top,2,1,1,0.15,attitude_absolute,179,2610,3.92819220083823,2.2160441538201,3.39087216093511,2.09824979530528,1.9550580037008,5.68141175296889
QR_motioncap_brushless_Light_top_NoWind_test2,top,2,1,1,0.15,attitude_run_centered,179,2610,4.03315316382747,2.21635403814137,3.51251118730845,2.09824979530528,1.9550580037008,5.68141175296889
QR_motioncap_brushless_Light_top_NoWind_test2,top,2,1,1,0.2,original_static,179,2609,4.92690988907335,4.03431600988163,4.06412516256672,2.08606266534619,1.9442499188643,5.68530263860474
QR_motioncap_brushless_Light_top_NoWind_test2,top,2,1,1,0.2,attitude_absolute,179,2609,3.97491828531403,2.30660574707174,3.45380209017481,2.08606266534619,1.9442499188643,5.68530263860474
QR_motioncap_brushless_Light_top_NoWind_test2,top,2,1,1,0.2,attitude_run_centered,179,2609,4.0783723406174,2.30686697745617,3.57276403701831,2.08606266534619,1.9442499188643,5.68530263860474
QR_motioncap_brushless_Light_top_NoWind_test2,top,2,2,2,-0.2,original_static,171,2541,6.05041880082255,5.51187638787383,5.3777753405866,3.1428968397908,3.14883438188701,8.66898482505182
QR_motioncap_brushless_Light_top_NoWind_test2,top,2,2,2,-0.2,attitude_absolute,171,2541,4.69696141120905,3.57194003146894,4.40698683676077,3.1428968397908,3.14883438188701,8.66898482505182
QR_motioncap_brushless_Light_top_NoWind_test2,top,2,2,2,-0.2,attitude_run_centered,171,2541,4.81348760724035,3.57244060007876,4.53637134947795,3.1428968397908,3.14883438188701,8.66898482505182
QR_motioncap_brushless_Light_top_NoWind_test2,top,2,2,2,-0.15,original_static,171,2541,6.05041880082255,5.51187638787383,5.3092887197535,3.14541198564359,3.15134314826379,8.67059765706575
QR_motioncap_brushless_Light_top_NoWind_test2,top,2,2,2,-0.15,attitude_absolute,171,2541,4.57836228045512,3.38718577561826,4.21907782220578,3.14541198564359,3.15134314826379,8.67059765706575
QR_motioncap_brushless_Light_top_NoWind_test2,top,2,2,2,-0.15,attitude_run_centered,171,2541,4.69886965771269,3.38776020069376,4.35563078040535,3.14541198564359,3.15134314826379,8.67059765706575
QR_motioncap_brushless_Light_top_NoWind_test2,top,2,2,2,-0.1,original_static,171,2541,6.05041880082255,5.51187638787383,5.26087567959277,3.15165130432119,3.15775861880049,8.67264315865222
QR_motioncap_brushless_Light_top_NoWind_test2,top,2,2,2,-0.1,attitude_absolute,171,2541,4.52495041011598,3.28786090684233,4.12413506285234,3.15165130432119,3.15775861880049,8.67264315865222
QR_motioncap_brushless_Light_top_NoWind_test2,top,2,2,2,-0.1,attitude_run_centered,171,2541,4.64796108330456,3.28850228232502,4.2651925474502,3.15165130432119,3.15775861880049,8.67264315865222
QR_motioncap_brushless_Light_top_NoWind_test2,top,2,2,2,-0.05,original_static,171,2541,6.05041880082255,5.51187638787383,5.24021265288296,3.15118689234296,3.15735789846664,8.67497884937668
QR_motioncap_brushless_Light_top_NoWind_test2,top,2,2,2,-0.05,attitude_absolute,171,2541,4.52799685753226,3.27375242328192,4.1158946482928,3.15118689234296,3.15735789846664,8.67497884937668
QR_motioncap_brushless_Light_top_NoWind_test2,top,2,2,2,-0.05,attitude_run_centered,171,2541,4.65182966854816,3.27442394659069,4.25839474497652,3.15118689234296,3.15735789846664,8.67497884937668
QR_motioncap_brushless_Light_top_NoWind_test2,top,2,2,2,0,original_static,171,2541,6.05041880082255,5.51187638787383,5.24815608629888,3.15203084860359,3.15829271832435,8.67743276693074
QR_motioncap_brushless_Light_top_NoWind_test2,top,2,2,2,0,attitude_absolute,171,2541,4.5945167970935,3.34527989604924,4.2037346794066,3.15203084860359,3.15829271832435,8.67743276693074
QR_motioncap_brushless_Light_top_NoWind_test2,top,2,2,2,0,attitude_run_centered,171,2541,4.71747299713748,3.34599128938789,4.34439809960083,3.15203084860359,3.15829271832435,8.67743276693074
QR_motioncap_brushless_Light_top_NoWind_test2,top,2,2,2,0.05,original_static,171,2541,6.05041880082255,5.51187638787383,5.28771535181688,3.1474995282094,3.15376494548567,8.67992260121549
QR_motioncap_brushless_Light_top_NoWind_test2,top,2,2,2,0.05,attitude_absolute,171,2541,4.72098039225789,3.50607371110796,4.38448650627053,3.1474995282094,3.15376494548567,8.67992260121549
QR_motioncap_brushless_Light_top_NoWind_test2,top,2,2,2,0.05,attitude_run_centered,171,2541,4.84136722166305,3.50676222002665,4.52032789229882,3.1474995282094,3.15376494548567,8.67992260121549
QR_motioncap_brushless_Light_top_NoWind_test2,top,2,2,2,0.1,original_static,171,2541,6.05041880082255,5.51187638787383,5.35638319937203,3.14016368308963,3.14649465070061,8.6818329153541
QR_motioncap_brushless_Light_top_NoWind_test2,top,2,2,2,0.1,attitude_absolute,171,2541,4.89081513612866,3.73342989214515,4.6388580676937,3.14016368308963,3.14649465070061,8.6818329153541
QR_motioncap_brushless_Light_top_NoWind_test2,top,2,2,2,0.1,attitude_run_centered,171,2541,5.00726990738652,3.73405508105747,4.76745982847902,3.14016368308963,3.14649465070061,8.6818329153541
QR_motioncap_brushless_Light_top_NoWind_test2,top,2,2,2,0.15,original_static,171,2541,6.05041880082255,5.51187638787383,5.45559251313957,3.12956937206446,3.13577873653948,8.68274902788742
QR_motioncap_brushless_Light_top_NoWind_test2,top,2,2,2,0.15,attitude_absolute,171,2541,5.10367782992337,4.0036131181706,4.96715592202529,3.12956937206446,3.13577873653948,8.68274902788742
QR_motioncap_brushless_Light_top_NoWind_test2,top,2,2,2,0.15,attitude_run_centered,171,2541,5.21572528308506,4.00415801873076,5.08783772008124,3.12956937206446,3.13577873653948,8.68274902788742
QR_motioncap_brushless_Light_top_NoWind_test2,top,2,2,2,0.2,original_static,171,2541,6.05041880082255,5.51187638787383,5.57791365257006,3.12356823235274,3.1298748673557,8.68268644099573
QR_motioncap_brushless_Light_top_NoWind_test2,top,2,2,2,0.2,attitude_absolute,171,2541,5.35386838512283,4.31949956152204,5.34591962655431,3.12356823235274,3.1298748673557,8.68268644099573
QR_motioncap_brushless_Light_top_NoWind_test2,top,2,2,2,0.2,attitude_run_centered,171,2541,5.46086290409383,4.31993918130891,5.45812781433219,3.12356823235274,3.1298748673557,8.68268644099573
QR_motioncap_brushless_Light_top_NoWind_test2,top,2,3,3,-0.2,original_static,172,2482,4.88271547281424,3.44869501262765,3.99957338639691,2.91936130746389,2.09696883099581,4.616691792107
QR_motioncap_brushless_Light_top_NoWind_test2,top,2,3,3,-0.2,attitude_absolute,172,2482,4.21807893418787,2.09595766517072,3.64131722899255,2.91936130746389,2.09696883099581,4.616691792107
QR_motioncap_brushless_Light_top_NoWind_test2,top,2,3,3,-0.2,attitude_run_centered,172,2482,4.38316744071431,2.09642873027784,3.78634200785738,2.91936130746389,2.09696883099581,4.616691792107
QR_motioncap_brushless_Light_top_NoWind_test2,top,2,3,3,-0.15,original_static,172,2482,4.88271547281424,3.44869501262765,3.94507284395625,2.92237070211517,2.09884182252704,4.61384940003733
QR_motioncap_brushless_Light_top_NoWind_test2,top,2,3,3,-0.15,attitude_absolute,172,2482,4.19361068971458,2.07311476728011,3.56828496721445,2.92237070211517,2.09884182252704,4.61384940003733
QR_motioncap_brushless_Light_top_NoWind_test2,top,2,3,3,-0.15,attitude_run_centered,172,2482,4.35897903910141,2.07360023193023,3.71512244309889,2.92237070211517,2.09884182252704,4.61384940003733
QR_motioncap_brushless_Light_top_NoWind_test2,top,2,3,3,-0.1,original_static,172,2483,4.88271547281424,3.44869501262765,3.89702816017501,2.9260893453231,2.10162000693043,4.61091503019046
QR_motioncap_brushless_Light_top_NoWind_test2,top,2,3,3,-0.1,attitude_absolute,172,2483,4.18349530638235,2.0752242234833,3.51841854105796,2.9260893453231,2.10162000693043,4.61091503019046
QR_motioncap_brushless_Light_top_NoWind_test2,top,2,3,3,-0.1,attitude_run_centered,172,2483,4.34869878880127,2.07572769035567,3.66622766320477,2.9260893453231,2.10162000693043,4.61091503019046
QR_motioncap_brushless_Light_top_NoWind_test2,top,2,3,3,-0.05,original_static,172,2483,4.88271547281424,3.44869501262765,3.85954604130903,2.92863587715811,2.10283863189112,4.6077781455089
QR_motioncap_brushless_Light_top_NoWind_test2,top,2,3,3,-0.05,attitude_absolute,172,2483,4.18747117976163,2.09903728410774,3.4952783721581,2.92863587715811,2.10283863189112,4.6077781455089
QR_motioncap_brushless_Light_top_NoWind_test2,top,2,3,3,-0.05,attitude_run_centered,172,2483,4.35210634860257,2.09951781958589,3.64325173020155,2.92863587715811,2.10283863189112,4.6077781455089
QR_motioncap_brushless_Light_top_NoWind_test2,top,2,3,3,0,original_static,172,2483,4.88271547281424,3.44869501262765,3.83281528954518,2.93056023240547,2.10367695312348,4.60381819491515
QR_motioncap_brushless_Light_top_NoWind_test2,top,2,3,3,0,attitude_absolute,172,2483,4.19759846789984,2.14891016656504,3.49465257238821,2.93056023240547,2.10367695312348,4.60381819491515
QR_motioncap_brushless_Light_top_NoWind_test2,top,2,3,3,0,attitude_run_centered,172,2483,4.36107476304315,2.14935865343077,3.6414735298356,2.93056023240547,2.10367695312348,4.60381819491515
QR_motioncap_brushless_Light_top_NoWind_test2,top,2,3,3,0.05,original_static,172,2482,4.88271547281424,3.44869501262765,3.81750321911485,2.93375158768648,2.10560013113537,4.59853813939306
QR_motioncap_brushless_Light_top_NoWind_test2,top,2,3,3,0.05,attitude_absolute,172,2482,4.22215705654436,2.21939920192954,3.52103019222652,2.93375158768648,2.10560013113537,4.59853813939306
QR_motioncap_brushless_Light_top_NoWind_test2,top,2,3,3,0.05,attitude_run_centered,172,2482,4.38409691778834,2.21982695166952,3.66572527729422,2.93375158768648,2.10560013113537,4.59853813939306
QR_motioncap_brushless_Light_top_NoWind_test2,top,2,3,3,0.1,original_static,172,2482,4.88271547281424,3.44869501262765,3.81609226700477,2.93547309071932,2.10592315364381,4.59200533566134
QR_motioncap_brushless_Light_top_NoWind_test2,top,2,3,3,0.1,attitude_absolute,172,2482,4.25672203683535,2.31252290082956,3.56790014729845,2.93547309071932,2.10592315364381,4.59200533566134
QR_motioncap_brushless_Light_top_NoWind_test2,top,2,3,3,0.1,attitude_run_centered,172,2482,4.4165870268255,2.3129180243316,3.70962300882274,2.93547309071932,2.10592315364381,4.59200533566134
QR_motioncap_brushless_Light_top_NoWind_test2,top,2,3,3,0.15,original_static,172,2483,4.88271547281424,3.44869501262765,3.82497963876573,2.93688281394165,2.10640740359692,4.5840676663299
QR_motioncap_brushless_Light_top_NoWind_test2,top,2,3,3,0.15,attitude_absolute,172,2483,4.29285798226589,2.40499618006615,3.63885505421345,2.93688281394165,2.10640740359692,4.5840676663299
QR_motioncap_brushless_Light_top_NoWind_test2,top,2,3,3,0.15,attitude_run_centered,172,2483,4.45064573338603,2.40534701432409,3.77678306686531,2.93688281394165,2.10640740359692,4.5840676663299
QR_motioncap_brushless_Light_top_NoWind_test2,top,2,3,3,0.2,original_static,172,2483,4.88271547281424,3.44869501262765,3.84756506581026,2.93843782785501,2.10651851128966,4.5738703119171
QR_motioncap_brushless_Light_top_NoWind_test2,top,2,3,3,0.2,attitude_absolute,172,2483,4.34120348094205,2.51663289137837,3.72966667492684,2.93843782785501,2.10651851128966,4.5738703119171
QR_motioncap_brushless_Light_top_NoWind_test2,top,2,3,3,0.2,attitude_run_centered,172,2483,4.49648105322366,2.51695202649359,3.86321304695136,2.93843782785501,2.10651851128966,4.5738703119171
QR_motioncap_brushless_Light_top_NoWind_test2,top,2,4,4,-0.2,original_static,130,2498,7.16047246067686,5.7074882161948,6.80575931941574,2.95895332098539,2.94879540184671,10.5425678450147
QR_motioncap_brushless_Light_top_NoWind_test2,top,2,4,4,-0.2,attitude_absolute,130,2498,4.75354433846169,3.74342075709931,4.22947342856664,2.95895332098539,2.94879540184671,10.5425678450147
QR_motioncap_brushless_Light_top_NoWind_test2,top,2,4,4,-0.2,attitude_run_centered,130,2498,4.84832711236707,3.74467142503531,4.32287747620807,2.95895332098539,2.94879540184671,10.5425678450147
QR_motioncap_brushless_Light_top_NoWind_test2,top,2,4,4,-0.15,original_static,130,2497,7.16047246067686,5.7074882161948,6.76437879721376,2.92622231869735,2.91459092654025,10.5390433192446
QR_motioncap_brushless_Light_top_NoWind_test2,top,2,4,4,-0.15,attitude_absolute,130,2497,4.69160268168543,3.62358288745608,4.15031538731256,2.92622231869735,2.91459092654025,10.5390433192446
QR_motioncap_brushless_Light_top_NoWind_test2,top,2,4,4,-0.15,attitude_run_centered,130,2497,4.78994433980861,3.62480576983275,4.24758980811564,2.92622231869735,2.91459092654025,10.5390433192446
QR_motioncap_brushless_Light_top_NoWind_test2,top,2,4,4,-0.1,original_static,130,2498,7.16047246067686,5.7074882161948,6.73831719015204,2.89912667917179,2.88668634286713,10.5307918106542
QR_motioncap_brushless_Light_top_NoWind_test2,top,2,4,4,-0.1,attitude_absolute,130,2498,4.68400880753032,3.55948078300674,4.14999638083455,2.89912667917179,2.88668634286713,10.5307918106542
QR_motioncap_brushless_Light_top_NoWind_test2,top,2,4,4,-0.1,attitude_run_centered,130,2498,4.78529685037297,3.56064259991982,4.25009759218714,2.89912667917179,2.88668634286713,10.5307918106542
QR_motioncap_brushless_Light_top_NoWind_test2,top,2,4,4,-0.05,original_static,130,2498,7.16047246067686,5.7074882161948,6.73655812538288,2.89194878007238,2.87958910294255,10.5247607438657
QR_motioncap_brushless_Light_top_NoWind_test2,top,2,4,4,-0.05,attitude_absolute,130,2498,4.72358221859075,3.54435927367,4.22699373379763,2.89194878007238,2.87958910294255,10.5247607438657
QR_motioncap_brushless_Light_top_NoWind_test2,top,2,4,4,-0.05,attitude_run_centered,130,2498,4.82723832959358,3.54554474347223,4.32877429720909,2.89194878007238,2.87958910294255,10.5247607438657
QR_motioncap_brushless_Light_top_NoWind_test2,top,2,4,4,0,original_static,130,2498,7.16047246067686,5.7074882161948,6.74952476739753,2.89064811033676,2.879107228364,10.5195835079186
QR_motioncap_brushless_Light_top_NoWind_test2,top,2,4,4,0,attitude_absolute,130,2498,4.81246532081296,3.58921854786011,4.38090732672069,2.89064811033676,2.879107228364,10.5195835079186
QR_motioncap_brushless_Light_top_NoWind_test2,top,2,4,4,0,attitude_run_centered,130,2498,4.91754966878299,3.59043895559386,4.48299027859855,2.89064811033676,2.879107228364,10.5195835079186
QR_motioncap_brushless_Light_top_NoWind_test2,top,2,4,4,0.05,original_static,130,2498,7.16047246067686,5.7074882161948,6.78336070533805,2.90297496243451,2.89399411383326,10.5154477287446
QR_motioncap_brushless_Light_top_NoWind_test2,top,2,4,4,0.05,attitude_absolute,130,2498,4.91311769001433,3.65650849791888,4.55647589050209,2.90297496243451,2.89399411383326,10.5154477287446
QR_motioncap_brushless_Light_top_NoWind_test2,top,2,4,4,0.05,attitude_run_centered,130,2498,5.01918011886973,3.65770891976581,4.65869497609723,2.90297496243451,2.89399411383326,10.5154477287446
QR_motioncap_brushless_Light_top_NoWind_test2,top,2,4,4,0.1,original_static,130,2497,7.16047246067686,5.7074882161948,6.83568636311344,2.91439886564701,2.90864166175579,10.5140202545786
QR_motioncap_brushless_Light_top_NoWind_test2,top,2,4,4,0.1,attitude_absolute,130,2497,5.05901961498032,3.77845780634753,4.80003216772336,2.91439886564701,2.90864166175579,10.5140202545786
QR_motioncap_brushless_Light_top_NoWind_test2,top,2,4,4,0.1,attitude_run_centered,130,2497,5.16532490030492,3.77963043031599,4.90143211169718,2.91439886564701,2.90864166175579,10.5140202545786
QR_motioncap_brushless_Light_top_NoWind_test2,top,2,4,4,0.15,original_static,130,2498,7.16047246067686,5.7074882161948,6.90862105960702,2.9345910335317,2.93234019113223,10.5098539572281
QR_motioncap_brushless_Light_top_NoWind_test2,top,2,4,4,0.15,attitude_absolute,130,2498,5.22515808700274,3.94892787019116,5.06952006893745,2.9345910335317,2.93234019113223,10.5098539572281
QR_motioncap_brushless_Light_top_NoWind_test2,top,2,4,4,0.15,attitude_run_centered,130,2498,5.32995311289346,3.94999813410498,5.16866393104198,2.9345910335317,2.93234019113223,10.5098539572281
QR_motioncap_brushless_Light_top_NoWind_test2,top,2,4,4,0.2,original_static,130,2498,7.16047246067686,5.7074882161948,6.99240665195141,2.95245903093946,2.95370008218991,10.50796902068
QR_motioncap_brushless_Light_top_NoWind_test2,top,2,4,4,0.2,attitude_absolute,130,2498,5.41618430580414,4.1560299695955,5.37596686339633,2.95245903093946,2.95370008218991,10.50796902068
QR_motioncap_brushless_Light_top_NoWind_test2,top,2,4,4,0.2,attitude_run_centered,130,2498,5.51898046615207,4.15698302864538,5.47250601558439,2.95245903093946,2.95370008218991,10.50796902068
QR_motioncap_brushless_Light_top_NoWind_test2,top,2,5,5,-0.2,original_static,172,2481,4.37179373483796,2.56215066940172,3.93277662723689,2.02782310577918,1.98166560066254,3.85618271483232
QR_motioncap_brushless_Light_top_NoWind_test2,top,2,5,5,-0.2,attitude_absolute,172,2481,4.01729505490737,2.1171169077962,3.47808135729655,2.02782310577918,1.98166560066254,3.85618271483232
QR_motioncap_brushless_Light_top_NoWind_test2,top,2,5,5,-0.2,attitude_run_centered,172,2481,4.16187077636742,2.11760131358338,3.62680047345574,2.02782310577918,1.98166560066254,3.85618271483232
QR_motioncap_brushless_Light_top_NoWind_test2,top,2,5,5,-0.15,original_static,172,2480,4.37179373483796,2.56215066940172,3.92036526021464,1.99784875904848,1.953714370653,3.85961935249588
QR_motioncap_brushless_Light_top_NoWind_test2,top,2,5,5,-0.15,attitude_absolute,172,2480,4.00258738409457,2.08586396142879,3.44957298116858,1.99784875904848,1.953714370653,3.85961935249588
QR_motioncap_brushless_Light_top_NoWind_test2,top,2,5,5,-0.15,attitude_run_centered,172,2480,4.14774954056316,2.08634827083073,3.60009447937263,1.99784875904848,1.953714370653,3.85961935249588
QR_motioncap_brushless_Light_top_NoWind_test2,top,2,5,5,-0.1,original_static,172,2479,4.37179373483796,2.56215066940172,3.91506129664666,1.96775086376465,1.92535503116532,3.86473637911775
QR_motioncap_brushless_Light_top_NoWind_test2,top,2,5,5,-0.1,attitude_absolute,172,2479,4.00032290112685,2.0730620504372,3.44145386079309,1.96775086376465,1.92535503116532,3.86473637911775
QR_motioncap_brushless_Light_top_NoWind_test2,top,2,5,5,-0.1,attitude_run_centered,172,2479,4.14575401301008,2.07352517774451,3.59303491454969,1.96775086376465,1.92535503116532,3.86473637911775
QR_motioncap_brushless_Light_top_NoWind_test2,top,2,5,5,-0.05,original_static,172,2479,4.37179373483796,2.56215066940172,3.91744416290023,1.93779303661097,1.89752842184115,3.87035265809373
QR_motioncap_brushless_Light_top_NoWind_test2,top,2,5,5,-0.05,attitude_absolute,172,2479,4.00648045855639,2.07851880330254,3.45094506070438,1.93779303661097,1.89752842184115,3.87035265809373
QR_motioncap_brushless_Light_top_NoWind_test2,top,2,5,5,-0.05,attitude_run_centered,172,2479,4.15202790160657,2.07895950362698,3.60303792029061,1.93779303661097,1.89752842184115,3.87035265809373
QR_motioncap_brushless_Light_top_NoWind_test2,top,2,5,5,0,original_static,172,2481,4.37179373483796,2.56215066940172,3.92459070131481,1.90480470289333,1.86635454063538,3.8768395606252
QR_motioncap_brushless_Light_top_NoWind_test2,top,2,5,5,0,attitude_absolute,172,2481,4.01957263309948,2.09953924612972,3.47516621471986,1.90480470289333,1.86635454063538,3.8768395606252
QR_motioncap_brushless_Light_top_NoWind_test2,top,2,5,5,0,attitude_run_centered,172,2481,4.16474601759482,2.09994570817396,3.62684000319912,1.90480470289333,1.86635454063538,3.8768395606252
QR_motioncap_brushless_Light_top_NoWind_test2,top,2,5,5,0.05,original_static,172,2481,4.37179373483796,2.56215066940172,3.94007616622769,1.87497199328136,1.83828043158017,3.88326181213546
QR_motioncap_brushless_Light_top_NoWind_test2,top,2,5,5,0.05,attitude_absolute,172,2481,4.04210283182117,2.13712418155967,3.51889982089685,1.87497199328136,1.83828043158017,3.88326181213546
QR_motioncap_brushless_Light_top_NoWind_test2,top,2,5,5,0.05,attitude_run_centered,172,2481,4.18658953910411,2.13747798419952,3.66932109038705,1.87497199328136,1.83828043158017,3.88326181213546
QR_motioncap_brushless_Light_top_NoWind_test2,top,2,5,5,0.1,original_static,172,2481,4.37179373483796,2.56215066940172,3.96259728791279,1.8456543724462,1.81088299686004,3.88983780820422
QR_motioncap_brushless_Light_top_NoWind_test2,top,2,5,5,0.1,attitude_absolute,172,2481,4.07304335809055,2.1905840423053,3.58068213618766,1.8456543724462,1.81088299686004,3.88983780820422
QR_motioncap_brushless_Light_top_NoWind_test2,top,2,5,5,0.1,attitude_run_centered,172,2481,4.21668576575349,2.19087596992411,3.72933229236321,1.8456543724462,1.81088299686004,3.88983780820422
QR_motioncap_brushless_Light_top_NoWind_test2,top,2,5,5,0.15,original_static,172,2479,4.37179373483796,2.56215066940172,3.9887584268056,1.81659434029044,1.78341216071959,3.89618853744514
QR_motioncap_brushless_Light_top_NoWind_test2,top,2,5,5,0.15,attitude_absolute,172,2479,4.10971434188363,2.25669813185943,3.65400545041137,1.81659434029044,1.78341216071959,3.89618853744514
QR_motioncap_brushless_Light_top_NoWind_test2,top,2,5,5,0.15,attitude_run_centered,172,2479,4.25205105146348,2.25691778393118,3.80009817703287,1.81659434029044,1.78341216071959,3.89618853744514
QR_motioncap_brushless_Light_top_NoWind_test2,top,2,5,5,0.2,original_static,172,2479,4.37179373483796,2.56215066940172,4.022177222666,1.79145732233418,1.75993922887327,3.90216636406881
QR_motioncap_brushless_Light_top_NoWind_test2,top,2,5,5,0.2,attitude_absolute,172,2479,4.15624890443538,2.3368550825709,3.74455605145461,1.79145732233418,1.75993922887327,3.90216636406881
QR_motioncap_brushless_Light_top_NoWind_test2,top,2,5,5,0.2,attitude_run_centered,172,2479,4.29707258437425,2.33700255698911,3.8876787173682,1.79145732233418,1.75993922887327,3.90216636406881
QR_motioncap_brushless_Light_top_NoWind_test3,top,3,1,1,-0.2,original_static,178,2609,4.34876128779125,3.20869666956768,3.20004965490303,2.13626221154548,1.98544175619108,3.95935515465338
QR_motioncap_brushless_Light_top_NoWind_test3,top,3,1,1,-0.2,attitude_absolute,178,2609,3.5202556166876,2.01398735453433,2.58112238271823,2.13626221154548,1.98544175619108,3.95935515465338
QR_motioncap_brushless_Light_top_NoWind_test3,top,3,1,1,-0.2,attitude_run_centered,178,2609,3.6033281075674,2.01331239705576,2.66822405136235,2.13626221154548,1.98544175619108,3.95935515465338
QR_motioncap_brushless_Light_top_NoWind_test3,top,3,1,1,-0.15,original_static,178,2609,4.34876128779125,3.20869666956768,3.17646439342096,2.12680225971882,1.97660142887868,3.95804242852098
QR_motioncap_brushless_Light_top_NoWind_test3,top,3,1,1,-0.15,attitude_absolute,178,2609,3.50385926241598,1.9901777164555,2.52756520806594,2.12680225971882,1.97660142887868,3.95804242852098
QR_motioncap_brushless_Light_top_NoWind_test3,top,3,1,1,-0.15,attitude_run_centered,178,2609,3.58695127031938,1.9894488994805,2.61557722716914,2.12680225971882,1.97660142887868,3.95804242852098
QR_motioncap_brushless_Light_top_NoWind_test3,top,3,1,1,-0.1,original_static,178,2609,4.34876128779125,3.20869666956768,3.16125728338232,2.1166933741901,1.96770960300794,3.95666471485465
QR_motioncap_brushless_Light_top_NoWind_test3,top,3,1,1,-0.1,attitude_absolute,178,2609,3.49865207674202,1.98653052364008,2.49648679833814,2.1166933741901,1.96770960300794,3.95666471485465
QR_motioncap_brushless_Light_top_NoWind_test3,top,3,1,1,-0.1,attitude_run_centered,178,2609,3.58139811369494,1.98577036189289,2.58457451988875,2.1166933741901,1.96770960300794,3.95666471485465
QR_motioncap_brushless_Light_top_NoWind_test3,top,3,1,1,-0.05,original_static,178,2609,4.34876128779125,3.20869666956768,3.15309974552928,2.10875220797776,1.9605235309222,3.95525614373715
QR_motioncap_brushless_Light_top_NoWind_test3,top,3,1,1,-0.05,attitude_absolute,178,2609,3.50311818502304,2.00102689947517,2.48900181463009,2.10875220797776,1.9605235309222,3.95525614373715
QR_motioncap_brushless_Light_top_NoWind_test3,top,3,1,1,-0.05,attitude_run_centered,178,2609,3.58554005073191,2.00025508077838,2.57657796723289,2.10875220797776,1.9605235309222,3.95525614373715
QR_motioncap_brushless_Light_top_NoWind_test3,top,3,1,1,0,original_static,178,2609,4.34876128779125,3.20869666956768,3.15325400617396,2.10171612524975,1.95319671698857,3.95386150048243
QR_motioncap_brushless_Light_top_NoWind_test3,top,3,1,1,0,attitude_absolute,178,2609,3.51763501615924,2.03323951401437,2.50567151854183,2.10171612524975,1.95319671698857,3.95386150048243
QR_motioncap_brushless_Light_top_NoWind_test3,top,3,1,1,0,attitude_run_centered,178,2609,3.59956019195347,2.03246121056993,2.59188008882951,2.10171612524975,1.95319671698857,3.95386150048243
QR_motioncap_brushless_Light_top_NoWind_test3,top,3,1,1,0.05,original_static,178,2609,4.34876128779125,3.20869666956768,3.16193379343867,2.09458220672666,1.94663593977471,3.95255677383157
QR_motioncap_brushless_Light_top_NoWind_test3,top,3,1,1,0.05,attitude_absolute,178,2609,3.54353646589779,2.08409712962759,2.54964716605869,2.09458220672666,1.94663593977471,3.95255677383157
QR_motioncap_brushless_Light_top_NoWind_test3,top,3,1,1,0.05,attitude_run_centered,178,2609,3.62468379343662,2.08332593036482,2.63373575611149,2.09458220672666,1.94663593977471,3.95255677383157
QR_motioncap_brushless_Light_top_NoWind_test3,top,3,1,1,0.1,original_static,178,2609,4.34876128779125,3.20869666956768,3.17982659115539,2.08853005732029,1.94043805830495,3.95137018533678
QR_motioncap_brushless_Light_top_NoWind_test3,top,3,1,1,0.1,attitude_absolute,178,2609,3.58056213197837,2.15026011312347,2.61506173664613,2.08853005732029,1.94043805830495,3.95137018533678
QR_motioncap_brushless_Light_top_NoWind_test3,top,3,1,1,0.1,attitude_run_centered,178,2609,3.66101669874314,2.14952281728444,2.69672595400215,2.08853005732029,1.94043805830495,3.95137018533678
QR_motioncap_brushless_Light_top_NoWind_test3,top,3,1,1,0.15,original_static,178,2609,4.34876128779125,3.20869666956768,3.20441482672591,2.08321677343651,1.93477815760144,3.95033720092523
QR_motioncap_brushless_Light_top_NoWind_test3,top,3,1,1,0.15,attitude_absolute,178,2609,3.62602179082547,2.22968639582675,2.70187998947068,2.08321677343651,1.93477815760144,3.95033720092523
QR_motioncap_brushless_Light_top_NoWind_test3,top,3,1,1,0.15,attitude_run_centered,178,2609,3.70550013506227,2.22897454048932,2.78048902317686,2.08321677343651,1.93477815760144,3.95033720092523
QR_motioncap_brushless_Light_top_NoWind_test3,top,3,1,1,0.2,original_static,178,2609,4.34876128779125,3.20869666956768,3.23746561332194,2.07671092033968,1.92883019092652,3.94947049991707
QR_motioncap_brushless_Light_top_NoWind_test3,top,3,1,1,0.2,attitude_absolute,178,2609,3.67908542039672,2.32015042634895,2.80683088459253,2.07671092033968,1.92883019092652,3.94947049991707
QR_motioncap_brushless_Light_top_NoWind_test3,top,3,1,1,0.2,attitude_run_centered,178,2609,3.75739394375999,2.3194644994529,2.88213457026961,2.07671092033968,1.92883019092652,3.94947049991707
QR_motioncap_brushless_Light_top_NoWind_test3,top,3,2,2,-0.2,original_static,166,2526,5.87257121820129,5.83716617312642,5.10511526278467,3.30244614754142,3.29173216029792,9.42432891278145
QR_motioncap_brushless_Light_top_NoWind_test3,top,3,2,2,-0.2,attitude_absolute,166,2526,4.08366103602046,3.817940299182,3.21579336521583,3.30244614754142,3.29173216029792,9.42432891278145
QR_motioncap_brushless_Light_top_NoWind_test3,top,3,2,2,-0.2,attitude_run_centered,166,2526,4.1474978566444,3.81576960796637,3.28187699615653,3.30244614754142,3.29173216029792,9.42432891278145
QR_motioncap_brushless_Light_top_NoWind_test3,top,3,2,2,-0.15,original_static,166,2524,5.87257121820129,5.83716617312642,5.05712333646747,3.30545088439334,3.29560645121774,9.42560151154666
QR_motioncap_brushless_Light_top_NoWind_test3,top,3,2,2,-0.15,attitude_absolute,166,2524,3.99593148234445,3.70280395061008,3.02958357370359,3.30545088439334,3.29560645121774,9.42560151154666
QR_motioncap_brushless_Light_top_NoWind_test3,top,3,2,2,-0.15,attitude_run_centered,166,2524,4.06346294294178,3.70074016410934,3.10336812961817,3.30545088439334,3.29560645121774,9.42560151154666
QR_motioncap_brushless_Light_top_NoWind_test3,top,3,2,2,-0.1,original_static,166,2526,5.87257121820129,5.83716617312642,5.034259070416,3.31218605516048,3.30350969784155,9.42191586614793
QR_motioncap_brushless_Light_top_NoWind_test3,top,3,2,2,-0.1,attitude_absolute,166,2526,3.97947143928871,3.66833002645789,2.97332469233568,3.31218605516048,3.30350969784155,9.42191586614793
QR_motioncap_brushless_Light_top_NoWind_test3,top,3,2,2,-0.1,attitude_run_centered,166,2526,4.04919366028562,3.66646526663978,3.0519950739623,3.31218605516048,3.30350969784155,9.42191586614793
QR_motioncap_brushless_Light_top_NoWind_test3,top,3,2,2,-0.05,original_static,166,2526,5.87257121820129,5.83716617312642,5.03922133036045,3.31529294888474,3.30711758294673,9.42097039116382
QR_motioncap_brushless_Light_top_NoWind_test3,top,3,2,2,-0.05,attitude_absolute,166,2526,4.04853351484799,3.7231805157522,3.06796338003592,3.31529294888474,3.30711758294673,9.42097039116382
QR_motioncap_brushless_Light_top_NoWind_test3,top,3,2,2,-0.05,attitude_run_centered,166,2526,4.11940952849099,3.72157157812702,3.14786637285301,3.31529294888474,3.30711758294673,9.42097039116382
QR_motioncap_brushless_Light_top_NoWind_test3,top,3,2,2,0,original_static,166,2526,5.87257121820129,5.83716617312642,5.07315151907398,3.3164226255917,3.30905280797478,9.41969572088192
QR_motioncap_brushless_Light_top_NoWind_test3,top,3,2,2,0,attitude_absolute,166,2526,4.16295458603291,3.8318572165888,3.25903843716286,3.3164226255917,3.30905280797478,9.41969572088192
QR_motioncap_brushless_Light_top_NoWind_test3,top,3,2,2,0,attitude_run_centered,166,2526,4.2336990612081,3.83043291553811,3.33748710846727,3.3164226255917,3.30905280797478,9.41969572088192
QR_motioncap_brushless_Light_top_NoWind_test3,top,3,2,2,0.05,original_static,166,2526,5.87257121820129,5.83716617312642,5.12933403391416,3.31900928610785,3.31278527969268,9.41766246936096
QR_motioncap_brushless_Light_top_NoWind_test3,top,3,2,2,0.05,attitude_absolute,166,2526,4.34934809641267,4.02340168391289,3.55519683965254,3.31900928610785,3.31278527969268,9.41766246936096
QR_motioncap_brushless_Light_top_NoWind_test3,top,3,2,2,0.05,attitude_run_centered,166,2526,4.4184466596904,4.02218656310766,3.62984394669162,3.31900928610785,3.31278527969268,9.41766246936096
QR_motioncap_brushless_Light_top_NoWind_test3,top,3,2,2,0.1,original_static,166,2525,5.87257121820129,5.83716617312642,5.2082668851791,3.31229956963219,3.30688318321933,9.4162743871969
QR_motioncap_brushless_Light_top_NoWind_test3,top,3,2,2,0.1,attitude_absolute,166,2525,4.60634908437492,4.28622280445196,3.93873710758856,3.31229956963219,3.30688318321933,9.4162743871969
QR_motioncap_brushless_Light_top_NoWind_test3,top,3,2,2,0.1,attitude_run_centered,166,2525,4.67339769324513,4.28526016954398,4.00905350411792,3.31229956963219,3.30688318321933,9.4162743871969
QR_motioncap_brushless_Light_top_NoWind_test3,top,3,2,2,0.15,original_static,166,2525,5.87257121820129,5.83716617312642,5.29992638150541,3.30417791125245,3.29960153779534,9.41209261854005
QR_motioncap_brushless_Light_top_NoWind_test3,top,3,2,2,0.15,attitude_absolute,166,2525,4.87601385385552,4.56788438396991,4.34358861371952,3.30417791125245,3.29960153779534,9.41209261854005
QR_motioncap_brushless_Light_top_NoWind_test3,top,3,2,2,0.15,attitude_run_centered,166,2525,4.94042147792315,4.56709909585233,4.40951674310519,3.30417791125245,3.29960153779534,9.41209261854005
QR_motioncap_brushless_Light_top_NoWind_test3,top,3,2,2,0.2,original_static,166,2526,5.87257121820129,5.83716617312642,5.40443844563454,3.29396908215709,3.29038129777721,9.40495979238132
QR_motioncap_brushless_Light_top_NoWind_test3,top,3,2,2,0.2,attitude_absolute,166,2526,5.20133361435515,4.90636418811441,4.80056018870237,3.29396908215709,3.29038129777721,9.40495979238132
QR_motioncap_brushless_Light_top_NoWind_test3,top,3,2,2,0.2,attitude_run_centered,166,2526,5.26285988259991,4.90577732472719,4.86244406312911,3.29396908215709,3.29038129777721,9.40495979238132
QR_motioncap_brushless_Light_top_NoWind_test3,top,3,3,3,-0.2,original_static,168,2468,3.67877194291732,3.42892231392522,2.86191678791411,2.96717049863078,2.08663841738801,4.87574070322333
QR_motioncap_brushless_Light_top_NoWind_test3,top,3,3,3,-0.2,attitude_absolute,168,2468,2.8861825430606,2.19693290528707,2.00348773039525,2.96717049863078,2.08663841738801,4.87574070322333
QR_motioncap_brushless_Light_top_NoWind_test3,top,3,3,3,-0.2,attitude_run_centered,168,2468,2.9655423262747,2.19640497793139,2.09077332562596,2.96717049863078,2.08663841738801,4.87574070322333
QR_motioncap_brushless_Light_top_NoWind_test3,top,3,3,3,-0.15,original_static,168,2467,3.67877194291732,3.42892231392522,2.8390389840252,2.96616747155336,2.08453094383404,4.87692122411969
QR_motioncap_brushless_Light_top_NoWind_test3,top,3,3,3,-0.15,attitude_absolute,168,2467,2.8602069989779,2.16369292717763,1.93187176387462,2.96616747155336,2.08453094383404,4.87692122411969
QR_motioncap_brushless_Light_top_NoWind_test3,top,3,3,3,-0.15,attitude_run_centered,168,2467,2.94020079512912,2.16314335295191,2.02161859763841,2.96616747155336,2.08453094383404,4.87692122411969
QR_motioncap_brushless_Light_top_NoWind_test3,top,3,3,3,-0.1,original_static,168,2468,3.67877194291732,3.42892231392522,2.82709540046801,2.96434627706684,2.08066702178092,4.87662438600931
QR_motioncap_brushless_Light_top_NoWind_test3,top,3,3,3,-0.1,attitude_absolute,168,2468,2.84910563694876,2.14851543036923,1.89821439709925,2.96434627706684,2.08066702178092,4.87662438600931
QR_motioncap_brushless_Light_top_NoWind_test3,top,3,3,3,-0.1,attitude_run_centered,168,2468,2.92960571750064,2.14794559969435,1.98929443163078,2.96434627706684,2.08066702178092,4.87662438600931
QR_motioncap_brushless_Light_top_NoWind_test3,top,3,3,3,-0.05,original_static,168,2468,3.67877194291732,3.42892231392522,2.82323533970571,2.96434064335557,2.07911570833657,4.87672210677178
QR_motioncap_brushless_Light_top_NoWind_test3,top,3,3,3,-0.05,attitude_absolute,168,2468,2.84621819716442,2.1481341566946,1.89640166045365,2.96434064335557,2.07911570833657,4.87672210677178
QR_motioncap_brushless_Light_top_NoWind_test3,top,3,3,3,-0.05,attitude_run_centered,168,2468,2.92677773880702,2.14758114397334,1.98683735425662,2.96434064335557,2.07911570833657,4.87672210677178
QR_motioncap_brushless_Light_top_NoWind_test3,top,3,3,3,0,original_static,168,2468,3.67877194291732,3.42892231392522,2.8267307627496,2.96319665429629,2.07603801423938,4.87655154838892
QR_motioncap_brushless_Light_top_NoWind_test3,top,3,3,3,0,attitude_absolute,168,2468,2.86334280159585,2.16911920953676,1.93519838494929,2.96319665429629,2.07603801423938,4.87655154838892
QR_motioncap_brushless_Light_top_NoWind_test3,top,3,3,3,0,attitude_run_centered,168,2468,2.94369510512017,2.16858070334386,2.02384426129793,2.96319665429629,2.07603801423938,4.87655154838892
QR_motioncap_brushless_Light_top_NoWind_test3,top,3,3,3,0.05,original_static,168,2468,3.67877194291732,3.42892231392522,2.84194587796421,2.96416075548469,2.07606424706931,4.87604191442182
QR_motioncap_brushless_Light_top_NoWind_test3,top,3,3,3,0.05,attitude_absolute,168,2468,2.89283720088549,2.207533714735,2.00761084355608,2.96416075548469,2.07606424706931,4.87604191442182
QR_motioncap_brushless_Light_top_NoWind_test3,top,3,3,3,0.05,attitude_run_centered,168,2468,2.97278327185515,2.20702348820043,2.09332085679165,2.96416075548469,2.07606424706931,4.87604191442182
QR_motioncap_brushless_Light_top_NoWind_test3,top,3,3,3,0.1,original_static,168,2468,3.67877194291732,3.42892231392522,2.86480210635638,2.96388332750697,2.07495939570282,4.87515619780312
QR_motioncap_brushless_Light_top_NoWind_test3,top,3,3,3,0.1,attitude_absolute,168,2468,2.93228109941627,2.26095825526977,2.1032013318725,2.96388332750697,2.07495939570282,4.87515619780312
QR_motioncap_brushless_Light_top_NoWind_test3,top,3,3,3,0.1,attitude_run_centered,168,2468,3.01126622167394,2.26050419173353,2.18495000398108,2.96388332750697,2.07495939570282,4.87515619780312
QR_motioncap_brushless_Light_top_NoWind_test3,top,3,3,3,0.15,original_static,168,2468,3.67877194291732,3.42892231392522,2.89356585346758,2.96539745232346,2.07638346545695,4.87408005638848
QR_motioncap_brushless_Light_top_NoWind_test3,top,3,3,3,0.15,attitude_absolute,168,2468,2.98985507758513,2.3322779978569,2.22993496365322,2.96539745232346,2.07638346545695,4.87408005638848
QR_motioncap_brushless_Light_top_NoWind_test3,top,3,3,3,0.15,attitude_run_centered,168,2468,3.06786241749129,2.33186503324908,2.30768678143784,2.96539745232346,2.07638346545695,4.87408005638848
QR_motioncap_brushless_Light_top_NoWind_test3,top,3,3,3,0.2,original_static,168,2469,3.67877194291732,3.42892231392522,2.92979058453113,2.96608546743887,2.07685248743464,4.87241247462016
QR_motioncap_brushless_Light_top_NoWind_test3,top,3,3,3,0.2,attitude_absolute,168,2469,3.0617442839186,2.41785286236959,2.37386127792465,2.96608546743887,2.07685248743464,4.87241247462016
QR_motioncap_brushless_Light_top_NoWind_test3,top,3,3,3,0.2,attitude_run_centered,168,2469,3.13867230973057,2.4175067134042,2.44784398958475,2.96608546743887,2.07685248743464,4.87241247462016
QR_motioncap_brushless_Light_top_NoWind_test3,top,3,4,4,-0.2,original_static,122,2526,5.83941412642632,5.31556472989748,5.64527753750573,3.13726649603993,3.1285188476077,8.24822593017178
QR_motioncap_brushless_Light_top_NoWind_test3,top,3,4,4,-0.2,attitude_absolute,122,2526,3.58588284204176,3.48113366092321,3.37411102511058,3.13726649603993,3.1285188476077,8.24822593017178
QR_motioncap_brushless_Light_top_NoWind_test3,top,3,4,4,-0.2,attitude_run_centered,122,2526,3.61369945312918,3.48161264118307,3.39085059140338,3.13726649603993,3.1285188476077,8.24822593017178
QR_motioncap_brushless_Light_top_NoWind_test3,top,3,4,4,-0.15,original_static,122,2525,5.83941412642632,5.31556472989748,5.55735444161705,3.10458686962269,3.09433025666641,8.25195685944287
QR_motioncap_brushless_Light_top_NoWind_test3,top,3,4,4,-0.15,attitude_absolute,122,2525,3.59016835285743,3.47593312446785,3.27488349830203,3.10458686962269,3.09433025666641,8.25195685944287
QR_motioncap_brushless_Light_top_NoWind_test3,top,3,4,4,-0.15,attitude_run_centered,122,2525,3.62092124738997,3.47627923838447,3.29466120891627,3.10458686962269,3.09433025666641,8.25195685944287
QR_motioncap_brushless_Light_top_NoWind_test3,top,3,4,4,-0.1,original_static,122,2526,5.83941412642632,5.31556472989748,5.49543981240023,3.11050479132567,3.09903896079713,8.25277556450022
QR_motioncap_brushless_Light_top_NoWind_test3,top,3,4,4,-0.1,attitude_absolute,122,2526,3.61339459141587,3.48948378259463,3.25836536800013,3.11050479132567,3.09903896079713,8.25277556450022
QR_motioncap_brushless_Light_top_NoWind_test3,top,3,4,4,-0.1,attitude_run_centered,122,2526,3.64703537402714,3.48964553913222,3.28098101302592,3.11050479132567,3.09903896079713,8.25277556450022
QR_motioncap_brushless_Light_top_NoWind_test3,top,3,4,4,-0.05,original_static,122,2525,5.83941412642632,5.31556472989748,5.44590448176395,3.1216214262919,3.1090011648232,8.2556232367606
QR_motioncap_brushless_Light_top_NoWind_test3,top,3,4,4,-0.05,attitude_absolute,122,2525,3.66941672498132,3.53321489054018,3.27799145970516,3.1216214262919,3.1090011648232,8.2556232367606
QR_motioncap_brushless_Light_top_NoWind_test3,top,3,4,4,-0.05,attitude_run_centered,122,2525,3.70600755450842,3.5331975979292,3.30388424082873,3.1216214262919,3.1090011648232,8.2556232367606
QR_motioncap_brushless_Light_top_NoWind_test3,top,3,4,4,0,original_static,122,2526,5.83941412642632,5.31556472989748,5.40904627218744,3.12468477719264,3.11137408903172,8.25470225879498
QR_motioncap_brushless_Light_top_NoWind_test3,top,3,4,4,0,attitude_absolute,122,2526,3.7728081366549,3.62465414035235,3.33812119843161,3.12468477719264,3.11137408903172,8.25470225879498
QR_motioncap_brushless_Light_top_NoWind_test3,top,3,4,4,0,attitude_run_centered,122,2526,3.81178334346092,3.62451343543089,3.36714026315921,3.12468477719264,3.11137408903172,8.25470225879498
QR_motioncap_brushless_Light_top_NoWind_test3,top,3,4,4,0.05,original_static,122,2525,5.83941412642632,5.31556472989748,5.41084047090983,3.16050255251842,3.14675917829996,8.25491946141506
QR_motioncap_brushless_Light_top_NoWind_test3,top,3,4,4,0.05,attitude_absolute,122,2525,3.90938835220974,3.75180304006308,3.47884067923345,3.16050255251842,3.14675917829996,8.25491946141506
QR_motioncap_brushless_Light_top_NoWind_test3,top,3,4,4,0.05,attitude_run_centered,122,2525,3.94992540745905,3.75158881122108,3.51015294037071,3.16050255251842,3.14675917829996,8.25491946141506
QR_motioncap_brushless_Light_top_NoWind_test3,top,3,4,4,0.1,original_static,122,2525,5.83941412642632,5.31556472989748,5.43880727860762,3.18955213003879,3.17376859017659,8.25332985763945
QR_motioncap_brushless_Light_top_NoWind_test3,top,3,4,4,0.1,attitude_absolute,122,2525,4.08106413456176,3.91246999395867,3.67438849425578,3.18955213003879,3.17376859017659,8.25332985763945
QR_motioncap_brushless_Light_top_NoWind_test3,top,3,4,4,0.1,attitude_run_centered,122,2525,4.12299359656785,3.91215964504665,3.70767692191472,3.18955213003879,3.17376859017659,8.25332985763945
QR_motioncap_brushless_Light_top_NoWind_test3,top,3,4,4,0.15,original_static,122,2526,5.83941412642632,5.31556472989748,5.49148492561637,3.21171100303193,3.19394512305197,8.24935159100504
QR_motioncap_brushless_Light_top_NoWind_test3,top,3,4,4,0.15,attitude_absolute,122,2526,4.29650116084729,4.12026960665537,3.93658036520907,3.21171100303193,3.19394512305197,8.24935159100504
QR_motioncap_brushless_Light_top_NoWind_test3,top,3,4,4,0.15,attitude_run_centered,122,2526,4.33879524491498,4.11989186291338,3.97077517270758,3.21171100303193,3.19394512305197,8.24935159100504
QR_motioncap_brushless_Light_top_NoWind_test3,top,3,4,4,0.2,original_static,122,2525,5.83941412642632,5.31556472989748,5.55403388890893,3.25250999497987,3.23219439320254,8.24704819674856
QR_motioncap_brushless_Light_top_NoWind_test3,top,3,4,4,0.2,attitude_absolute,122,2525,4.54149049715842,4.35856244086652,4.25352425483519,3.25250999497987,3.23219439320254,8.24704819674856
QR_motioncap_brushless_Light_top_NoWind_test3,top,3,4,4,0.2,attitude_run_centered,122,2525,4.5836925386635,4.35816280622844,4.28758495156057,3.25250999497987,3.23219439320254,8.24704819674856
QR_motioncap_brushless_Light_top_NoWind_test3,top,3,5,5,-0.2,original_static,166,2449,2.81611813216405,2.67006036701233,2.32859045025655,1.5422599024275,1.49702987290449,3.79313441606749
QR_motioncap_brushless_Light_top_NoWind_test3,top,3,5,5,-0.2,attitude_absolute,166,2449,1.9922142951051,1.78685007003055,1.64564558837369,1.5422599024275,1.49702987290449,3.79313441606749
QR_motioncap_brushless_Light_top_NoWind_test3,top,3,5,5,-0.2,attitude_run_centered,166,2449,2.06407706936845,1.78680742936588,1.69408132463505,1.5422599024275,1.49702987290449,3.79313441606749
QR_motioncap_brushless_Light_top_NoWind_test3,top,3,5,5,-0.15,original_static,166,2449,2.81611813216405,2.67006036701233,2.30513838082024,1.53674844788691,1.49139469197277,3.78790676568459
QR_motioncap_brushless_Light_top_NoWind_test3,top,3,5,5,-0.15,attitude_absolute,166,2449,1.9773876136933,1.76657224747729,1.5769271090807,1.53674844788691,1.49139469197277,3.78790676568459
QR_motioncap_brushless_Light_top_NoWind_test3,top,3,5,5,-0.15,attitude_run_centered,166,2449,2.0502827954037,1.7664970138597,1.62787476618992,1.53674844788691,1.49139469197277,3.78790676568459
QR_motioncap_brushless_Light_top_NoWind_test3,top,3,5,5,-0.1,original_static,166,2450,2.81611813216405,2.67006036701233,2.28953451405317,1.53115641702846,1.48624410307255,3.78183586254664
QR_motioncap_brushless_Light_top_NoWind_test3,top,3,5,5,-0.1,attitude_absolute,166,2450,1.97689648675949,1.76281601807789,1.54242034778319,1.53115641702846,1.48624410307255,3.78183586254664
QR_motioncap_brushless_Light_top_NoWind_test3,top,3,5,5,-0.1,attitude_run_centered,166,2450,2.05013759255017,1.76271746263225,1.59498894961393,1.53115641702846,1.48624410307255,3.78183586254664
QR_motioncap_brushless_Light_top_NoWind_test3,top,3,5,5,-0.05,original_static,166,2450,2.81611813216405,2.67006036701233,2.28357028806837,1.52750107720864,1.48274543804791,3.77547124040666
QR_motioncap_brushless_Light_top_NoWind_test3,top,3,5,5,-0.05,attitude_absolute,166,2450,1.99179818658523,1.77988362552395,1.53762104414708,1.52750107720864,1.48274543804791,3.77547124040666
QR_motioncap_brushless_Light_top_NoWind_test3,top,3,5,5,-0.05,attitude_run_centered,166,2450,2.06459525038544,1.77976083767545,1.59037931911355,1.52750107720864,1.48274543804791,3.77547124040666
QR_motioncap_brushless_Light_top_NoWind_test3,top,3,5,5,0,original_static,166,2450,2.81611813216405,2.67006036701233,2.2863129426844,1.52619493955279,1.48159456325687,3.77129823094391
QR_motioncap_brushless_Light_top_NoWind_test3,top,3,5,5,0,attitude_absolute,166,2450,2.01987127982072,1.80852033307414,1.56869196646741,1.52619493955279,1.48159456325687,3.77129823094391
QR_motioncap_brushless_Light_top_NoWind_test3,top,3,5,5,0,attitude_run_centered,166,2450,2.09225079364267,1.80837963579084,1.62104282220829,1.52619493955279,1.48159456325687,3.77129823094391
QR_motioncap_brushless_Light_top_NoWind_test3,top,3,5,5,0.05,original_static,166,2449,2.81611813216405,2.67006036701233,2.300580838938,1.52349308371976,1.47973164033216,3.76682855989209
QR_motioncap_brushless_Light_top_NoWind_test3,top,3,5,5,0.05,attitude_absolute,166,2449,2.06204141920882,1.85428926571974,1.63574476869521,1.52349308371976,1.47973164033216,3.76682855989209
QR_motioncap_brushless_Light_top_NoWind_test3,top,3,5,5,0.05,attitude_run_centered,166,2449,2.13322472152158,1.8541362252813,1.68652050337902,1.52349308371976,1.47973164033216,3.76682855989209
QR_motioncap_brushless_Light_top_NoWind_test3,top,3,5,5,0.1,original_static,166,2448,2.81611813216405,2.67006036701233,2.32235693187516,1.52354388738682,1.48030888720784,3.76144048571403
QR_motioncap_brushless_Light_top_NoWind_test3,top,3,5,5,0.1,attitude_absolute,166,2448,2.11977928990226,1.91867015072993,1.72952971539157,1.52354388738682,1.48030888720784,3.76144048571403
QR_motioncap_brushless_Light_top_NoWind_test3,top,3,5,5,0.1,attitude_run_centered,166,2448,2.18923973269424,1.9184983837819,1.77786458966311,1.52354388738682,1.48030888720784,3.76144048571403
QR_motioncap_brushless_Light_top_NoWind_test3,top,3,5,5,0.15,original_static,166,2450,2.81611813216405,2.67006036701233,2.35137502518877,1.52250898232855,1.48007286245372,3.7561301296526
QR_motioncap_brushless_Light_top_NoWind_test3,top,3,5,5,0.15,attitude_absolute,166,2450,2.18511877392788,1.98903856996073,1.84281640158463,1.52250898232855,1.48007286245372,3.7561301296526
QR_motioncap_brushless_Light_top_NoWind_test3,top,3,5,5,0.15,attitude_run_centered,166,2450,2.25304757728956,1.98886171854087,1.88896195046084,1.52250898232855,1.48007286245372,3.7561301296526
QR_motioncap_brushless_Light_top_NoWind_test3,top,3,5,5,0.2,original_static,166,2449,2.81611813216405,2.67006036701233,2.3894226334103,1.52008484146609,1.47938806032716,3.75109471243819
QR_motioncap_brushless_Light_top_NoWind_test3,top,3,5,5,0.2,attitude_absolute,166,2449,2.26234496157181,2.07367385854074,1.9786687751497,1.52008484146609,1.47938806032716,3.75109471243819
QR_motioncap_brushless_Light_top_NoWind_test3,top,3,5,5,0.2,attitude_run_centered,166,2449,2.32818620854713,2.07349139495924,2.02241025116601,1.52008484146609,1.47938806032716,3.75109471243819
QR_motioncap_brushless_Light_top_NoWind_test4,top,4,1,1,-0.2,original_static,174,2587,4.34698471590897,3.46907660735467,3.52207778484812,2.01791834523593,1.89475226441827,4.8522433861871
QR_motioncap_brushless_Light_top_NoWind_test4,top,4,1,1,-0.2,attitude_absolute,174,2587,3.37175191904172,1.91196803652738,2.76292062605179,2.01791834523593,1.89475226441827,4.8522433861871
QR_motioncap_brushless_Light_top_NoWind_test4,top,4,1,1,-0.2,attitude_run_centered,174,2587,3.45640491058297,1.91218919862568,2.85685397446379,2.01791834523593,1.89475226441827,4.8522433861871
QR_motioncap_brushless_Light_top_NoWind_test4,top,4,1,1,-0.15,original_static,174,2588,4.34698471590897,3.46907660735467,3.50844155339852,2.0066441555324,1.88687396537716,4.85429665007267
QR_motioncap_brushless_Light_top_NoWind_test4,top,4,1,1,-0.15,attitude_absolute,174,2588,3.37178083971631,1.91337749026509,2.74427533861056,2.0066441555324,1.88687396537716,4.85429665007267
QR_motioncap_brushless_Light_top_NoWind_test4,top,4,1,1,-0.15,attitude_run_centered,174,2588,3.45572444565764,1.91358461844626,2.83796592814046,2.0066441555324,1.88687396537716,4.85429665007267
QR_motioncap_brushless_Light_top_NoWind_test4,top,4,1,1,-0.1,original_static,174,2587,4.34698471590897,3.46907660735467,3.50133542947148,1.99319558723154,1.87652952363824,4.85709131846358
QR_motioncap_brushless_Light_top_NoWind_test4,top,4,1,1,-0.1,attitude_absolute,174,2587,3.37871202942581,1.92319492096391,2.73939622279479,1.99319558723154,1.87652952363824,4.85709131846358
QR_motioncap_brushless_Light_top_NoWind_test4,top,4,1,1,-0.1,attitude_run_centered,174,2587,3.46237411422373,1.92336923984843,2.83299003585959,1.99319558723154,1.87652952363824,4.85709131846358
QR_motioncap_brushless_Light_top_NoWind_test4,top,4,1,1,-0.05,original_static,174,2587,4.34698471590897,3.46907660735467,3.49911696634973,1.98125441870473,1.86786255204661,4.8584710580459
QR_motioncap_brushless_Light_top_NoWind_test4,top,4,1,1,-0.05,attitude_absolute,174,2587,3.38592513041594,1.93992369637932,2.74121127456961,1.98125441870473,1.86786255204661,4.8584710580459
QR_motioncap_brushless_Light_top_NoWind_test4,top,4,1,1,-0.05,attitude_run_centered,174,2587,3.46905224924081,1.94008838108259,2.83428749974079,1.98125441870473,1.86786255204661,4.8584710580459
QR_motioncap_brushless_Light_top_NoWind_test4,top,4,1,1,0,original_static,174,2588,4.34698471590897,3.46907660735467,3.50173202897577,1.97052221603241,1.8605770234842,4.85850189834177
QR_motioncap_brushless_Light_top_NoWind_test4,top,4,1,1,0,attitude_absolute,174,2588,3.39689615003716,1.96445257146216,2.75642548475401,1.97052221603241,1.8605770234842,4.85850189834177
QR_motioncap_brushless_Light_top_NoWind_test4,top,4,1,1,0,attitude_run_centered,174,2588,3.47943579902644,1.96458847759269,2.84853175157248,1.97052221603241,1.8605770234842,4.85850189834177
QR_motioncap_brushless_Light_top_NoWind_test4,top,4,1,1,0.05,original_static,174,2587,4.34698471590897,3.46907660735467,3.51005582519871,1.96038879755804,1.85351747088428,4.85953840456185
QR_motioncap_brushless_Light_top_NoWind_test4,top,4,1,1,0.05,attitude_absolute,174,2587,3.41474995941314,1.99495321223963,2.78503848665693,1.96038879755804,1.85351747088428,4.85953840456185
QR_motioncap_brushless_Light_top_NoWind_test4,top,4,1,1,0.05,attitude_run_centered,174,2587,3.49686239559104,1.99506980971826,2.87610663829767,1.96038879755804,1.85351747088428,4.85953840456185
QR_motioncap_brushless_Light_top_NoWind_test4,top,4,1,1,0.1,original_static,174,2587,4.34698471590897,3.46907660735467,3.52359576885492,1.95153835044417,1.84800446359792,4.85951453753241
QR_motioncap_brushless_Light_top_NoWind_test4,top,4,1,1,0.1,attitude_absolute,174,2587,3.43508006513306,2.03436721476387,2.82383630100608,1.95153835044417,1.84800446359792,4.85951453753241
QR_motioncap_brushless_Light_top_NoWind_test4,top,4,1,1,0.1,attitude_run_centered,174,2587,3.51635277389219,2.03448147119142,2.91319323076511,1.95153835044417,1.84800446359792,4.85951453753241
QR_motioncap_brushless_Light_top_NoWind_test4,top,4,1,1,0.15,original_static,174,2588,4.34698471590897,3.46907660735467,3.54112502233525,1.94245641221704,1.84222190761408,4.85862039408345
QR_motioncap_brushless_Light_top_NoWind_test4,top,4,1,1,0.15,attitude_absolute,174,2588,3.46011167969655,2.08085766874624,2.87565424477831,1.94245641221704,1.84222190761408,4.85862039408345
QR_motioncap_brushless_Light_top_NoWind_test4,top,4,1,1,0.15,attitude_run_centered,174,2588,3.54061768429399,2.08097278332369,2.9631704583512,1.94245641221704,1.84222190761408,4.85862039408345
QR_motioncap_brushless_Light_top_NoWind_test4,top,4,1,1,0.2,original_static,174,2587,4.34698471590897,3.46907660735467,3.56205470121654,1.93494143296127,1.8378023565258,4.85916808715917
QR_motioncap_brushless_Light_top_NoWind_test4,top,4,1,1,0.2,attitude_absolute,174,2587,3.49138632943712,2.13206521359848,2.93646235063761,1.93494143296127,1.8378023565258,4.85916808715917
QR_motioncap_brushless_Light_top_NoWind_test4,top,4,1,1,0.2,attitude_run_centered,174,2587,3.57118164335818,2.13216878624555,3.02214606031799,1.93494143296127,1.8378023565258,4.85916808715917
QR_motioncap_brushless_Light_top_NoWind_test4,top,4,2,2,-0.2,original_static,171,2531,5.47711736141072,5.47536639521438,4.71991531662701,3.67758286437706,3.67064002831497,8.38564141575543
QR_motioncap_brushless_Light_top_NoWind_test4,top,4,2,2,-0.2,attitude_absolute,171,2531,4.03362496389566,3.97044695558768,3.13264372628359,3.67758286437706,3.67064002831497,8.38564141575543
QR_motioncap_brushless_Light_top_NoWind_test4,top,4,2,2,-0.2,attitude_run_centered,171,2531,4.09175923451,3.97046568528706,3.18484093491137,3.67758286437706,3.67064002831497,8.38564141575543
QR_motioncap_brushless_Light_top_NoWind_test4,top,4,2,2,-0.15,original_static,171,2532,5.47711736141072,5.47536639521438,4.64202440640265,3.6774381180353,3.67020034211308,8.38202989647225
QR_motioncap_brushless_Light_top_NoWind_test4,top,4,2,2,-0.15,attitude_absolute,171,2532,3.91667885863216,3.85108310919892,2.86085611324656,3.6774381180353,3.67020034211308,8.38202989647225
QR_motioncap_brushless_Light_top_NoWind_test4,top,4,2,2,-0.15,attitude_run_centered,171,2532,3.97578488084967,3.85113299808283,2.91709699744592,3.6774381180353,3.67020034211308,8.38202989647225
QR_motioncap_brushless_Light_top_NoWind_test4,top,4,2,2,-0.1,original_static,171,2531,5.47711736141072,5.47536639521438,4.58740579889634,3.6776102304871,3.67008950623173,8.38103355827562
QR_motioncap_brushless_Light_top_NoWind_test4,top,4,2,2,-0.1,attitude_absolute,171,2531,3.89132720385245,3.82443943807654,2.7447827068046,3.6776102304871,3.67008950623173,8.38103355827562
QR_motioncap_brushless_Light_top_NoWind_test4,top,4,2,2,-0.1,attitude_run_centered,171,2531,3.95094523508948,3.82444828917503,2.80360044637186,3.6776102304871,3.67008950623173,8.38103355827562
QR_motioncap_brushless_Light_top_NoWind_test4,top,4,2,2,-0.05,original_static,171,2532,5.47711736141072,5.47536639521438,4.56888459499018,3.6786843595242,3.67109235300028,8.37849396472147
QR_motioncap_brushless_Light_top_NoWind_test4,top,4,2,2,-0.05,attitude_absolute,171,2532,3.93467734474393,3.87064089137574,2.77228636294969,3.6786843595242,3.67109235300028,8.37849396472147
QR_motioncap_brushless_Light_top_NoWind_test4,top,4,2,2,-0.05,attitude_run_centered,171,2532,3.99309465285012,3.87071270154987,2.82993628208319,3.6786843595242,3.67109235300028,8.37849396472147
QR_motioncap_brushless_Light_top_NoWind_test4,top,4,2,2,0,original_static,171,2532,5.47711736141072,5.47536639521438,4.57984114573003,3.6819947395543,3.67441757305279,8.37802075517588
QR_motioncap_brushless_Light_top_NoWind_test4,top,4,2,2,0,attitude_absolute,171,2532,4.03969223879818,3.97901384912074,2.94955462467615,3.6819947395543,3.67441757305279,8.37802075517588
QR_motioncap_brushless_Light_top_NoWind_test4,top,4,2,2,0,attitude_run_centered,171,2532,4.09672845213757,3.97910854467408,3.00438452277953,3.6819947395543,3.67441757305279,8.37802075517588
QR_motioncap_brushless_Light_top_NoWind_test4,top,4,2,2,0.05,original_static,171,2532,5.47711736141072,5.47536639521438,4.62064393124917,3.68590455996563,3.67864689776702,8.37816951395785
QR_motioncap_brushless_Light_top_NoWind_test4,top,4,2,2,0.05,attitude_absolute,171,2532,4.22408861996974,4.16909263957411,3.26607871342087,3.68590455996563,3.67864689776702,8.37816951395785
QR_motioncap_brushless_Light_top_NoWind_test4,top,4,2,2,0.05,attitude_run_centered,171,2532,4.27865260330284,4.16909378235511,3.31616794198076,3.68590455996563,3.67864689776702,8.37816951395785
QR_motioncap_brushless_Light_top_NoWind_test4,top,4,2,2,0.1,original_static,171,2532,5.47711736141072,5.47536639521438,4.68994569727362,3.6944334296342,3.68782335108675,8.3786793338227
QR_motioncap_brushless_Light_top_NoWind_test4,top,4,2,2,0.1,attitude_absolute,171,2532,4.46677136711035,4.42044370146166,3.66879560402986,3.6944334296342,3.68782335108675,8.3786793338227
QR_motioncap_brushless_Light_top_NoWind_test4,top,4,2,2,0.1,attitude_run_centered,171,2532,4.51763086480354,4.42049567604022,3.71321933822053,3.6944334296342,3.68782335108675,8.3786793338227
QR_motioncap_brushless_Light_top_NoWind_test4,top,4,2,2,0.15,original_static,171,2531,5.47711736141072,5.47536639521438,4.78347835159846,3.70119840938178,3.69524033622264,8.38091707824836
QR_motioncap_brushless_Light_top_NoWind_test4,top,4,2,2,0.15,attitude_absolute,171,2531,4.73710896182564,4.69889831105044,4.11440503767318,3.70119840938178,3.69524033622264,8.38091707824836
QR_motioncap_brushless_Light_top_NoWind_test4,top,4,2,2,0.15,attitude_run_centered,171,2531,4.78446366493818,4.69894934110871,4.1541257790085,3.70119840938178,3.69524033622264,8.38091707824836
QR_motioncap_brushless_Light_top_NoWind_test4,top,4,2,2,0.2,original_static,171,2532,5.47711736141072,5.47536639521438,4.89332109726512,3.70839087547041,3.70311917786174,8.37992216743891
QR_motioncap_brushless_Light_top_NoWind_test4,top,4,2,2,0.2,attitude_absolute,171,2532,5.06540856853614,5.03476841954471,4.6154501320012,3.70839087547041,3.70311917786174,8.37992216743891
QR_motioncap_brushless_Light_top_NoWind_test4,top,4,2,2,0.2,attitude_run_centered,171,2532,5.10949286396272,5.03475398119206,4.65141565284763,3.70839087547041,3.70311917786174,8.37992216743891
QR_motioncap_brushless_Light_top_NoWind_test4,top,4,3,3,-0.2,original_static,167,2475,3.88323233871218,3.56059408727706,3.16212380066572,2.9657084927772,2.06481845136625,5.05270246903953
QR_motioncap_brushless_Light_top_NoWind_test4,top,4,3,3,-0.2,attitude_absolute,167,2475,2.63720884927096,2.19930363608719,2.12506978987551,2.9657084927772,2.06481845136625,5.05270246903953
QR_motioncap_brushless_Light_top_NoWind_test4,top,4,3,3,-0.2,attitude_run_centered,167,2475,2.6526066312142,2.19882274426617,2.13365573241741,2.9657084927772,2.06481845136625,5.05270246903953
QR_motioncap_brushless_Light_top_NoWind_test4,top,4,3,3,-0.15,original_static,167,2475,3.88323233871218,3.56059408727706,3.13899794046553,2.95423799873484,2.0547456555881,5.05954402866918
QR_motioncap_brushless_Light_top_NoWind_test4,top,4,3,3,-0.15,attitude_absolute,167,2475,2.60769084659672,2.16262305988928,2.045500832059,2.95423799873484,2.0547456555881,5.05954402866918
QR_motioncap_brushless_Light_top_NoWind_test4,top,4,3,3,-0.15,attitude_run_centered,167,2475,2.62450416249256,2.16214943220546,2.05706680304013,2.95423799873484,2.0547456555881,5.05954402866918
QR_motioncap_brushless_Light_top_NoWind_test4,top,4,3,3,-0.1,original_static,167,2474,3.88323233871218,3.56059408727706,3.12668652552009,2.94304443722501,2.045029746179,5.06824552873132
QR_motioncap_brushless_Light_top_NoWind_test4,top,4,3,3,-0.1,attitude_absolute,167,2474,2.60081298013411,2.15593004830099,2.01478418525463,2.94304443722501,2.045029746179,5.06824552873132
QR_motioncap_brushless_Light_top_NoWind_test4,top,4,3,3,-0.1,attitude_run_centered,167,2474,2.61902954824884,2.1555201968543,2.02957435293842,2.94304443722501,2.045029746179,5.06824552873132
QR_motioncap_brushless_Light_top_NoWind_test4,top,4,3,3,-0.05,original_static,167,2475,3.88323233871218,3.56059408727706,3.12720612266501,2.93290635362926,2.03588691689323,5.07703292553318
QR_motioncap_brushless_Light_top_NoWind_test4,top,4,3,3,-0.05,attitude_absolute,167,2475,2.62026187300735,2.18125459712206,2.03917518914437,2.93290635362926,2.03588691689323,5.07703292553318
QR_motioncap_brushless_Light_top_NoWind_test4,top,4,3,3,-0.05,attitude_run_centered,167,2475,2.63932463293699,2.1809312867936,2.0560099647631,2.93290635362926,2.03588691689323,5.07703292553318
QR_motioncap_brushless_Light_top_NoWind_test4,top,4,3,3,0,original_static,167,2474,3.88323233871218,3.56059408727706,3.13858109062398,2.92221997408415,2.02654256490364,5.08863220082913
QR_motioncap_brushless_Light_top_NoWind_test4,top,4,3,3,0,attitude_absolute,167,2474,2.65681209717378,2.22707430815057,2.10014127632174,2.92221997408415,2.02654256490364,5.08863220082913
QR_motioncap_brushless_Light_top_NoWind_test4,top,4,3,3,0,attitude_run_centered,167,2474,2.67671489895376,2.22682320051843,2.11871935132359,2.92221997408415,2.02654256490364,5.08863220082913
QR_motioncap_brushless_Light_top_NoWind_test4,top,4,3,3,0.05,original_static,167,2475,3.88323233871218,3.56059408727706,3.16250112041892,2.9122835575146,2.01823995979102,5.0999064541828
QR_motioncap_brushless_Light_top_NoWind_test4,top,4,3,3,0.05,attitude_absolute,167,2475,2.71596140164733,2.30124866791349,2.21006631542171,2.9122835575146,2.01823995979102,5.0999064541828
QR_motioncap_brushless_Light_top_NoWind_test4,top,4,3,3,0.05,attitude_run_centered,167,2475,2.73687832259278,2.30109932097995,2.23069073306295,2.9122835575146,2.01823995979102,5.0999064541828
QR_motioncap_brushless_Light_top_NoWind_test4,top,4,3,3,0.1,original_static,167,2475,3.88323233871218,3.56059408727706,3.19694798017688,2.90284369736529,2.01044265547052,5.11264624448677
QR_motioncap_brushless_Light_top_NoWind_test4,top,4,3,3,0.1,attitude_absolute,167,2475,2.79843244821958,2.4034833877903,2.35677328309109,2.90284369736529,2.01044265547052,5.11264624448677
QR_motioncap_brushless_Light_top_NoWind_test4,top,4,3,3,0.1,attitude_run_centered,167,2475,2.81969516841423,2.40342207738425,2.37797867973493,2.90284369736529,2.01044265547052,5.11264624448677
QR_motioncap_brushless_Light_top_NoWind_test4,top,4,3,3,0.15,original_static,167,2474,3.88323233871218,3.56059408727706,3.23997180501678,2.8936671955982,2.00293752424338,5.12614338982008
QR_motioncap_brushless_Light_top_NoWind_test4,top,4,3,3,0.15,attitude_absolute,167,2474,2.89598923297584,2.51887120371178,2.52116366135042,2.8936671955982,2.00293752424338,5.12614338982008
QR_motioncap_brushless_Light_top_NoWind_test4,top,4,3,3,0.15,attitude_run_centered,167,2474,2.91740669257512,2.51883345389708,2.54264163210989,2.8936671955982,2.00293752424338,5.12614338982008
QR_motioncap_brushless_Light_top_NoWind_test4,top,4,3,3,0.2,original_static,167,2475,3.88323233871218,3.56059408727706,3.28986041496371,2.88553629469389,1.9963765475106,5.1378728525049
QR_motioncap_brushless_Light_top_NoWind_test4,top,4,3,3,0.2,attitude_absolute,167,2475,3.01244206774994,2.65547032851902,2.71379831781881,2.88553629469389,1.9963765475106,5.1378728525049
QR_motioncap_brushless_Light_top_NoWind_test4,top,4,3,3,0.2,attitude_run_centered,167,2475,3.03340111989745,2.65549785253035,2.73506272445381,2.88553629469389,1.9963765475106,5.1378728525049
QR_motioncap_brushless_Light_top_NoWind_test4,top,4,4,4,-0.2,original_static,158,2489,5.44448859305178,5.29692093930767,5.42754202422465,3.10663250136793,3.09861412134953,9.57801348282054
QR_motioncap_brushless_Light_top_NoWind_test4,top,4,4,4,-0.2,attitude_absolute,158,2489,4.16789930363604,3.99016196806148,3.14905360724421,3.10663250136793,3.09861412134953,9.57801348282054
QR_motioncap_brushless_Light_top_NoWind_test4,top,4,4,4,-0.2,attitude_run_centered,158,2489,4.26237032616818,3.9908929481765,3.25383694968003,3.10663250136793,3.09861412134953,9.57801348282054
QR_motioncap_brushless_Light_top_NoWind_test4,top,4,4,4,-0.15,original_static,158,2489,5.44448859305178,5.29692093930767,5.38577527501933,3.12551795328171,3.1164729614843,9.58166167661561
QR_motioncap_brushless_Light_top_NoWind_test4,top,4,4,4,-0.15,attitude_absolute,158,2489,4.07806744164186,3.89002211317228,3.02931593665285,3.12551795328171,3.1164729614843,9.58166167661561
QR_motioncap_brushless_Light_top_NoWind_test4,top,4,4,4,-0.15,attitude_run_centered,158,2489,4.17672929914452,3.89088954092949,3.1393687706666,3.12551795328171,3.1164729614843,9.58166167661561
QR_motioncap_brushless_Light_top_NoWind_test4,top,4,4,4,-0.1,original_static,158,2490,5.44448859305178,5.29692093930767,5.37487686804975,3.15679363992587,3.14682705569681,9.58419948528199
QR_motioncap_brushless_Light_top_NoWind_test4,top,4,4,4,-0.1,attitude_absolute,158,2490,4.0384757295757,3.84279447842636,2.98564056733543,3.15679363992587,3.14682705569681,9.58419948528199
QR_motioncap_brushless_Light_top_NoWind_test4,top,4,4,4,-0.1,attitude_run_centered,158,2490,4.13946958008841,3.84378172639879,3.09761332855014,3.15679363992587,3.14682705569681,9.58419948528199
QR_motioncap_brushless_Light_top_NoWind_test4,top,4,4,4,-0.05,original_static,158,2491,5.44448859305178,5.29692093930767,5.37909284189088,3.17735108967092,3.16685211729358,9.58615595703382
QR_motioncap_brushless_Light_top_NoWind_test4,top,4,4,4,-0.05,attitude_absolute,158,2491,4.04460248547162,3.8414839041242,3.0195951013513,3.17735108967092,3.16685211729358,9.58615595703382
QR_motioncap_brushless_Light_top_NoWind_test4,top,4,4,4,-0.05,attitude_run_centered,158,2491,4.14750482597457,3.84257165435699,3.13202682095034,3.17735108967092,3.16685211729358,9.58615595703382
QR_motioncap_brushless_Light_top_NoWind_test4,top,4,4,4,0,original_static,158,2491,5.44448859305178,5.29692093930767,5.4104130615281,3.19439713708543,3.1832963455371,9.59013203285167
QR_motioncap_brushless_Light_top_NoWind_test4,top,4,4,4,0,attitude_absolute,158,2491,4.09802246325906,3.89136798722187,3.11903363230779,3.19439713708543,3.1832963455371,9.59013203285167
QR_motioncap_brushless_Light_top_NoWind_test4,top,4,4,4,0,attitude_run_centered,158,2491,4.20104067892758,3.89255092265088,3.22899925520603,3.19439713708543,3.1832963455371,9.59013203285167
QR_motioncap_brushless_Light_top_NoWind_test4,top,4,4,4,0.05,original_static,158,2490,5.44448859305178,5.29692093930767,5.46861068582743,3.21306274191252,3.20133095341764,9.5952722835256
QR_motioncap_brushless_Light_top_NoWind_test4,top,4,4,4,0.05,attitude_absolute,158,2490,4.20501791338286,3.9984409703635,3.29635401869482,3.21306274191252,3.20133095341764,9.5952722835256
QR_motioncap_brushless_Light_top_NoWind_test4,top,4,4,4,0.05,attitude_run_centered,158,2490,4.30618266283395,3.99960212499671,3.40087200098382,3.21306274191252,3.20133095341764,9.5952722835256
QR_motioncap_brushless_Light_top_NoWind_test4,top,4,4,4,0.1,original_static,158,2490,5.44448859305178,5.29692093930767,5.5419450366397,3.21618410033299,3.20469708725582,9.59974637914587
QR_motioncap_brushless_Light_top_NoWind_test4,top,4,4,4,0.1,attitude_absolute,158,2490,4.35096502415729,4.14599618100087,3.54649415811071,3.21618410033299,3.20469708725582,9.59974637914587
QR_motioncap_brushless_Light_top_NoWind_test4,top,4,4,4,0.1,attitude_run_centered,158,2490,4.4497748790211,4.14710131672906,3.64508862249302,3.21618410033299,3.20469708725582,9.59974637914587
QR_motioncap_brushless_Light_top_NoWind_test4,top,4,4,4,0.15,original_static,158,2489,5.44448859305178,5.29692093930767,5.63374957246549,3.21929998987595,3.2079693933771,9.6063274011658
QR_motioncap_brushless_Light_top_NoWind_test4,top,4,4,4,0.15,attitude_absolute,158,2489,4.55442198801258,4.35623420797401,3.86645419000396,3.21929998987595,3.2079693933771,9.6063274011658
QR_motioncap_brushless_Light_top_NoWind_test4,top,4,4,4,0.15,attitude_run_centered,158,2489,4.64896076714113,4.35725464518336,3.95730070538906,3.21929998987595,3.2079693933771,9.6063274011658
QR_motioncap_brushless_Light_top_NoWind_test4,top,4,4,4,0.2,original_static,158,2491,5.44448859305178,5.29692093930767,5.74243115330747,3.224921513487,3.21381240538332,9.60896263205809
QR_motioncap_brushless_Light_top_NoWind_test4,top,4,4,4,0.2,attitude_absolute,158,2491,4.78497311483148,4.59496547150999,4.2379942533989,3.224921513487,3.21381240538332,9.60896263205809
QR_motioncap_brushless_Light_top_NoWind_test4,top,4,4,4,0.2,attitude_run_centered,158,2491,4.87453844233445,4.59586378907421,4.32070495181875,3.224921513487,3.21381240538332,9.60896263205809
QR_motioncap_brushless_Light_top_NoWind_test4,top,4,5,5,-0.2,original_static,167,2486,2.57965348855031,2.01355579921088,2.0102658440007,1.34897160933089,1.31593192382158,2.66184594769796
QR_motioncap_brushless_Light_top_NoWind_test4,top,4,5,5,-0.2,attitude_absolute,167,2486,1.92688368651714,1.40634044336183,1.48172476685424,1.34897160933089,1.31593192382158,2.66184594769796
QR_motioncap_brushless_Light_top_NoWind_test4,top,4,5,5,-0.2,attitude_run_centered,167,2486,2.0520911344887,1.40649326455617,1.60068129793174,1.34897160933089,1.31593192382158,2.66184594769796
QR_motioncap_brushless_Light_top_NoWind_test4,top,4,5,5,-0.15,original_static,167,2486,2.57965348855031,2.01355579921088,1.98976547081706,1.33697658980911,1.30444736674216,2.66206335602553
QR_motioncap_brushless_Light_top_NoWind_test4,top,4,5,5,-0.15,attitude_absolute,167,2486,1.91208980075002,1.38475871257085,1.43355769874116,1.33697658980911,1.30444736674216,2.66206335602553
QR_motioncap_brushless_Light_top_NoWind_test4,top,4,5,5,-0.15,attitude_run_centered,167,2486,2.03840265573359,1.38489187912917,1.55729598416046,1.33697658980911,1.30444736674216,2.66206335602553
QR_motioncap_brushless_Light_top_NoWind_test4,top,4,5,5,-0.1,original_static,167,2486,2.57965348855031,2.01355579921088,1.97845476076742,1.32710436964711,1.29457709202703,2.6626460546484
QR_motioncap_brushless_Light_top_NoWind_test4,top,4,5,5,-0.1,attitude_absolute,167,2486,1.91206231108759,1.3820632574669,1.41587828879035,1.32710436964711,1.29457709202703,2.6626460546484
QR_motioncap_brushless_Light_top_NoWind_test4,top,4,5,5,-0.1,attitude_run_centered,167,2486,2.03919787340723,1.38217853424254,1.5425357354553,1.32710436964711,1.29457709202703,2.6626460546484
QR_motioncap_brushless_Light_top_NoWind_test4,top,4,5,5,-0.05,original_static,167,2486,2.57965348855031,2.01355579921088,1.97736323198734,1.3197955360431,1.28711264645685,2.66330697958735
QR_motioncap_brushless_Light_top_NoWind_test4,top,4,5,5,-0.05,attitude_absolute,167,2486,1.92403547238298,1.39746124064549,1.43247220541186,1.3197955360431,1.28711264645685,2.66330697958735
QR_motioncap_brushless_Light_top_NoWind_test4,top,4,5,5,-0.05,attitude_run_centered,167,2486,2.05104829664477,1.3975366686505,1.5587311230277,1.3197955360431,1.28711264645685,2.66330697958735
QR_motioncap_brushless_Light_top_NoWind_test4,top,4,5,5,0,original_static,167,2486,2.57965348855031,2.01355579921088,1.98559870838369,1.31369859104996,1.28125572719548,2.6638502086671
QR_motioncap_brushless_Light_top_NoWind_test4,top,4,5,5,0,attitude_absolute,167,2486,1.94762569003903,1.42994651596596,1.47694385717187,1.31369859104996,1.28125572719548,2.6638502086671
QR_motioncap_brushless_Light_top_NoWind_test4,top,4,5,5,0,attitude_run_centered,167,2486,2.07339109568956,1.42999302507539,1.60083026002621,1.31369859104996,1.28125572719548,2.6638502086671
QR_motioncap_brushless_Light_top_NoWind_test4,top,4,5,5,0.05,original_static,167,2486,2.57965348855031,2.01355579921088,2.00490648445054,1.31454545868894,1.28185792026124,2.66418903316863
QR_motioncap_brushless_Light_top_NoWind_test4,top,4,5,5,0.05,attitude_absolute,167,2486,1.98854952198718,1.48298621986003,1.55537133282166,1.31454545868894,1.28185792026124,2.66418903316863
QR_motioncap_brushless_Light_top_NoWind_test4,top,4,5,5,0.05,attitude_run_centered,167,2486,2.11307681893642,1.48299601562772,1.67486753455258,1.31454545868894,1.28185792026124,2.66418903316863
QR_motioncap_brushless_Light_top_NoWind_test4,top,4,5,5,0.1,original_static,167,2486,2.57965348855031,2.01355579921088,2.03016268421736,1.3125558405029,1.2792772640948,2.66409896734969
QR_motioncap_brushless_Light_top_NoWind_test4,top,4,5,5,0.1,attitude_absolute,167,2486,2.03727657821996,1.54804553307957,1.65105618614645,1.3125558405029,1.2792772640948,2.66409896734969
QR_motioncap_brushless_Light_top_NoWind_test4,top,4,5,5,0.1,attitude_run_centered,167,2486,2.15960360933154,1.54800559006654,1.7649812333877,1.3125558405029,1.2792772640948,2.66409896734969
QR_motioncap_brushless_Light_top_NoWind_test4,top,4,5,5,0.15,original_static,167,2485,2.57965348855031,2.01355579921088,2.06603763410404,1.31263813381478,1.27907998190795,2.66363103339274
QR_motioncap_brushless_Light_top_NoWind_test4,top,4,5,5,0.15,attitude_absolute,167,2485,2.09533221393633,1.62417859227252,1.76170804508908,1.31263813381478,1.27907998190795,2.66363103339274
QR_motioncap_brushless_Light_top_NoWind_test4,top,4,5,5,0.15,attitude_run_centered,167,2485,2.21508890146951,1.62410520206355,1.87015845522553,1.31263813381478,1.27907998190795,2.66363103339274
QR_motioncap_brushless_Light_top_NoWind_test4,top,4,5,5,0.2,original_static,167,2486,2.57965348855031,2.01355579921088,2.10736080914851,1.31451265189216,1.28015734491035,2.66201781800763
QR_motioncap_brushless_Light_top_NoWind_test4,top,4,5,5,0.2,attitude_absolute,167,2486,2.16565679269553,1.7133730948524,1.88711324044897,1.31451265189216,1.28015734491035,2.66201781800763
QR_motioncap_brushless_Light_top_NoWind_test4,top,4,5,5,0.2,attitude_run_centered,167,2486,2.28288112790193,1.71328345515514,1.98989389187739,1.31451265189216,1.28015734491035,2.66201781800763
QR_motioncap_brushless_Light_top_NoWind_test5,top,5,1,1,-0.2,original_static,178,2595,4.8565042211743,4.05791495671239,3.7892552868072,2.37278181415917,2.26516339120963,5.34456970347345
QR_motioncap_brushless_Light_top_NoWind_test5,top,5,1,1,-0.2,attitude_absolute,178,2595,3.49662020352226,2.08289820872071,2.80592672594684,2.37278181415917,2.26516339120963,5.34456970347345
QR_motioncap_brushless_Light_top_NoWind_test5,top,5,1,1,-0.2,attitude_run_centered,178,2595,3.51527828124734,2.08250643714713,2.81791285883784,2.37278181415917,2.26516339120963,5.34456970347345
QR_motioncap_brushless_Light_top_NoWind_test5,top,5,1,1,-0.15,original_static,178,2595,4.8565042211743,4.05791495671239,3.75715052076077,2.36439223832055,2.25874113187447,5.34763197034463
QR_motioncap_brushless_Light_top_NoWind_test5,top,5,1,1,-0.15,attitude_absolute,178,2595,3.49369119792241,2.06580448843749,2.7563060637345,2.36439223832055,2.25874113187447,5.34763197034463
QR_motioncap_brushless_Light_top_NoWind_test5,top,5,1,1,-0.15,attitude_run_centered,178,2595,3.51237727826144,2.06541195046028,2.76872478783934,2.36439223832055,2.25874113187447,5.34763197034463
QR_motioncap_brushless_Light_top_NoWind_test5,top,5,1,1,-0.1,original_static,178,2594,4.8565042211743,4.05791495671239,3.73079902838603,2.3537073274592,2.25008666037996,5.35197563140583
QR_motioncap_brushless_Light_top_NoWind_test5,top,5,1,1,-0.1,attitude_absolute,178,2594,3.51282799712855,2.08744192655071,2.73700246950706,2.3537073274592,2.25008666037996,5.35197563140583
QR_motioncap_brushless_Light_top_NoWind_test5,top,5,1,1,-0.1,attitude_run_centered,178,2594,3.53148758170815,2.08706965835817,2.74982266578684,2.3537073274592,2.25008666037996,5.35197563140583
QR_motioncap_brushless_Light_top_NoWind_test5,top,5,1,1,-0.05,original_static,178,2595,4.8565042211743,4.05791495671239,3.71008259174518,2.34300277121348,2.24120398206482,5.35474490051369
QR_motioncap_brushless_Light_top_NoWind_test5,top,5,1,1,-0.05,attitude_absolute,178,2595,3.54246485031535,2.13142134888621,2.74856699009885,2.34300277121348,2.24120398206482,5.35474490051369
QR_motioncap_brushless_Light_top_NoWind_test5,top,5,1,1,-0.05,attitude_run_centered,178,2595,3.56099744683344,2.13107994302316,2.76158362978697,2.34300277121348,2.24120398206482,5.35474490051369
QR_motioncap_brushless_Light_top_NoWind_test5,top,5,1,1,0,original_static,178,2596,4.8565042211743,4.05791495671239,3.69728512046585,2.33502086701054,2.23515354448307,5.35775944964042
QR_motioncap_brushless_Light_top_NoWind_test5,top,5,1,1,0,attitude_absolute,178,2596,3.58806523998753,2.20257819874803,2.79057203521424,2.33502086701054,2.23515354448307,5.35775944964042
QR_motioncap_brushless_Light_top_NoWind_test5,top,5,1,1,0,attitude_run_centered,178,2596,3.60633743485361,2.20227021812759,2.80357646232851,2.33502086701054,2.23515354448307,5.35775944964042
QR_motioncap_brushless_Light_top_NoWind_test5,top,5,1,1,0.05,original_static,178,2595,4.8565042211743,4.05791495671239,3.6918315836705,2.32471672312213,2.22662946080185,5.36286531868309
QR_motioncap_brushless_Light_top_NoWind_test5,top,5,1,1,0.05,attitude_absolute,178,2595,3.65675040455874,2.30675724478774,2.86754059824006,2.32471672312213,2.22662946080185,5.36286531868309
QR_motioncap_brushless_Light_top_NoWind_test5,top,5,1,1,0.05,attitude_run_centered,178,2595,3.67482044692443,2.30649515722159,2.88059450476896,2.32471672312213,2.22662946080185,5.36286531868309
QR_motioncap_brushless_Light_top_NoWind_test5,top,5,1,1,0.1,original_static,178,2595,4.8565042211743,4.05791495671239,3.69285567433403,2.316899231436,2.22083660172548,5.36699119469914
QR_motioncap_brushless_Light_top_NoWind_test5,top,5,1,1,0.1,attitude_absolute,178,2595,3.73291424930899,2.42463974810063,2.97265655887673,2.316899231436,2.22083660172548,5.36699119469914
QR_motioncap_brushless_Light_top_NoWind_test5,top,5,1,1,0.1,attitude_run_centered,178,2595,3.75068720639046,2.42442573221176,2.98555884951905,2.316899231436,2.22083660172548,5.36699119469914
QR_motioncap_brushless_Light_top_NoWind_test5,top,5,1,1,0.15,original_static,178,2594,4.8565042211743,4.05791495671239,3.70104567155199,2.30945960441153,2.21490976449662,5.37196850371366
QR_motioncap_brushless_Light_top_NoWind_test5,top,5,1,1,0.15,attitude_absolute,178,2594,3.8186678861293,2.55638871482822,3.09452481386888,2.30945960441153,2.21490976449662,5.37196850371366
QR_motioncap_brushless_Light_top_NoWind_test5,top,5,1,1,0.15,attitude_run_centered,178,2594,3.83604941481573,2.55622339953034,3.10711731432304,2.30945960441153,2.21490976449662,5.37196850371366
QR_motioncap_brushless_Light_top_NoWind_test5,top,5,1,1,0.2,original_static,178,2595,4.8565042211743,4.05791495671239,3.71560438132391,2.30223098500505,2.20933028652495,5.37464083395557
QR_motioncap_brushless_Light_top_NoWind_test5,top,5,1,1,0.2,attitude_absolute,178,2595,3.91934471848516,2.70783910223531,3.23566859807802,2.30223098500505,2.20933028652495,5.37464083395557
QR_motioncap_brushless_Light_top_NoWind_test5,top,5,1,1,0.2,attitude_run_centered,178,2595,3.93636530785685,2.70773528028418,3.24801190592021,2.30223098500505,2.20933028652495,5.37464083395557
QR_motioncap_brushless_Light_top_NoWind_test5,top,5,2,2,-0.2,original_static,164,2528,5.33304742437531,5.07715934364214,4.13162560665771,3.33503903218074,3.31674656817134,7.00435672173085
QR_motioncap_brushless_Light_top_NoWind_test5,top,5,2,2,-0.2,attitude_absolute,164,2528,3.88874445069902,3.30388375794832,3.18549341346427,3.33503903218074,3.31674656817134,7.00435672173085
QR_motioncap_brushless_Light_top_NoWind_test5,top,5,2,2,-0.2,attitude_run_centered,164,2528,3.88983737752268,3.30322757428964,3.18624596552157,3.33503903218074,3.31674656817134,7.00435672173085
QR_motioncap_brushless_Light_top_NoWind_test5,top,5,2,2,-0.15,original_static,164,2528,5.33304742437531,5.07715934364214,4.02327995358388,3.32260612729724,3.30537627122354,7.00589087144333
QR_motioncap_brushless_Light_top_NoWind_test5,top,5,2,2,-0.15,attitude_absolute,164,2528,3.8663250504894,3.2825985536794,3.02773230045812,3.32260612729724,3.30537627122354,7.00589087144333
QR_motioncap_brushless_Light_top_NoWind_test5,top,5,2,2,-0.15,attitude_run_centered,164,2528,3.86736834721398,3.28187770437005,3.02853660512133,3.32260612729724,3.30537627122354,7.00589087144333
QR_motioncap_brushless_Light_top_NoWind_test5,top,5,2,2,-0.1,original_static,164,2527,5.33304742437531,5.07715934364214,3.94459517318314,3.31161276864471,3.29515837441949,7.00781885577006
QR_motioncap_brushless_Light_top_NoWind_test5,top,5,2,2,-0.1,attitude_absolute,164,2527,3.87357246669218,3.3041837791911,2.94040048070745,3.31161276864471,3.29515837441949,7.00781885577006
QR_motioncap_brushless_Light_top_NoWind_test5,top,5,2,2,-0.1,attitude_run_centered,164,2527,3.87458789332981,3.30344414573446,2.94125797502041,3.31161276864471,3.29515837441949,7.00781885577006
QR_motioncap_brushless_Light_top_NoWind_test5,top,5,2,2,-0.05,original_static,164,2527,5.33304742437531,5.07715934364214,3.90530418311949,3.30117846129109,3.28594635428098,7.00828384845727
QR_motioncap_brushless_Light_top_NoWind_test5,top,5,2,2,-0.05,attitude_absolute,164,2527,3.92167807108382,3.36823536567078,2.95411491483545,3.30117846129109,3.28594635428098,7.00828384845727
QR_motioncap_brushless_Light_top_NoWind_test5,top,5,2,2,-0.05,attitude_run_centered,164,2527,3.92257141612658,3.36753350351475,2.95493179339807,3.30117846129109,3.28594635428098,7.00828384845727
QR_motioncap_brushless_Light_top_NoWind_test5,top,5,2,2,0,original_static,164,2528,5.33304742437531,5.07715934364214,3.89953317057138,3.29419490149587,3.27980911108705,7.0072546631567
QR_motioncap_brushless_Light_top_NoWind_test5,top,5,2,2,0,attitude_absolute,164,2528,4.01210679606784,3.47811316176228,3.06538099236008,3.29419490149587,3.27980911108705,7.0072546631567
QR_motioncap_brushless_Light_top_NoWind_test5,top,5,2,2,0,attitude_run_centered,164,2528,4.01307584662119,3.47745625796888,3.06638428833052,3.29419490149587,3.27980911108705,7.0072546631567
QR_motioncap_brushless_Light_top_NoWind_test5,top,5,2,2,0.05,original_static,164,2528,5.33304742437531,5.07715934364214,3.93908719628181,3.29239203865426,3.27906059599798,7.00717207545642
QR_motioncap_brushless_Light_top_NoWind_test5,top,5,2,2,0.05,attitude_absolute,164,2528,4.12581064570008,3.62059116812729,3.25281543197456,3.29239203865426,3.27906059599798,7.00717207545642
QR_motioncap_brushless_Light_top_NoWind_test5,top,5,2,2,0.05,attitude_run_centered,164,2528,4.1267186737774,3.61998894441729,3.25380263689003,3.29239203865426,3.27906059599798,7.00717207545642
QR_motioncap_brushless_Light_top_NoWind_test5,top,5,2,2,0.1,original_static,164,2529,5.33304742437531,5.07715934364214,4.01165386449876,3.28993314903277,3.27762983474366,7.0059032354042
QR_motioncap_brushless_Light_top_NoWind_test5,top,5,2,2,0.1,attitude_absolute,164,2529,4.29477215535097,3.81647670891452,3.5254910360592,3.28993314903277,3.27762983474366,7.0059032354042
QR_motioncap_brushless_Light_top_NoWind_test5,top,5,2,2,0.1,attitude_run_centered,164,2529,4.29542971657195,3.81594012636082,3.52623450300722,3.28993314903277,3.27762983474366,7.0059032354042
QR_motioncap_brushless_Light_top_NoWind_test5,top,5,2,2,0.15,original_static,164,2527,5.33304742437531,5.07715934364214,4.11604169610802,3.28989819708318,3.27837808653234,7.00892343739637
QR_motioncap_brushless_Light_top_NoWind_test5,top,5,2,2,0.15,attitude_absolute,164,2527,4.49163901156089,4.04224770617966,3.85040727965772,3.28989819708318,3.27837808653234,7.00892343739637
QR_motioncap_brushless_Light_top_NoWind_test5,top,5,2,2,0.15,attitude_run_centered,164,2527,4.49230384185764,4.0417746731041,3.8512169065321,3.28989819708318,3.27837808653234,7.00892343739637
QR_motioncap_brushless_Light_top_NoWind_test5,top,5,2,2,0.2,original_static,164,2527,5.33304742437531,5.07715934364214,4.25115437480569,3.29018593303854,3.2794474229846,7.01007619932529
QR_motioncap_brushless_Light_top_NoWind_test5,top,5,2,2,0.2,attitude_absolute,164,2527,4.69782985574866,4.28351369274985,4.20294721090803,3.29018593303854,3.2794474229846,7.01007619932529
QR_motioncap_brushless_Light_top_NoWind_test5,top,5,2,2,0.2,attitude_run_centered,164,2527,4.69840564351533,4.28312025123925,4.20369366044162,3.29018593303854,3.2794474229846,7.01007619932529
QR_motioncap_brushless_Light_top_NoWind_test5,top,5,3,3,-0.2,original_static,166,2455,3.78039228224787,3.38569950737797,3.68239197593885,3.72052495260442,3.09107036949107,5.90174128629226
QR_motioncap_brushless_Light_top_NoWind_test5,top,5,3,3,-0.2,attitude_absolute,166,2455,4.2283726443194,3.04638374016164,2.98300975593719,3.72052495260442,3.09107036949107,5.90174128629226
QR_motioncap_brushless_Light_top_NoWind_test5,top,5,3,3,-0.2,attitude_run_centered,166,2455,4.21585521586014,3.04582801280692,2.99822205102479,3.72052495260442,3.09107036949107,5.90174128629226
QR_motioncap_brushless_Light_top_NoWind_test5,top,5,3,3,-0.15,original_static,166,2454,3.78039228224787,3.38569950737797,3.6226356382672,3.72328810628372,3.09351518201088,5.93526322891006
QR_motioncap_brushless_Light_top_NoWind_test5,top,5,3,3,-0.15,attitude_absolute,166,2454,4.27790491116118,3.09790894046407,2.96347527797075,3.72328810628372,3.09351518201088,5.93526322891006
QR_motioncap_brushless_Light_top_NoWind_test5,top,5,3,3,-0.15,attitude_run_centered,166,2454,4.26559805982759,3.09732330542967,2.97888207740998,3.72328810628372,3.09351518201088,5.93526322891006
QR_motioncap_brushless_Light_top_NoWind_test5,top,5,3,3,-0.1,original_static,166,2455,3.78039228224787,3.38569950737797,3.57106668251262,3.72583069714415,3.09550526528249,5.98402465469214
QR_motioncap_brushless_Light_top_NoWind_test5,top,5,3,3,-0.1,attitude_absolute,166,2455,4.34340005366727,3.17568122617993,2.96742483058956,3.72583069714415,3.09550526528249,5.98402465469214
QR_motioncap_brushless_Light_top_NoWind_test5,top,5,3,3,-0.1,attitude_run_centered,166,2455,4.33133654474884,3.17507812190803,2.98288826652901,3.72583069714415,3.09550526528249,5.98402465469214
QR_motioncap_brushless_Light_top_NoWind_test5,top,5,3,3,-0.05,original_static,166,2455,3.78039228224787,3.38569950737797,3.52821642413432,3.72751848118878,3.09579312382324,6.026499515593
QR_motioncap_brushless_Light_top_NoWind_test5,top,5,3,3,-0.05,attitude_absolute,166,2455,4.41334023364965,3.26229984797996,3.00658189611939,3.72751848118878,3.09579312382324,6.026499515593
QR_motioncap_brushless_Light_top_NoWind_test5,top,5,3,3,-0.05,attitude_run_centered,166,2455,4.40159326602014,3.26168743798295,3.0220516574461,3.72751848118878,3.09579312382324,6.026499515593
QR_motioncap_brushless_Light_top_NoWind_test5,top,5,3,3,0,original_static,166,2454,3.78039228224787,3.38569950737797,3.49565857869779,3.73162615376346,3.09887844718032,6.06206320121607
QR_motioncap_brushless_Light_top_NoWind_test5,top,5,3,3,0,attitude_absolute,166,2454,4.49184356548918,3.35034861933039,3.07142504181126,3.73162615376346,3.09887844718032,6.06206320121607
QR_motioncap_brushless_Light_top_NoWind_test5,top,5,3,3,0,attitude_run_centered,166,2454,4.48034820684954,3.34974937432347,3.08666831626001,3.73162615376346,3.09887844718032,6.06206320121607
QR_motioncap_brushless_Light_top_NoWind_test5,top,5,3,3,0.05,original_static,166,2455,3.78039228224787,3.38569950737797,3.47243642143187,3.73327168303595,3.09876598648829,6.11419069490712
QR_motioncap_brushless_Light_top_NoWind_test5,top,5,3,3,0.05,attitude_absolute,166,2455,4.5924196250215,3.46670007435137,3.16596544884621,3.73327168303595,3.09876598648829,6.11419069490712
QR_motioncap_brushless_Light_top_NoWind_test5,top,5,3,3,0.05,attitude_run_centered,166,2455,4.58116993949085,3.46611988784066,3.18078089159752,3.73327168303595,3.09876598648829,6.11419069490712
QR_motioncap_brushless_Light_top_NoWind_test5,top,5,3,3,0.1,original_static,166,2454,3.78039228224787,3.38569950737797,3.46354916000747,3.73803103737521,3.10177214412121,6.14971138259825
QR_motioncap_brushless_Light_top_NoWind_test5,top,5,3,3,0.1,attitude_absolute,166,2454,4.68519193717199,3.57639013910294,3.28355505612778,3.73803103737521,3.10177214412121,6.14971138259825
QR_motioncap_brushless_Light_top_NoWind_test5,top,5,3,3,0.1,attitude_run_centered,166,2454,4.67427422574923,3.57583424438708,3.298061349473,3.73803103737521,3.10177214412121,6.14971138259825
QR_motioncap_brushless_Light_top_NoWind_test5,top,5,3,3,0.15,original_static,166,2455,3.78039228224787,3.38569950737797,3.46278049185091,3.74183375545394,3.10370289919846,6.19924526295082
QR_motioncap_brushless_Light_top_NoWind_test5,top,5,3,3,0.15,attitude_absolute,166,2455,4.78335041808877,3.68660562510721,3.41592360046085,3.74183375545394,3.10370289919846,6.19924526295082
QR_motioncap_brushless_Light_top_NoWind_test5,top,5,3,3,0.15,attitude_run_centered,166,2455,4.77268701899109,3.6860955117751,3.42997886943066,3.74183375545394,3.10370289919846,6.19924526295082
QR_motioncap_brushless_Light_top_NoWind_test5,top,5,3,3,0.2,original_static,166,2455,3.78039228224787,3.38569950737797,3.47132986763719,3.74537169472138,3.10577942596892,6.23726142665141
QR_motioncap_brushless_Light_top_NoWind_test5,top,5,3,3,0.2,attitude_absolute,166,2455,4.89734820531326,3.81604460222958,3.57471686989873,3.74537169472138,3.10577942596892,6.23726142665141
QR_motioncap_brushless_Light_top_NoWind_test5,top,5,3,3,0.2,attitude_run_centered,166,2455,4.88697909981054,3.81557429519008,3.588268118494,3.74537169472138,3.10577942596892,6.23726142665141
QR_motioncap_brushless_Light_top_NoWind_test5,top,5,4,4,-0.2,original_static,126,2470,6.60676187731181,5.27897365749107,5.83044201504021,3.5194129692973,3.47769913978033,10.2951570505216
QR_motioncap_brushless_Light_top_NoWind_test5,top,5,4,4,-0.2,attitude_absolute,126,2470,4.93344510299989,4.43500170639609,3.68002524167147,3.5194129692973,3.47769913978033,10.2951570505216
QR_motioncap_brushless_Light_top_NoWind_test5,top,5,4,4,-0.2,attitude_run_centered,126,2470,4.93374593687759,4.43414887192672,3.67884572391203,3.5194129692973,3.47769913978033,10.2951570505216
QR_motioncap_brushless_Light_top_NoWind_test5,top,5,4,4,-0.15,original_static,126,2469,6.60676187731181,5.27897365749107,5.83937518528394,3.55954558757758,3.51744860626543,10.3054248022392
QR_motioncap_brushless_Light_top_NoWind_test5,top,5,4,4,-0.15,attitude_absolute,126,2469,4.87097611417041,4.37220477618293,3.61940204284827,3.55954558757758,3.51744860626543,10.3054248022392
QR_motioncap_brushless_Light_top_NoWind_test5,top,5,4,4,-0.15,attitude_run_centered,126,2469,4.87134700774153,4.37129207337778,3.6181399709287,3.55954558757758,3.51744860626543,10.3054248022392
QR_motioncap_brushless_Light_top_NoWind_test5,top,5,4,4,-0.1,original_static,126,2470,6.60676187731181,5.27897365749107,5.87427352474579,3.56238678454089,3.52122957235066,10.3109077971414
QR_motioncap_brushless_Light_top_NoWind_test5,top,5,4,4,-0.1,attitude_absolute,126,2470,4.83199573217288,4.33182048947865,3.58971898576412,3.56238678454089,3.52122957235066,10.3109077971414
QR_motioncap_brushless_Light_top_NoWind_test5,top,5,4,4,-0.1,attitude_run_centered,126,2470,4.83238669331673,4.33091156645444,3.58827528888484,3.56238678454089,3.52122957235066,10.3109077971414
QR_motioncap_brushless_Light_top_NoWind_test5,top,5,4,4,-0.05,original_static,126,2471,6.60676187731181,5.27897365749107,5.92599651732889,3.55244638567356,3.51415627735514,10.3156554683941
QR_motioncap_brushless_Light_top_NoWind_test5,top,5,4,4,-0.05,attitude_absolute,126,2471,4.8194671930948,4.31633968721426,3.61005981735746,3.55244638567356,3.51415627735514,10.3156554683941
QR_motioncap_brushless_Light_top_NoWind_test5,top,5,4,4,-0.05,attitude_run_centered,126,2471,4.81968067790697,4.31543509186115,3.6083413326329,3.55244638567356,3.51415627735514,10.3156554683941
QR_motioncap_brushless_Light_top_NoWind_test5,top,5,4,4,0,original_static,126,2470,6.60676187731181,5.27897365749107,6.00300633889513,3.52775939066279,3.49129568466978,10.3196629043934
QR_motioncap_brushless_Light_top_NoWind_test5,top,5,4,4,0,attitude_absolute,126,2470,4.82475977347215,4.31894334963007,3.65053529277319,3.52775939066279,3.49129568466978,10.3196629043934
QR_motioncap_brushless_Light_top_NoWind_test5,top,5,4,4,0,attitude_run_centered,126,2470,4.82475539761048,4.31807388739818,3.6484840948606,3.52775939066279,3.49129568466978,10.3196629043934
QR_motioncap_brushless_Light_top_NoWind_test5,top,5,4,4,0.05,original_static,126,2470,6.60676187731181,5.27897365749107,6.07249968684249,3.50215890693001,3.46767960720124,10.3229400406415
QR_motioncap_brushless_Light_top_NoWind_test5,top,5,4,4,0.05,attitude_absolute,126,2470,4.85797030956412,4.35096429628107,3.69916589974248,3.50215890693001,3.46767960720124,10.3229400406415
QR_motioncap_brushless_Light_top_NoWind_test5,top,5,4,4,0.05,attitude_run_centered,126,2470,4.85777690379772,4.35014750977368,3.69698176934009,3.50215890693001,3.46767960720124,10.3229400406415
QR_motioncap_brushless_Light_top_NoWind_test5,top,5,4,4,0.1,original_static,126,2470,6.60676187731181,5.27897365749107,6.15603150545926,3.48268946416942,3.4494766729959,10.3262095714727
QR_motioncap_brushless_Light_top_NoWind_test5,top,5,4,4,0.1,attitude_absolute,126,2470,4.91574207370719,4.40958064703054,3.81889061545952,3.48268946416942,3.4494766729959,10.3262095714727
QR_motioncap_brushless_Light_top_NoWind_test5,top,5,4,4,0.1,attitude_run_centered,126,2470,4.91529418108229,4.4088146979053,3.81652115685893,3.48268946416942,3.4494766729959,10.3262095714727
QR_motioncap_brushless_Light_top_NoWind_test5,top,5,4,4,0.15,original_static,126,2471,6.60676187731181,5.27897365749107,6.26601281375916,3.47411522083352,3.44397123556508,10.328699881505
QR_motioncap_brushless_Light_top_NoWind_test5,top,5,4,4,0.15,attitude_absolute,126,2471,5.00416396395498,4.5043040564951,4.01222318899308,3.47411522083352,3.44397123556508,10.328699881505
QR_motioncap_brushless_Light_top_NoWind_test5,top,5,4,4,0.15,attitude_run_centered,126,2471,5.00352624673821,4.50363184192567,4.00977706004253,3.47411522083352,3.44397123556508,10.328699881505
QR_motioncap_brushless_Light_top_NoWind_test5,top,5,4,4,0.2,original_static,126,2470,6.60676187731181,5.27897365749107,6.37899831116857,3.46110394185408,3.43382698603642,10.3322972367142
QR_motioncap_brushless_Light_top_NoWind_test5,top,5,4,4,0.2,attitude_absolute,126,2470,5.11265789885701,4.62513790668689,4.25032353723444,3.46110394185408,3.43382698603642,10.3322972367142
QR_motioncap_brushless_Light_top_NoWind_test5,top,5,4,4,0.2,attitude_run_centered,126,2470,5.11195202843547,4.62454974422004,4.24803280621043,3.46110394185408,3.43382698603642,10.3322972367142
QR_motioncap_brushless_Light_top_NoWind_test5,top,5,5,5,-0.2,original_static,169,2466,3.09927088234249,2.92780574582017,2.40358167433167,2.00315413530795,1.93779358862718,4.02650846620065
QR_motioncap_brushless_Light_top_NoWind_test5,top,5,5,5,-0.2,attitude_absolute,169,2466,2.46225987593766,2.08915373166598,1.79763861588956,2.00315413530795,1.93779358862718,4.02650846620065
QR_motioncap_brushless_Light_top_NoWind_test5,top,5,5,5,-0.2,attitude_run_centered,169,2466,2.47038978514197,2.08886571024174,1.80885791537939,2.00315413530795,1.93779358862718,4.02650846620065
QR_motioncap_brushless_Light_top_NoWind_test5,top,5,5,5,-0.15,original_static,169,2467,3.09927088234249,2.92780574582017,2.37126491862349,1.97720705844797,1.91112350286298,4.02124514582458
QR_motioncap_brushless_Light_top_NoWind_test5,top,5,5,5,-0.15,attitude_absolute,169,2467,2.43015103161988,2.05262245830929,1.71938319102468,1.97720705844797,1.91112350286298,4.02124514582458
QR_motioncap_brushless_Light_top_NoWind_test5,top,5,5,5,-0.15,attitude_run_centered,169,2467,2.43839291392373,2.05232140308503,1.73112715525481,1.97720705844797,1.91112350286298,4.02124514582458
QR_motioncap_brushless_Light_top_NoWind_test5,top,5,5,5,-0.1,original_static,169,2467,3.09927088234249,2.92780574582017,2.34500530971183,1.95202049634457,1.88560631852236,4.01684854555102
QR_motioncap_brushless_Light_top_NoWind_test5,top,5,5,5,-0.1,attitude_absolute,169,2467,2.41202959168437,2.03676072931949,1.67257987497822,1.95202049634457,1.88560631852236,4.01684854555102
QR_motioncap_brushless_Light_top_NoWind_test5,top,5,5,5,-0.1,attitude_run_centered,169,2467,2.42023682420262,2.03645730822571,1.68453969547566,1.95202049634457,1.88560631852236,4.01684854555102
QR_motioncap_brushless_Light_top_NoWind_test5,top,5,5,5,-0.05,original_static,169,2467,3.09927088234249,2.92780574582017,2.33244618006627,1.92325440516343,1.85614804064682,4.01282418792138
QR_motioncap_brushless_Light_top_NoWind_test5,top,5,5,5,-0.05,attitude_absolute,169,2467,2.41380206290196,2.04219057759728,1.67150696159575,1.92325440516343,1.85614804064682,4.01282418792138
QR_motioncap_brushless_Light_top_NoWind_test5,top,5,5,5,-0.05,attitude_run_centered,169,2467,2.42187516781357,2.04188479024548,1.68332724316134,1.92325440516343,1.85614804064682,4.01282418792138
QR_motioncap_brushless_Light_top_NoWind_test5,top,5,5,5,0,original_static,169,2465,3.09927088234249,2.92780574582017,2.3324967782719,1.89377985012664,1.82584504713827,4.00935318440547
QR_motioncap_brushless_Light_top_NoWind_test5,top,5,5,5,0,attitude_absolute,169,2465,2.43762868704047,2.07206532198877,1.7179850167142,1.89377985012664,1.82584504713827,4.00935318440547
QR_motioncap_brushless_Light_top_NoWind_test5,top,5,5,5,0,attitude_run_centered,169,2465,2.44564936345716,2.07177100162181,1.72954558409895,1.89377985012664,1.82584504713827,4.00935318440547
QR_motioncap_brushless_Light_top_NoWind_test5,top,5,5,5,0.05,original_static,169,2466,3.09927088234249,2.92780574582017,2.33962998772126,1.86415027633593,1.79559479089101,4.00634747431576
QR_motioncap_brushless_Light_top_NoWind_test5,top,5,5,5,0.05,attitude_absolute,169,2466,2.47813549112696,2.12629276779534,1.79878759028227,1.86415027633593,1.79559479089101,4.00634747431576
QR_motioncap_brushless_Light_top_NoWind_test5,top,5,5,5,0.05,attitude_run_centered,169,2466,2.48591052873049,2.12602433957723,1.80972004516055,1.86415027633593,1.79559479089101,4.00634747431576
QR_motioncap_brushless_Light_top_NoWind_test5,top,5,5,5,0.1,original_static,169,2467,3.09927088234249,2.92780574582017,2.36102353158131,1.83458086302949,1.76475566186897,4.00297711385623
QR_motioncap_brushless_Light_top_NoWind_test5,top,5,5,5,0.1,attitude_absolute,169,2467,2.53689533373144,2.19915543513623,1.91427073596996,1.83458086302949,1.76475566186897,4.00297711385623
QR_motioncap_brushless_Light_top_NoWind_test5,top,5,5,5,0.1,attitude_run_centered,169,2467,2.54434683741938,2.19890786927313,1.92440435872876,1.83458086302949,1.76475566186897,4.00297711385623
QR_motioncap_brushless_Light_top_NoWind_test5,top,5,5,5,0.15,original_static,169,2466,3.09927088234249,2.92780574582017,2.39183404221494,1.80380783786824,1.73277387070212,4.0010110523251
QR_motioncap_brushless_Light_top_NoWind_test5,top,5,5,5,0.15,attitude_absolute,169,2466,2.61398081370087,2.29097063149451,2.06072282908977,1.80380783786824,1.73277387070212,4.0010110523251
QR_motioncap_brushless_Light_top_NoWind_test5,top,5,5,5,0.15,attitude_run_centered,169,2466,2.62125107097626,2.29075898729179,2.07021271093386,1.80380783786824,1.73277387070212,4.0010110523251
QR_motioncap_brushless_Light_top_NoWind_test5,top,5,5,5,0.2,original_static,169,2466,3.09927088234249,2.92780574582017,2.43182814973901,1.77618290031242,1.70400040973396,3.99887336388455
QR_motioncap_brushless_Light_top_NoWind_test5,top,5,5,5,0.2,attitude_absolute,169,2466,2.70055246832398,2.39625034268416,2.22551876386898,1.77618290031242,1.70400040973396,3.99887336388455
QR_motioncap_brushless_Light_top_NoWind_test5,top,5,5,5,0.2,attitude_run_centered,169,2466,2.70748922066461,2.39609046794705,2.23424950483857,1.77618290031242,1.70400040973396,3.99887336388455
